/*
 Navicat Premium Data Transfer

 Source Server         : localhost
 Source Server Type    : MySQL
 Source Server Version : 80033 (8.0.33-0ubuntu0.22.10.2)
 Source Host           : 43.139.217.186:3306
 Source Schema         : carbon

 Target Server Type    : MySQL
 Target Server Version : 80033 (8.0.33-0ubuntu0.22.10.2)
 File Encoding         : 65001

 Date: 28/07/2023 22:13:08
*/

SET NAMES utf8mb4;
SET FOREIGN_KEY_CHECKS = 0;

-- ----------------------------
-- Table structure for carbon_card
-- ----------------------------
DROP TABLE IF EXISTS `carbon_card`;
CREATE TABLE `carbon_card`  (
  `id` int NOT NULL AUTO_INCREMENT COMMENT '纪念卡片ID',
  `level` int NOT NULL COMMENT '纪念卡星数',
  `name` varchar(50) CHARACTER SET utf8mb4 COLLATE utf8mb4_0900_ai_ci NOT NULL COMMENT '纪念卡名称',
  `description` text CHARACTER SET utf8mb4 COLLATE utf8mb4_0900_ai_ci NULL COMMENT '纪念卡描述',
  `url` text CHARACTER SET utf8mb4 COLLATE utf8mb4_0900_ai_ci NULL COMMENT '纪念卡图标',
  `category` varchar(50) CHARACTER SET utf8mb4 COLLATE utf8mb4_0900_ai_ci NOT NULL COMMENT '纪念卡分类',
  PRIMARY KEY (`id`) USING BTREE
) ENGINE = InnoDB AUTO_INCREMENT = 10 CHARACTER SET = utf8mb4 COLLATE = utf8mb4_0900_ai_ci COMMENT = '纪念卡数据表' ROW_FORMAT = Dynamic;

-- ----------------------------
-- Records of carbon_card
-- ----------------------------
INSERT INTO `carbon_card` VALUES (1, 3, '低碳使者', '绿色出行 低碳使者 智慧先锋', NULL, '绿色环保');
INSERT INTO `carbon_card` VALUES (2, 1, '低碳王者', '你真的很低碳', 'https://blog-1304715799.cos.ap-nanjing.myqcloud.com/imgs/53611690536556910.jpg', '钟文慧');
INSERT INTO `carbon_card` VALUES (9, 3, '测试', '测试', 'https://blog-1304715799.cos.ap-nanjing.myqcloud.com/imgs/60971690546884966.jpg', '测试');

-- ----------------------------
-- Table structure for carbon_card_category
-- ----------------------------
DROP TABLE IF EXISTS `carbon_card_category`;
CREATE TABLE `carbon_card_category`  (
  `id` int NOT NULL AUTO_INCREMENT COMMENT '纪念卡分类ID',
  `name` varchar(50) CHARACTER SET utf8mb4 COLLATE utf8mb4_0900_ai_ci NOT NULL COMMENT '分类名称',
  `description` text CHARACTER SET utf8mb4 COLLATE utf8mb4_0900_ai_ci NOT NULL COMMENT '分类描述',
  PRIMARY KEY (`id`) USING BTREE
) ENGINE = InnoDB AUTO_INCREMENT = 3 CHARACTER SET = utf8mb4 COLLATE = utf8mb4_0900_ai_ci COMMENT = '纪念卡分类数据表' ROW_FORMAT = Dynamic;

-- ----------------------------
-- Records of carbon_card_category
-- ----------------------------
INSERT INTO `carbon_card_category` VALUES (1, '绿色环保', '绿色环保 促使低碳出行');
INSERT INTO `carbon_card_category` VALUES (2, '工业小清新', '只有让工业更加的绿色化');

-- ----------------------------
-- Table structure for carbon_emission_resource
-- ----------------------------
DROP TABLE IF EXISTS `carbon_emission_resource`;
CREATE TABLE `carbon_emission_resource`  (
  `emission_id` int NOT NULL COMMENT '排放资源的ID',
  `enterprise_id` int NULL DEFAULT NULL COMMENT '企业的ID',
  `enterprise_address` varchar(255) CHARACTER SET utf8mb4 COLLATE utf8mb4_0900_ai_ci NULL DEFAULT NULL COMMENT '排放的企业',
  `emissions` bigint NULL DEFAULT NULL COMMENT '排放的量',
  `description` varchar(255) CHARACTER SET utf8mb4 COLLATE utf8mb4_0900_ai_ci NULL DEFAULT NULL COMMENT '排放的资源描述',
  `emission_way` varchar(255) CHARACTER SET utf8mb4 COLLATE utf8mb4_0900_ai_ci NULL DEFAULT NULL COMMENT '排放的方式',
  `is_approve` int NULL DEFAULT NULL COMMENT '是否批准排放',
  `emission_time` datetime NULL DEFAULT NULL COMMENT '排放时间',
  PRIMARY KEY (`emission_id`) USING BTREE,
  INDEX `enterprise`(`enterprise_id` ASC) USING BTREE,
  CONSTRAINT `enterprise` FOREIGN KEY (`enterprise_id`) REFERENCES `carbon_enterprise` (`enterprise_id`) ON DELETE RESTRICT ON UPDATE RESTRICT
) ENGINE = InnoDB CHARACTER SET = utf8mb4 COLLATE = utf8mb4_0900_ai_ci COMMENT = '企业排放资源' ROW_FORMAT = DYNAMIC;

-- ----------------------------
-- Records of carbon_emission_resource
-- ----------------------------
INSERT INTO `carbon_emission_resource` VALUES (1, 1, '0x32d45563a364b56ba2d8fb73b1970399b23d3330', 100, '废料排放', '直接排放', 1, '2023-07-15 15:28:31');
INSERT INTO `carbon_emission_resource` VALUES (2, 1, '0x32d45563a364b56ba2d8fb73b1970399b23d3330', 100, '环保垃圾', '焚烧排放', 1, '2023-07-15 15:28:40');
INSERT INTO `carbon_emission_resource` VALUES (3, 1, '0x32d45563a364b56ba2d8fb73b1970399b23d3330', 100, '工厂废水', '直接排放', 1, '2023-07-15 15:41:52');

-- ----------------------------
-- Table structure for carbon_enterprise
-- ----------------------------
DROP TABLE IF EXISTS `carbon_enterprise`;
CREATE TABLE `carbon_enterprise`  (
  `enterprise_id` int NOT NULL COMMENT '企业ID',
  `enterprise_address` varchar(255) CHARACTER SET utf8mb4 COLLATE utf8mb4_0900_ai_ci NULL DEFAULT NULL COMMENT '企业账户地址',
  `priavate_key` varchar(255) CHARACTER SET utf8mb4 COLLATE utf8mb4_0900_ai_ci NULL DEFAULT NULL COMMENT '企业的私钥',
  `enterprise_name` varchar(100) CHARACTER SET utf8mb4 COLLATE utf8mb4_0900_ai_ci NULL DEFAULT NULL COMMENT '企业的名称',
  `enterprise_balance` bigint NULL DEFAULT NULL COMMENT '企业的余额',
  `enterprise_total_emission` bigint NULL DEFAULT NULL COMMENT '总需排放的量',
  `enterprise_over_emission` bigint NULL DEFAULT NULL COMMENT '已完成的排放量',
  `enterprise_carbon_credits` bigint NULL DEFAULT NULL COMMENT '奖励积分',
  `enterprise_verified` int NULL DEFAULT NULL COMMENT '是否通过审核',
  `user_type` int NULL DEFAULT NULL COMMENT '账户角色',
  `qualification_id` int NULL DEFAULT NULL COMMENT '资质信息ID',
  PRIMARY KEY (`enterprise_id`) USING BTREE,
  INDEX `idx_address`(`enterprise_address` ASC) USING BTREE
) ENGINE = InnoDB CHARACTER SET = utf8mb4 COLLATE = utf8mb4_0900_ai_ci COMMENT = '企业信息表' ROW_FORMAT = DYNAMIC;

-- ----------------------------
-- Records of carbon_enterprise
-- ----------------------------
INSERT INTO `carbon_enterprise` VALUES (1, '0x7cf53f4db904ef5b8b21c940af7b5a335a134892', '1703846688c657b9e66d6da9b305b5dda3dc28c9eab028ee9a5ca44d13c4193d', '珠海市有限公司', 0, 0, 0, 0, 1, 1, 1);

-- ----------------------------
-- Table structure for carbon_enterprise_asset
-- ----------------------------
DROP TABLE IF EXISTS `carbon_enterprise_asset`;
CREATE TABLE `carbon_enterprise_asset`  (
  `asset_id` int NOT NULL COMMENT '企业出售碳资产的列表ID',
  `enterprise_id` int NULL DEFAULT NULL COMMENT '企业的ID',
  `enterprise_address` varchar(255) CHARACTER SET utf8mb4 COLLATE utf8mb4_0900_ai_ci NULL DEFAULT NULL COMMENT '企业出售碳资产的账户地址',
  `asset_quantity` bigint NULL DEFAULT NULL COMMENT '企业出售碳资产的数量',
  `asset_amount` bigint NULL DEFAULT NULL COMMENT '企业出售碳资产的价钱',
  `time` datetime NULL DEFAULT NULL COMMENT '企业出售碳资产的时间',
  `status` int NULL DEFAULT NULL COMMENT '出售订单的状态',
  PRIMARY KEY (`asset_id`) USING BTREE,
  INDEX `enterprise_id`(`enterprise_id` ASC) USING BTREE,
  CONSTRAINT `enterprise_id` FOREIGN KEY (`enterprise_id`) REFERENCES `carbon_enterprise` (`enterprise_id`) ON DELETE RESTRICT ON UPDATE RESTRICT
) ENGINE = InnoDB CHARACTER SET = utf8mb4 COLLATE = utf8mb4_0900_ai_ci COMMENT = '企业出售资产表' ROW_FORMAT = DYNAMIC;

-- ----------------------------
-- Records of carbon_enterprise_asset
-- ----------------------------

-- ----------------------------
-- Table structure for carbon_industry
-- ----------------------------
DROP TABLE IF EXISTS `carbon_industry`;
CREATE TABLE `carbon_industry`  (
  `id` int NOT NULL AUTO_INCREMENT COMMENT '行业分类ID',
  `name` varchar(100) CHARACTER SET utf8mb4 COLLATE utf8mb4_0900_ai_ci NULL DEFAULT NULL COMMENT '行业名称',
  `description` varchar(255) CHARACTER SET utf8mb4 COLLATE utf8mb4_0900_ai_ci NULL DEFAULT NULL COMMENT '行业描述',
  PRIMARY KEY (`id`) USING BTREE
) ENGINE = InnoDB AUTO_INCREMENT = 4 CHARACTER SET = utf8mb4 COLLATE = utf8mb4_0900_ai_ci COMMENT = '行业分类表单' ROW_FORMAT = Dynamic;

-- ----------------------------
-- Records of carbon_industry
-- ----------------------------
INSERT INTO `carbon_industry` VALUES (1, '计算机', '电子信息技术类 + 人工智能');
INSERT INTO `carbon_industry` VALUES (3, '电子商务', '电子商务 直播');

-- ----------------------------
-- Table structure for carbon_qualification
-- ----------------------------
DROP TABLE IF EXISTS `carbon_qualification`;
CREATE TABLE `carbon_qualification`  (
  `qualification_id` int NOT NULL COMMENT '资质ID',
  `qualification_name` varchar(255) CHARACTER SET utf8mb4 COLLATE utf8mb4_0900_ai_ci NULL DEFAULT NULL COMMENT '企业名称',
  `qualification_content` varchar(255) CHARACTER SET utf8mb4 COLLATE utf8mb4_0900_ai_ci NULL DEFAULT NULL COMMENT '社会信用代码',
  `qualification_leader` varchar(100) CHARACTER SET utf8mb4 COLLATE utf8mb4_0900_ai_ci NULL DEFAULT NULL COMMENT '法定代表人',
  `qualification_address` varchar(255) CHARACTER SET utf8mb4 COLLATE utf8mb4_0900_ai_ci NULL DEFAULT NULL COMMENT '注册地址',
  `qualification_industry` varchar(255) CHARACTER SET utf8mb4 COLLATE utf8mb4_0900_ai_ci NULL DEFAULT NULL COMMENT '所属的行业',
  `qualification_user_name` varchar(100) CHARACTER SET utf8mb4 COLLATE utf8mb4_0900_ai_ci NULL DEFAULT NULL COMMENT '联系人姓名',
  `qualification_user_email` varchar(255) CHARACTER SET utf8mb4 COLLATE utf8mb4_0900_ai_ci NULL DEFAULT NULL COMMENT '联系人邮箱',
  `qualification_url` text CHARACTER SET utf8mb4 COLLATE utf8mb4_0900_ai_ci NULL COMMENT '资质的图片认证URL\n',
  `qualification_upload_time` datetime NULL DEFAULT NULL COMMENT '上传时间',
  `qualification_audit_time` datetime NULL DEFAULT NULL COMMENT '审核时间',
  `qualification_verified_regulator` varchar(255) CHARACTER SET utf8mb4 COLLATE utf8mb4_0900_ai_ci NULL DEFAULT NULL COMMENT '审核的监管机构地址',
  `qualification_emission_limit` bigint NULL DEFAULT NULL COMMENT '碳排放额度',
  PRIMARY KEY (`qualification_id`) USING BTREE
) ENGINE = InnoDB CHARACTER SET = utf8mb4 COLLATE = utf8mb4_0900_ai_ci COMMENT = '企业资质信息表' ROW_FORMAT = DYNAMIC;

-- ----------------------------
-- Records of carbon_qualification
-- ----------------------------
INSERT INTO `carbon_qualification` VALUES (1, '珠海市有限公司', '44165721613612', '张宇豪', 'Chinases', '计算机', 'yuhao zhang', '2756864799@qq.com', 'https://blog-1304715799.cos.ap-nanjing.myqcloud.com/imgs/62731690533457213.jpg', '2023-07-28 16:37:58', '2023-07-28 16:38:53', '0xd4691e2fafa176089bdb11b805e18a61eb67f9f1', 1000);

-- ----------------------------
-- Table structure for carbon_regulator
-- ----------------------------
DROP TABLE IF EXISTS `carbon_regulator`;
CREATE TABLE `carbon_regulator`  (
  `regulator_id` int NOT NULL COMMENT '监管机构ID',
  `regulator_address` varchar(255) CHARACTER SET utf8mb4 COLLATE utf8mb4_0900_ai_ci NULL DEFAULT NULL COMMENT '监管机构账户地址',
  `regulator_name` varchar(100) CHARACTER SET utf8mb4 COLLATE utf8mb4_0900_ai_ci NULL DEFAULT NULL COMMENT '部门名称',
  `private_key` varchar(255) CHARACTER SET utf8mb4 COLLATE utf8mb4_0900_ai_ci NOT NULL COMMENT '机构私钥',
  `user_type` int NULL DEFAULT NULL COMMENT '账户类型',
  PRIMARY KEY (`regulator_id`) USING BTREE
) ENGINE = InnoDB CHARACTER SET = utf8mb4 COLLATE = utf8mb4_0900_ai_ci COMMENT = '监管机构信息表' ROW_FORMAT = DYNAMIC;

-- ----------------------------
-- Records of carbon_regulator
-- ----------------------------
INSERT INTO `carbon_regulator` VALUES (1, '0xd4691e2fafa176089bdb11b805e18a61eb67f9f1', '珠海市监管机构', '5a89d8b250c33bc70ee96b3fb39fb8f3ca9133b6cabef0c0562d94609cd378ea', 2);

-- ----------------------------
-- Table structure for carbon_resource_type
-- ----------------------------
DROP TABLE IF EXISTS `carbon_resource_type`;
CREATE TABLE `carbon_resource_type`  (
  `id` int NOT NULL AUTO_INCREMENT COMMENT '资源类型ID',
  `resource_type` varchar(50) CHARACTER SET utf8mb4 COLLATE utf8mb4_0900_ai_ci NOT NULL COMMENT '资源类型',
  `category` varchar(50) CHARACTER SET utf8mb4 COLLATE utf8mb4_0900_ai_ci NOT NULL COMMENT '资源大类',
  `description` text CHARACTER SET utf8mb4 COLLATE utf8mb4_0900_ai_ci NULL COMMENT '描述',
  `created_at` timestamp NULL DEFAULT CURRENT_TIMESTAMP,
  `updated_at` timestamp NULL DEFAULT CURRENT_TIMESTAMP ON UPDATE CURRENT_TIMESTAMP,
  PRIMARY KEY (`id`) USING BTREE
) ENGINE = InnoDB AUTO_INCREMENT = 4 CHARACTER SET = utf8mb4 COLLATE = utf8mb4_0900_ai_ci COMMENT = '资源类型数据表' ROW_FORMAT = Dynamic;

-- ----------------------------
-- Records of carbon_resource_type
-- ----------------------------
INSERT INTO `carbon_resource_type` VALUES (1, '塑料袋', '燃烧类', '难讲解的塑料袋使用燃烧', '2023-07-25 15:16:11', '2023-07-25 15:16:11');
INSERT INTO `carbon_resource_type` VALUES (2, '废水', '工业生产', '废水属于是工业生产的大类', '2023-07-25 15:16:52', '2023-07-25 15:16:52');
INSERT INTO `carbon_resource_type` VALUES (3, '汽车尾气', '交通大类', '汽车的尾气是属于交通大类', '2023-07-25 15:17:41', '2023-07-25 15:17:41');

-- ----------------------------
-- Table structure for carbon_transaction
-- ----------------------------
DROP TABLE IF EXISTS `carbon_transaction`;
CREATE TABLE `carbon_transaction`  (
  `transaction_id` int NOT NULL COMMENT '订单的交易ID',
  `tx_hash` text CHARACTER SET utf8mb4 COLLATE utf8mb4_0900_ai_ci NULL COMMENT '交易hash',
  `buyer_id` int NULL DEFAULT NULL COMMENT '买家ID',
  `seller_id` int NULL DEFAULT NULL COMMENT '卖家的ID',
  `transaction_order_name` varchar(255) CHARACTER SET utf8mb4 COLLATE utf8mb4_0900_ai_ci NULL DEFAULT NULL COMMENT '订单的名字',
  `buy_address` varchar(255) CHARACTER SET utf8mb4 COLLATE utf8mb4_0900_ai_ci NULL DEFAULT NULL COMMENT '买家地址',
  `seller_address` varchar(255) CHARACTER SET utf8mb4 COLLATE utf8mb4_0900_ai_ci NULL DEFAULT NULL COMMENT '卖家地址',
  `transaction_time` datetime NULL DEFAULT NULL COMMENT '订单创建时间',
  `transaction_quantity` varchar(255) CHARACTER SET utf8mb4 COLLATE utf8mb4_0900_ai_ci NULL DEFAULT NULL COMMENT '购买碳额度的数量',
  PRIMARY KEY (`transaction_id`) USING BTREE,
  INDEX `buyer_id`(`buyer_id` ASC) USING BTREE,
  INDEX `seller_id`(`seller_id` ASC) USING BTREE
) ENGINE = InnoDB CHARACTER SET = utf8mb4 COLLATE = utf8mb4_0900_ai_ci COMMENT = '交易碳额度记录表' ROW_FORMAT = DYNAMIC;

-- ----------------------------
-- Records of carbon_transaction
-- ----------------------------

-- ----------------------------
-- Table structure for emission_method
-- ----------------------------
DROP TABLE IF EXISTS `emission_method`;
CREATE TABLE `emission_method`  (
  `id` int NOT NULL AUTO_INCREMENT COMMENT '排放的方式ID',
  `name` varchar(100) CHARACTER SET utf8mb4 COLLATE utf8mb4_0900_ai_ci NULL DEFAULT NULL COMMENT '排放的方式名称',
  `description` text CHARACTER SET utf8mb4 COLLATE utf8mb4_0900_ai_ci NULL COMMENT '排放方式的描述',
  PRIMARY KEY (`id`) USING BTREE
) ENGINE = InnoDB AUTO_INCREMENT = 4 CHARACTER SET = utf8mb4 COLLATE = utf8mb4_0900_ai_ci COMMENT = '排放方式的表' ROW_FORMAT = Dynamic;

-- ----------------------------
-- Records of emission_method
-- ----------------------------
INSERT INTO `emission_method` VALUES (1, '直接排放', '例如是废水');
INSERT INTO `emission_method` VALUES (2, '间接排放', '某物');
INSERT INTO `emission_method` VALUES (3, '燃烧', '塑料以及尼龙');

-- ----------------------------
-- Table structure for gen_table
-- ----------------------------
DROP TABLE IF EXISTS `gen_table`;
CREATE TABLE `gen_table`  (
  `table_id` bigint NOT NULL AUTO_INCREMENT COMMENT '编号',
  `table_name` varchar(200) CHARACTER SET utf8mb4 COLLATE utf8mb4_0900_ai_ci NULL DEFAULT '' COMMENT '表名称',
  `table_comment` varchar(500) CHARACTER SET utf8mb4 COLLATE utf8mb4_0900_ai_ci NULL DEFAULT '' COMMENT '表描述',
  `sub_table_name` varchar(64) CHARACTER SET utf8mb4 COLLATE utf8mb4_0900_ai_ci NULL DEFAULT NULL COMMENT '关联子表的表名',
  `sub_table_fk_name` varchar(64) CHARACTER SET utf8mb4 COLLATE utf8mb4_0900_ai_ci NULL DEFAULT NULL COMMENT '子表关联的外键名',
  `class_name` varchar(100) CHARACTER SET utf8mb4 COLLATE utf8mb4_0900_ai_ci NULL DEFAULT '' COMMENT '实体类名称',
  `tpl_category` varchar(200) CHARACTER SET utf8mb4 COLLATE utf8mb4_0900_ai_ci NULL DEFAULT 'crud' COMMENT '使用的模板（crud单表操作 tree树表操作）',
  `package_name` varchar(100) CHARACTER SET utf8mb4 COLLATE utf8mb4_0900_ai_ci NULL DEFAULT NULL COMMENT '生成包路径',
  `module_name` varchar(30) CHARACTER SET utf8mb4 COLLATE utf8mb4_0900_ai_ci NULL DEFAULT NULL COMMENT '生成模块名',
  `business_name` varchar(30) CHARACTER SET utf8mb4 COLLATE utf8mb4_0900_ai_ci NULL DEFAULT NULL COMMENT '生成业务名',
  `function_name` varchar(50) CHARACTER SET utf8mb4 COLLATE utf8mb4_0900_ai_ci NULL DEFAULT NULL COMMENT '生成功能名',
  `function_author` varchar(50) CHARACTER SET utf8mb4 COLLATE utf8mb4_0900_ai_ci NULL DEFAULT NULL COMMENT '生成功能作者',
  `gen_type` char(1) CHARACTER SET utf8mb4 COLLATE utf8mb4_0900_ai_ci NULL DEFAULT '0' COMMENT '生成代码方式（0zip压缩包 1自定义路径）',
  `gen_path` varchar(200) CHARACTER SET utf8mb4 COLLATE utf8mb4_0900_ai_ci NULL DEFAULT '/' COMMENT '生成路径（不填默认项目路径）',
  `options` varchar(1000) CHARACTER SET utf8mb4 COLLATE utf8mb4_0900_ai_ci NULL DEFAULT NULL COMMENT '其它生成选项',
  `create_by` varchar(64) CHARACTER SET utf8mb4 COLLATE utf8mb4_0900_ai_ci NULL DEFAULT '' COMMENT '创建者',
  `create_time` datetime NULL DEFAULT NULL COMMENT '创建时间',
  `update_by` varchar(64) CHARACTER SET utf8mb4 COLLATE utf8mb4_0900_ai_ci NULL DEFAULT '' COMMENT '更新者',
  `update_time` datetime NULL DEFAULT NULL COMMENT '更新时间',
  `remark` varchar(500) CHARACTER SET utf8mb4 COLLATE utf8mb4_0900_ai_ci NULL DEFAULT NULL COMMENT '备注',
  PRIMARY KEY (`table_id`) USING BTREE
) ENGINE = InnoDB AUTO_INCREMENT = 15 CHARACTER SET = utf8mb4 COLLATE = utf8mb4_0900_ai_ci COMMENT = '代码生成业务表' ROW_FORMAT = Dynamic;

-- ----------------------------
-- Records of gen_table
-- ----------------------------
INSERT INTO `gen_table` VALUES (1, 'carbon_emission_resource', '企业排放资源', NULL, NULL, 'CarbonEmissionResource', 'crud', 'com.ruoyi.carbon', 'carbon', 'resource', '企业排放资源', '张宇豪', '0', '/', '{\"parentMenuId\":\"\"}', 'admin', '2023-07-11 09:26:08', '', '2023-07-11 09:27:08', NULL);
INSERT INTO `gen_table` VALUES (2, 'carbon_enterprise', '企业信息表', NULL, NULL, 'CarbonEnterprise', 'crud', 'com.ruoyi.carbon', 'carbon', 'enterprise', '企业信息', '张宇豪', '0', '/', '{\"parentMenuId\":2000}', 'admin', '2023-07-11 09:26:08', '', '2023-07-11 09:32:47', NULL);
INSERT INTO `gen_table` VALUES (3, 'carbon_enterprise_asset', '企业出售资产表', NULL, NULL, 'CarbonEnterpriseAsset', 'crud', 'com.ruoyi.carbon', 'carbon', 'asset', '企业出售资产', '张宇豪', '0', '/', '{\"parentMenuId\":\"\"}', 'admin', '2023-07-11 09:26:08', '', '2023-07-11 09:27:37', NULL);
INSERT INTO `gen_table` VALUES (7, 'carbon_regulator', '监管机构信息表', NULL, NULL, 'CarbonRegulator', 'crud', 'com.ruoyi.carbon', 'carbon', 'regulator', '监管机构信息', 'å¼ å®è±ª', '0', '/', NULL, 'admin', '2023-07-11 10:33:06', '', NULL, NULL);
INSERT INTO `gen_table` VALUES (8, 'carbon_qualification', '企业资质信息表', '', '', 'CarbonQualification', 'crud', 'com.ruoyi.carbon', 'carbon', 'qualification', '企业资质信息', '张宇豪', '0', '/', '{\"parentMenuId\":\"\"}', 'admin', '2023-07-11 11:57:49', '', '2023-07-11 11:58:26', NULL);
INSERT INTO `gen_table` VALUES (9, 'carbon_transaction', '交易碳额度记录表', NULL, NULL, 'CarbonTransaction', 'crud', 'com.ruoyi.carbon', 'carbon', 'transaction', '交易碳额度记录', 'å¼ å®è±ª', '0', '/', NULL, 'admin', '2023-07-13 16:57:30', '', NULL, NULL);
INSERT INTO `gen_table` VALUES (10, 'carbon_industry', '行业分类表单', NULL, NULL, 'CarbonIndustry', 'crud', 'com.ruoyi.carbon', 'carbon', 'industry', '行业分类单', '张宇豪', '0', '/', '{\"parentMenuId\":2000}', 'admin', '2023-07-25 14:00:39', '', '2023-07-25 14:02:03', '');
INSERT INTO `gen_table` VALUES (11, 'carbon_resource_type', '资源类型数据表', NULL, NULL, 'CarbonResourceType', 'crud', 'com.ruoyi.carbon', 'carbon', 'type', '资源类型数据', '张宇豪', '0', '/', '{\"parentMenuId\":2000}', 'admin', '2023-07-25 14:52:25', '', '2023-07-25 15:12:38', NULL);
INSERT INTO `gen_table` VALUES (12, 'emission_method', '排放方式的表', NULL, NULL, 'EmissionMethod', 'crud', 'com.ruoyi.carbon', 'carbon', 'method', '排放方式的', '张宇豪', '0', '/', '{\"parentMenuId\":2000}', 'admin', '2023-07-25 15:22:17', '', '2023-07-25 15:22:55', NULL);
INSERT INTO `gen_table` VALUES (13, 'carbon_card', '纪念卡数据表', NULL, NULL, 'CarbonCard', 'crud', 'com.ruoyi.souvenir', 'souvenir', 'card', '纪念卡数据', '张宇豪', '0', '/', '{\"parentMenuId\":2000}', 'org', '2023-07-28 16:54:24', '', '2023-07-28 16:56:50', NULL);
INSERT INTO `gen_table` VALUES (14, 'carbon_card_category', '纪念卡分类数据表', NULL, NULL, 'CarbonCardCategory', 'crud', 'com.ruoyi.souvenir', 'souvenir', 'category', '纪念卡分类数据', '张宇豪', '0', '/', '{\"parentMenuId\":2000}', 'org', '2023-07-28 16:54:24', '', '2023-07-28 16:58:16', NULL);

-- ----------------------------
-- Table structure for gen_table_column
-- ----------------------------
DROP TABLE IF EXISTS `gen_table_column`;
CREATE TABLE `gen_table_column`  (
  `column_id` bigint NOT NULL AUTO_INCREMENT COMMENT '编号',
  `table_id` varchar(64) CHARACTER SET utf8mb4 COLLATE utf8mb4_0900_ai_ci NULL DEFAULT NULL COMMENT '归属表编号',
  `column_name` varchar(200) CHARACTER SET utf8mb4 COLLATE utf8mb4_0900_ai_ci NULL DEFAULT NULL COMMENT '列名称',
  `column_comment` varchar(500) CHARACTER SET utf8mb4 COLLATE utf8mb4_0900_ai_ci NULL DEFAULT NULL COMMENT '列描述',
  `column_type` varchar(100) CHARACTER SET utf8mb4 COLLATE utf8mb4_0900_ai_ci NULL DEFAULT NULL COMMENT '列类型',
  `java_type` varchar(500) CHARACTER SET utf8mb4 COLLATE utf8mb4_0900_ai_ci NULL DEFAULT NULL COMMENT 'JAVA类型',
  `java_field` varchar(200) CHARACTER SET utf8mb4 COLLATE utf8mb4_0900_ai_ci NULL DEFAULT NULL COMMENT 'JAVA字段名',
  `is_pk` char(1) CHARACTER SET utf8mb4 COLLATE utf8mb4_0900_ai_ci NULL DEFAULT NULL COMMENT '是否主键（1是）',
  `is_increment` char(1) CHARACTER SET utf8mb4 COLLATE utf8mb4_0900_ai_ci NULL DEFAULT NULL COMMENT '是否自增（1是）',
  `is_required` char(1) CHARACTER SET utf8mb4 COLLATE utf8mb4_0900_ai_ci NULL DEFAULT NULL COMMENT '是否必填（1是）',
  `is_insert` char(1) CHARACTER SET utf8mb4 COLLATE utf8mb4_0900_ai_ci NULL DEFAULT NULL COMMENT '是否为插入字段（1是）',
  `is_edit` char(1) CHARACTER SET utf8mb4 COLLATE utf8mb4_0900_ai_ci NULL DEFAULT NULL COMMENT '是否编辑字段（1是）',
  `is_list` char(1) CHARACTER SET utf8mb4 COLLATE utf8mb4_0900_ai_ci NULL DEFAULT NULL COMMENT '是否列表字段（1是）',
  `is_query` char(1) CHARACTER SET utf8mb4 COLLATE utf8mb4_0900_ai_ci NULL DEFAULT NULL COMMENT '是否查询字段（1是）',
  `query_type` varchar(200) CHARACTER SET utf8mb4 COLLATE utf8mb4_0900_ai_ci NULL DEFAULT 'EQ' COMMENT '查询方式（等于、不等于、大于、小于、范围）',
  `html_type` varchar(200) CHARACTER SET utf8mb4 COLLATE utf8mb4_0900_ai_ci NULL DEFAULT NULL COMMENT '显示类型（文本框、文本域、下拉框、复选框、单选框、日期控件）',
  `dict_type` varchar(200) CHARACTER SET utf8mb4 COLLATE utf8mb4_0900_ai_ci NULL DEFAULT '' COMMENT '字典类型',
  `sort` int NULL DEFAULT NULL COMMENT '排序',
  `create_by` varchar(64) CHARACTER SET utf8mb4 COLLATE utf8mb4_0900_ai_ci NULL DEFAULT '' COMMENT '创建者',
  `create_time` datetime NULL DEFAULT NULL COMMENT '创建时间',
  `update_by` varchar(64) CHARACTER SET utf8mb4 COLLATE utf8mb4_0900_ai_ci NULL DEFAULT '' COMMENT '更新者',
  `update_time` datetime NULL DEFAULT NULL COMMENT '更新时间',
  PRIMARY KEY (`column_id`) USING BTREE
) ENGINE = InnoDB AUTO_INCREMENT = 100 CHARACTER SET = utf8mb4 COLLATE = utf8mb4_0900_ai_ci COMMENT = '代码生成业务表字段' ROW_FORMAT = Dynamic;

-- ----------------------------
-- Records of gen_table_column
-- ----------------------------
INSERT INTO `gen_table_column` VALUES (1, '1', 'emission_id', '排放资源的ID', 'int', 'Long', 'emissionId', '1', '0', NULL, '1', NULL, NULL, NULL, 'EQ', 'input', '', 1, 'admin', '2023-07-11 09:26:08', '', '2023-07-11 09:27:08');
INSERT INTO `gen_table_column` VALUES (2, '1', 'enterprise_id', '企业的ID', 'int', 'Long', 'enterpriseId', '0', '0', NULL, '1', '1', '1', '1', 'EQ', 'input', '', 2, 'admin', '2023-07-11 09:26:08', '', '2023-07-11 09:27:08');
INSERT INTO `gen_table_column` VALUES (3, '1', 'enterprise_address', '排放的企业', 'varchar(255)', 'String', 'enterpriseAddress', '0', '0', NULL, '1', '1', '1', '1', 'EQ', 'input', '', 3, 'admin', '2023-07-11 09:26:08', '', '2023-07-11 09:27:08');
INSERT INTO `gen_table_column` VALUES (4, '1', 'emissions', '排放的量', 'bigint', 'Long', 'emissions', '0', '0', NULL, '1', '1', '1', '1', 'EQ', 'input', '', 4, 'admin', '2023-07-11 09:26:08', '', '2023-07-11 09:27:08');
INSERT INTO `gen_table_column` VALUES (5, '1', 'description', '排放的资源描述', 'varchar(255)', 'String', 'description', '0', '0', NULL, '1', '1', '1', '1', 'EQ', 'input', '', 5, 'admin', '2023-07-11 09:26:08', '', '2023-07-11 09:27:08');
INSERT INTO `gen_table_column` VALUES (6, '1', 'emission_way', '排放的方式', 'varchar(255)', 'String', 'emissionWay', '0', '0', NULL, '1', '1', '1', '1', 'EQ', 'input', '', 6, 'admin', '2023-07-11 09:26:08', '', '2023-07-11 09:27:08');
INSERT INTO `gen_table_column` VALUES (7, '1', 'is_approve', '是否批准排放', 'int', 'Long', 'isApprove', '0', '0', NULL, '1', '1', '1', '1', 'EQ', 'input', '', 7, 'admin', '2023-07-11 09:26:08', '', '2023-07-11 09:27:08');
INSERT INTO `gen_table_column` VALUES (8, '1', 'emission_time', '排放时间', 'datetime', 'Date', 'emissionTime', '0', '0', NULL, '1', '1', '1', '1', 'EQ', 'datetime', '', 8, 'admin', '2023-07-11 09:26:08', '', '2023-07-11 09:27:08');
INSERT INTO `gen_table_column` VALUES (9, '2', 'enterprise_id', '企业ID', 'int', 'Long', 'enterpriseId', '1', '0', NULL, '1', NULL, NULL, NULL, 'EQ', 'input', '', 1, 'admin', '2023-07-11 09:26:08', '', '2023-07-11 09:32:47');
INSERT INTO `gen_table_column` VALUES (10, '2', 'enterprise_address', '企业账户地址', 'varchar(255)', 'String', 'enterpriseAddress', '0', '0', NULL, '1', '1', '1', '1', 'EQ', 'input', '', 2, 'admin', '2023-07-11 09:26:08', '', '2023-07-11 09:32:47');
INSERT INTO `gen_table_column` VALUES (11, '2', 'priavate_key', '企业的私钥', 'varchar(255)', 'String', 'priavateKey', '0', '0', NULL, '1', '1', '1', '1', 'EQ', 'input', '', 3, 'admin', '2023-07-11 09:26:08', '', '2023-07-11 09:32:47');
INSERT INTO `gen_table_column` VALUES (12, '2', 'enterprise_name', '企业的名称', 'varchar(100)', 'String', 'enterpriseName', '0', '0', NULL, '1', '1', '1', '1', 'LIKE', 'input', '', 4, 'admin', '2023-07-11 09:26:08', '', '2023-07-11 09:32:47');
INSERT INTO `gen_table_column` VALUES (13, '2', 'enterprise_balance', '企业的余额', 'bigint', 'Long', 'enterpriseBalance', '0', '0', NULL, '1', '1', '1', '1', 'EQ', 'input', '', 5, 'admin', '2023-07-11 09:26:08', '', '2023-07-11 09:32:47');
INSERT INTO `gen_table_column` VALUES (14, '2', 'enterprise_total_emission', '总需排放的量', 'bigint', 'Long', 'enterpriseTotalEmission', '0', '0', NULL, '1', '1', '1', '1', 'EQ', 'input', '', 6, 'admin', '2023-07-11 09:26:08', '', '2023-07-11 09:32:47');
INSERT INTO `gen_table_column` VALUES (15, '2', 'enterprise_over_emission', '已完成的排放量', 'bigint', 'Long', 'enterpriseOverEmission', '0', '0', NULL, '1', '1', '1', '1', 'EQ', 'input', '', 7, 'admin', '2023-07-11 09:26:08', '', '2023-07-11 09:32:47');
INSERT INTO `gen_table_column` VALUES (16, '2', 'enterprise_carbon_credits', '奖励积分', 'bigint', 'Long', 'enterpriseCarbonCredits', '0', '0', NULL, '1', '1', '1', '1', 'EQ', 'input', '', 8, 'admin', '2023-07-11 09:26:08', '', '2023-07-11 09:32:47');
INSERT INTO `gen_table_column` VALUES (17, '2', 'enterprise_verified', '是否通过审核', 'int', 'Long', 'enterpriseVerified', '0', '0', NULL, '1', '1', '1', '1', 'EQ', 'input', '', 9, 'admin', '2023-07-11 09:26:08', '', '2023-07-11 09:32:47');
INSERT INTO `gen_table_column` VALUES (18, '2', 'user_type', '账户角色', 'int', 'Long', 'userType', '0', '0', NULL, '1', '1', '1', '1', 'EQ', 'select', '', 10, 'admin', '2023-07-11 09:26:08', '', '2023-07-11 09:32:47');
INSERT INTO `gen_table_column` VALUES (19, '2', 'qualification_id', '资质信息ID', 'int', 'Long', 'qualificationId', '0', '0', NULL, '1', '1', '1', '1', 'EQ', 'input', '', 11, 'admin', '2023-07-11 09:26:08', '', '2023-07-11 09:32:47');
INSERT INTO `gen_table_column` VALUES (20, '3', 'asset_id', '企业出售碳资产的列表ID', 'int', 'Long', 'assetId', '1', '0', NULL, '1', NULL, NULL, NULL, 'EQ', 'input', '', 1, 'admin', '2023-07-11 09:26:08', '', '2023-07-11 09:27:37');
INSERT INTO `gen_table_column` VALUES (21, '3', 'enterprise_id', '企业的ID', 'int', 'Long', 'enterpriseId', '0', '0', NULL, '1', '1', '1', '1', 'EQ', 'input', '', 2, 'admin', '2023-07-11 09:26:08', '', '2023-07-11 09:27:37');
INSERT INTO `gen_table_column` VALUES (22, '3', 'enterprise_address', '企业出售碳资产的账户地址', 'varchar(255)', 'String', 'enterpriseAddress', '0', '0', NULL, '1', '1', '1', '1', 'EQ', 'input', '', 3, 'admin', '2023-07-11 09:26:08', '', '2023-07-11 09:27:37');
INSERT INTO `gen_table_column` VALUES (23, '3', 'asset_quantity', '企业出售碳资产的数量', 'bigint', 'Long', 'assetQuantity', '0', '0', NULL, '1', '1', '1', '1', 'EQ', 'input', '', 4, 'admin', '2023-07-11 09:26:08', '', '2023-07-11 09:27:37');
INSERT INTO `gen_table_column` VALUES (24, '3', 'asset_amount', '企业出售碳资产的价钱', 'bigint', 'Long', 'assetAmount', '0', '0', NULL, '1', '1', '1', '1', 'EQ', 'input', '', 5, 'admin', '2023-07-11 09:26:08', '', '2023-07-11 09:27:37');
INSERT INTO `gen_table_column` VALUES (25, '3', 'time', '企业出售碳资产的时间', 'datetime', 'Date', 'time', '0', '0', NULL, '1', '1', '1', '1', 'EQ', 'datetime', '', 6, 'admin', '2023-07-11 09:26:08', '', '2023-07-11 09:27:37');
INSERT INTO `gen_table_column` VALUES (26, '3', 'status', '出售订单的状态', 'int', 'Long', 'status', '0', '0', NULL, '1', '1', '1', '1', 'EQ', 'radio', '', 7, 'admin', '2023-07-11 09:26:08', '', '2023-07-11 09:27:37');
INSERT INTO `gen_table_column` VALUES (52, '7', 'regulator_id', '监管机构ID', 'int', 'Long', 'regulatorId', '1', '0', NULL, '1', NULL, NULL, NULL, 'EQ', 'input', '', 1, 'admin', '2023-07-11 10:33:06', '', NULL);
INSERT INTO `gen_table_column` VALUES (53, '7', 'regulator_address', '监管机构账户地址', 'varchar(255)', 'String', 'regulatorAddress', '0', '0', NULL, '1', '1', '1', '1', 'EQ', 'input', '', 2, 'admin', '2023-07-11 10:33:06', '', NULL);
INSERT INTO `gen_table_column` VALUES (54, '7', 'regulator_name', '部门名称', 'varchar(100)', 'String', 'regulatorName', '0', '0', NULL, '1', '1', '1', '1', 'LIKE', 'input', '', 3, 'admin', '2023-07-11 10:33:06', '', NULL);
INSERT INTO `gen_table_column` VALUES (55, '7', 'private_key', '机构私钥', 'varchar(255)', 'String', 'privateKey', '0', '0', '1', '1', '1', '1', '1', 'EQ', 'input', '', 4, 'admin', '2023-07-11 10:33:06', '', NULL);
INSERT INTO `gen_table_column` VALUES (56, '7', 'user_type', '账户类型', 'int', 'Long', 'userType', '0', '0', NULL, '1', '1', '1', '1', 'EQ', 'select', '', 5, 'admin', '2023-07-11 10:33:06', '', NULL);
INSERT INTO `gen_table_column` VALUES (57, '8', 'qualification_id', '资质ID', 'int', 'Long', 'qualificationId', '1', '0', NULL, '1', NULL, NULL, NULL, 'EQ', 'input', '', 1, 'admin', '2023-07-11 11:57:49', '', '2023-07-11 11:58:26');
INSERT INTO `gen_table_column` VALUES (58, '8', 'qualification_name', '企业名称', 'varchar(255)', 'String', 'qualificationName', '0', '0', NULL, '1', '1', '1', '1', 'LIKE', 'input', '', 2, 'admin', '2023-07-11 11:57:49', '', '2023-07-11 11:58:26');
INSERT INTO `gen_table_column` VALUES (59, '8', 'qualification_content', '社会信用代码', 'varchar(255)', 'String', 'qualificationContent', '0', '0', NULL, '1', '1', '1', '1', 'EQ', 'editor', '', 3, 'admin', '2023-07-11 11:57:49', '', '2023-07-11 11:58:26');
INSERT INTO `gen_table_column` VALUES (60, '8', 'qualification_leader', '法定代表人', 'varchar(100)', 'String', 'qualificationLeader', '0', '0', NULL, '1', '1', '1', '1', 'EQ', 'input', '', 4, 'admin', '2023-07-11 11:57:50', '', '2023-07-11 11:58:26');
INSERT INTO `gen_table_column` VALUES (61, '8', 'qualification_address', '注册地址', 'varchar(255)', 'String', 'qualificationAddress', '0', '0', NULL, '1', '1', '1', '1', 'EQ', 'input', '', 5, 'admin', '2023-07-11 11:57:50', '', '2023-07-11 11:58:26');
INSERT INTO `gen_table_column` VALUES (62, '8', 'qualification_industry', '所属的行业', 'varchar(255)', 'String', 'qualificationIndustry', '0', '0', NULL, '1', '1', '1', '1', 'EQ', 'input', '', 6, 'admin', '2023-07-11 11:57:50', '', '2023-07-11 11:58:26');
INSERT INTO `gen_table_column` VALUES (63, '8', 'qualification_user_name', '联系人姓名', 'varchar(100)', 'String', 'qualificationUserName', '0', '0', NULL, '1', '1', '1', '1', 'LIKE', 'input', '', 7, 'admin', '2023-07-11 11:57:50', '', '2023-07-11 11:58:26');
INSERT INTO `gen_table_column` VALUES (64, '8', 'qualification_user_email', '联系人邮箱', 'varchar(255)', 'String', 'qualificationUserEmail', '0', '0', NULL, '1', '1', '1', '1', 'EQ', 'input', '', 8, 'admin', '2023-07-11 11:57:50', '', '2023-07-11 11:58:26');
INSERT INTO `gen_table_column` VALUES (65, '8', 'qualification_url', '资质的图片认证URL\n', 'text', 'String', 'qualificationUrl', '0', '0', NULL, '1', '1', '1', '1', 'EQ', 'textarea', '', 9, 'admin', '2023-07-11 11:57:50', '', '2023-07-11 11:58:26');
INSERT INTO `gen_table_column` VALUES (66, '8', 'qualification_upload_time', '上传时间', 'datetime', 'Date', 'qualificationUploadTime', '0', '0', NULL, '1', '1', '1', '1', 'EQ', 'datetime', '', 10, 'admin', '2023-07-11 11:57:50', '', '2023-07-11 11:58:26');
INSERT INTO `gen_table_column` VALUES (67, '8', 'qualification_audit_time', '审核时间', 'datetime', 'Date', 'qualificationAuditTime', '0', '0', NULL, '1', '1', '1', '1', 'EQ', 'datetime', '', 11, 'admin', '2023-07-11 11:57:50', '', '2023-07-11 11:58:26');
INSERT INTO `gen_table_column` VALUES (68, '8', 'qualification_verified_regulator', '审核的监管机构地址', 'varchar(255)', 'String', 'qualificationVerifiedRegulator', '0', '0', NULL, '1', '1', '1', '1', 'EQ', 'input', '', 12, 'admin', '2023-07-11 11:57:50', '', '2023-07-11 11:58:26');
INSERT INTO `gen_table_column` VALUES (69, '8', 'qualification_emission_limit', '碳排放额度', 'bigint', 'Long', 'qualificationEmissionLimit', '0', '0', NULL, '1', '1', '1', '1', 'EQ', 'input', '', 13, 'admin', '2023-07-11 11:57:50', '', '2023-07-11 11:58:26');
INSERT INTO `gen_table_column` VALUES (70, '9', 'transaction_id', '订单的交易ID', 'int', 'Long', 'transactionId', '1', '0', NULL, '1', NULL, NULL, NULL, 'EQ', 'input', '', 1, 'admin', '2023-07-13 16:57:30', '', NULL);
INSERT INTO `gen_table_column` VALUES (71, '9', 'tx_hash', '交易hash', 'text', 'String', 'txHash', '0', '0', NULL, '1', '1', '1', '1', 'EQ', 'textarea', '', 2, 'admin', '2023-07-13 16:57:30', '', NULL);
INSERT INTO `gen_table_column` VALUES (72, '9', 'buyer_id', '买家ID', 'int', 'Long', 'buyerId', '0', '0', NULL, '1', '1', '1', '1', 'EQ', 'input', '', 3, 'admin', '2023-07-13 16:57:30', '', NULL);
INSERT INTO `gen_table_column` VALUES (73, '9', 'seller_id', '卖家的ID', 'int', 'Long', 'sellerId', '0', '0', NULL, '1', '1', '1', '1', 'EQ', 'input', '', 4, 'admin', '2023-07-13 16:57:30', '', NULL);
INSERT INTO `gen_table_column` VALUES (74, '9', 'transaction_order_name', '订单的名字', 'varchar(255)', 'String', 'transactionOrderName', '0', '0', NULL, '1', '1', '1', '1', 'LIKE', 'input', '', 5, 'admin', '2023-07-13 16:57:30', '', NULL);
INSERT INTO `gen_table_column` VALUES (75, '9', 'buy_address', '买家地址', 'varchar(255)', 'String', 'buyAddress', '0', '0', NULL, '1', '1', '1', '1', 'EQ', 'input', '', 6, 'admin', '2023-07-13 16:57:30', '', NULL);
INSERT INTO `gen_table_column` VALUES (76, '9', 'seller_address', '卖家地址', 'varchar(255)', 'String', 'sellerAddress', '0', '0', NULL, '1', '1', '1', '1', 'EQ', 'input', '', 7, 'admin', '2023-07-13 16:57:30', '', NULL);
INSERT INTO `gen_table_column` VALUES (77, '9', 'transaction_time', '订单创建时间', 'datetime', 'Date', 'transactionTime', '0', '0', NULL, '1', '1', '1', '1', 'EQ', 'datetime', '', 8, 'admin', '2023-07-13 16:57:30', '', NULL);
INSERT INTO `gen_table_column` VALUES (78, '9', 'transaction_quantity', '购买碳额度的数量', 'varchar(255)', 'String', 'transactionQuantity', '0', '0', NULL, '1', '1', '1', '1', 'EQ', 'input', '', 9, 'admin', '2023-07-13 16:57:30', '', NULL);
INSERT INTO `gen_table_column` VALUES (79, '10', 'id', '分类ID', 'int', 'Long', 'id', '1', '1', NULL, '1', NULL, NULL, NULL, 'EQ', 'input', '', 1, 'admin', '2023-07-25 14:00:39', '', '2023-07-25 14:02:03');
INSERT INTO `gen_table_column` VALUES (80, '10', 'name', '行业名称', 'varchar(100)', 'String', 'name', '0', '0', NULL, '1', '1', '1', '1', 'LIKE', 'input', '', 2, 'admin', '2023-07-25 14:00:39', '', '2023-07-25 14:02:03');
INSERT INTO `gen_table_column` VALUES (81, '10', 'description', '行业描述', 'varchar(255)', 'String', 'description', '0', '0', NULL, '1', '1', '1', '1', 'EQ', 'input', '', 3, 'admin', '2023-07-25 14:00:39', '', '2023-07-25 14:02:03');
INSERT INTO `gen_table_column` VALUES (82, '11', 'id', '资源类型ID', 'int', 'Long', 'id', '1', '1', NULL, '1', NULL, NULL, NULL, 'EQ', 'input', '', 1, 'admin', '2023-07-25 14:52:25', '', '2023-07-25 15:12:38');
INSERT INTO `gen_table_column` VALUES (83, '11', 'resource_type', '资源类型', 'varchar(50)', 'String', 'resourceType', '0', '0', '1', '1', '1', '1', '1', 'EQ', 'input', '', 2, 'admin', '2023-07-25 14:52:25', '', '2023-07-25 15:12:38');
INSERT INTO `gen_table_column` VALUES (84, '11', 'category', '资源大类', 'varchar(50)', 'String', 'category', '0', '0', '1', '1', '1', '1', '1', 'EQ', 'input', '', 3, 'admin', '2023-07-25 14:52:25', '', '2023-07-25 15:12:38');
INSERT INTO `gen_table_column` VALUES (85, '11', 'description', '描述', 'text', 'String', 'description', '0', '0', NULL, '1', '1', '1', '1', 'EQ', 'textarea', '', 4, 'admin', '2023-07-25 14:52:25', '', '2023-07-25 15:12:38');
INSERT INTO `gen_table_column` VALUES (86, '11', 'created_at', NULL, 'timestamp', 'Date', 'createdAt', '0', '0', NULL, '1', '1', '1', '1', 'EQ', 'datetime', '', 5, 'admin', '2023-07-25 14:52:25', '', '2023-07-25 15:12:38');
INSERT INTO `gen_table_column` VALUES (87, '11', 'updated_at', NULL, 'timestamp', 'Date', 'updatedAt', '0', '0', NULL, '1', '1', '1', '1', 'EQ', 'datetime', '', 6, 'admin', '2023-07-25 14:52:25', '', '2023-07-25 15:12:38');
INSERT INTO `gen_table_column` VALUES (88, '12', 'id', '排放的方式ID', 'int', 'Long', 'id', '1', '1', NULL, '1', NULL, NULL, NULL, 'EQ', 'input', '', 1, 'admin', '2023-07-25 15:22:17', '', '2023-07-25 15:22:55');
INSERT INTO `gen_table_column` VALUES (89, '12', 'name', '排放的方式名称', 'varchar(100)', 'String', 'name', '0', '0', NULL, '1', '1', '1', '1', 'LIKE', 'input', '', 2, 'admin', '2023-07-25 15:22:17', '', '2023-07-25 15:22:55');
INSERT INTO `gen_table_column` VALUES (90, '12', 'description', '排放方式的描述', 'text', 'String', 'description', '0', '0', NULL, '1', '1', '1', '1', 'EQ', 'textarea', '', 3, 'admin', '2023-07-25 15:22:17', '', '2023-07-25 15:22:55');
INSERT INTO `gen_table_column` VALUES (91, '13', 'id', '纪念卡ID', 'int', 'Long', 'id', '1', '1', NULL, '1', NULL, NULL, NULL, 'EQ', 'input', '', 1, 'org', '2023-07-28 16:54:24', '', '2023-07-28 16:56:50');
INSERT INTO `gen_table_column` VALUES (92, '13', 'level', '星数等级', 'int', 'Long', 'level', '0', '0', '1', '1', '1', '1', '1', 'EQ', 'input', '', 2, 'org', '2023-07-28 16:54:24', '', '2023-07-28 16:56:50');
INSERT INTO `gen_table_column` VALUES (93, '13', 'name', '名称', 'varchar(50)', 'String', 'name', '0', '0', '1', '1', '1', '1', '1', 'LIKE', 'input', '', 3, 'org', '2023-07-28 16:54:24', '', '2023-07-28 16:56:50');
INSERT INTO `gen_table_column` VALUES (94, '13', 'description', '描述', 'text', 'String', 'description', '0', '0', NULL, '1', '1', '1', '1', 'EQ', 'textarea', '', 4, 'org', '2023-07-28 16:54:24', '', '2023-07-28 16:56:50');
INSERT INTO `gen_table_column` VALUES (95, '13', 'url', '图标', 'text', 'String', 'url', '0', '0', NULL, '1', '1', '1', '1', 'EQ', 'imageUpload', '', 5, 'org', '2023-07-28 16:54:24', '', '2023-07-28 16:56:50');
INSERT INTO `gen_table_column` VALUES (96, '13', 'category', '分类', 'varchar(50)', 'String', 'category', '0', '0', '1', '1', '1', '1', '1', 'EQ', 'input', '', 6, 'org', '2023-07-28 16:54:24', '', '2023-07-28 16:56:50');
INSERT INTO `gen_table_column` VALUES (97, '14', 'id', '卡分类ID', 'int', 'Long', 'id', '1', '1', NULL, '1', NULL, NULL, NULL, 'EQ', 'input', '', 1, 'org', '2023-07-28 16:54:24', '', '2023-07-28 16:58:16');
INSERT INTO `gen_table_column` VALUES (98, '14', 'name', '分类名称', 'varchar(50)', 'String', 'name', '0', '0', '1', '1', '1', '1', '1', 'LIKE', 'input', '', 2, 'org', '2023-07-28 16:54:24', '', '2023-07-28 16:58:16');
INSERT INTO `gen_table_column` VALUES (99, '14', 'description', '分类描述', 'text', 'String', 'description', '0', '0', '1', '1', '1', '1', '1', 'EQ', 'textarea', '', 3, 'org', '2023-07-28 16:54:24', '', '2023-07-28 16:58:16');

-- ----------------------------
-- Table structure for qrtz_blob_triggers
-- ----------------------------
DROP TABLE IF EXISTS `qrtz_blob_triggers`;
CREATE TABLE `qrtz_blob_triggers`  (
  `sched_name` varchar(120) CHARACTER SET utf8mb4 COLLATE utf8mb4_0900_ai_ci NOT NULL COMMENT '调度名称',
  `trigger_name` varchar(200) CHARACTER SET utf8mb4 COLLATE utf8mb4_0900_ai_ci NOT NULL COMMENT 'qrtz_triggers表trigger_name的外键',
  `trigger_group` varchar(200) CHARACTER SET utf8mb4 COLLATE utf8mb4_0900_ai_ci NOT NULL COMMENT 'qrtz_triggers表trigger_group的外键',
  `blob_data` blob NULL COMMENT '存放持久化Trigger对象',
  PRIMARY KEY (`sched_name`, `trigger_name`, `trigger_group`) USING BTREE,
  CONSTRAINT `qrtz_blob_triggers_ibfk_1` FOREIGN KEY (`sched_name`, `trigger_name`, `trigger_group`) REFERENCES `qrtz_triggers` (`sched_name`, `trigger_name`, `trigger_group`) ON DELETE RESTRICT ON UPDATE RESTRICT
) ENGINE = InnoDB CHARACTER SET = utf8mb4 COLLATE = utf8mb4_0900_ai_ci COMMENT = 'Blob类型的触发器表' ROW_FORMAT = DYNAMIC;

-- ----------------------------
-- Records of qrtz_blob_triggers
-- ----------------------------

-- ----------------------------
-- Table structure for qrtz_calendars
-- ----------------------------
DROP TABLE IF EXISTS `qrtz_calendars`;
CREATE TABLE `qrtz_calendars`  (
  `sched_name` varchar(120) CHARACTER SET utf8mb4 COLLATE utf8mb4_0900_ai_ci NOT NULL COMMENT '调度名称',
  `calendar_name` varchar(200) CHARACTER SET utf8mb4 COLLATE utf8mb4_0900_ai_ci NOT NULL COMMENT '日历名称',
  `calendar` blob NOT NULL COMMENT '存放持久化calendar对象',
  PRIMARY KEY (`sched_name`, `calendar_name`) USING BTREE
) ENGINE = InnoDB CHARACTER SET = utf8mb4 COLLATE = utf8mb4_0900_ai_ci COMMENT = '日历信息表' ROW_FORMAT = DYNAMIC;

-- ----------------------------
-- Records of qrtz_calendars
-- ----------------------------

-- ----------------------------
-- Table structure for qrtz_cron_triggers
-- ----------------------------
DROP TABLE IF EXISTS `qrtz_cron_triggers`;
CREATE TABLE `qrtz_cron_triggers`  (
  `sched_name` varchar(120) CHARACTER SET utf8mb4 COLLATE utf8mb4_0900_ai_ci NOT NULL COMMENT '调度名称',
  `trigger_name` varchar(200) CHARACTER SET utf8mb4 COLLATE utf8mb4_0900_ai_ci NOT NULL COMMENT 'qrtz_triggers表trigger_name的外键',
  `trigger_group` varchar(200) CHARACTER SET utf8mb4 COLLATE utf8mb4_0900_ai_ci NOT NULL COMMENT 'qrtz_triggers表trigger_group的外键',
  `cron_expression` varchar(200) CHARACTER SET utf8mb4 COLLATE utf8mb4_0900_ai_ci NOT NULL COMMENT 'cron表达式',
  `time_zone_id` varchar(80) CHARACTER SET utf8mb4 COLLATE utf8mb4_0900_ai_ci NULL DEFAULT NULL COMMENT '时区',
  PRIMARY KEY (`sched_name`, `trigger_name`, `trigger_group`) USING BTREE,
  CONSTRAINT `qrtz_cron_triggers_ibfk_1` FOREIGN KEY (`sched_name`, `trigger_name`, `trigger_group`) REFERENCES `qrtz_triggers` (`sched_name`, `trigger_name`, `trigger_group`) ON DELETE RESTRICT ON UPDATE RESTRICT
) ENGINE = InnoDB CHARACTER SET = utf8mb4 COLLATE = utf8mb4_0900_ai_ci COMMENT = 'Cron类型的触发器表' ROW_FORMAT = DYNAMIC;

-- ----------------------------
-- Records of qrtz_cron_triggers
-- ----------------------------

-- ----------------------------
-- Table structure for qrtz_fired_triggers
-- ----------------------------
DROP TABLE IF EXISTS `qrtz_fired_triggers`;
CREATE TABLE `qrtz_fired_triggers`  (
  `sched_name` varchar(120) CHARACTER SET utf8mb4 COLLATE utf8mb4_0900_ai_ci NOT NULL COMMENT '调度名称',
  `entry_id` varchar(95) CHARACTER SET utf8mb4 COLLATE utf8mb4_0900_ai_ci NOT NULL COMMENT '调度器实例id',
  `trigger_name` varchar(200) CHARACTER SET utf8mb4 COLLATE utf8mb4_0900_ai_ci NOT NULL COMMENT 'qrtz_triggers表trigger_name的外键',
  `trigger_group` varchar(200) CHARACTER SET utf8mb4 COLLATE utf8mb4_0900_ai_ci NOT NULL COMMENT 'qrtz_triggers表trigger_group的外键',
  `instance_name` varchar(200) CHARACTER SET utf8mb4 COLLATE utf8mb4_0900_ai_ci NOT NULL COMMENT '调度器实例名',
  `fired_time` bigint NOT NULL COMMENT '触发的时间',
  `sched_time` bigint NOT NULL COMMENT '定时器制定的时间',
  `priority` int NOT NULL COMMENT '优先级',
  `state` varchar(16) CHARACTER SET utf8mb4 COLLATE utf8mb4_0900_ai_ci NOT NULL COMMENT '状态',
  `job_name` varchar(200) CHARACTER SET utf8mb4 COLLATE utf8mb4_0900_ai_ci NULL DEFAULT NULL COMMENT '任务名称',
  `job_group` varchar(200) CHARACTER SET utf8mb4 COLLATE utf8mb4_0900_ai_ci NULL DEFAULT NULL COMMENT '任务组名',
  `is_nonconcurrent` varchar(1) CHARACTER SET utf8mb4 COLLATE utf8mb4_0900_ai_ci NULL DEFAULT NULL COMMENT '是否并发',
  `requests_recovery` varchar(1) CHARACTER SET utf8mb4 COLLATE utf8mb4_0900_ai_ci NULL DEFAULT NULL COMMENT '是否接受恢复执行',
  PRIMARY KEY (`sched_name`, `entry_id`) USING BTREE
) ENGINE = InnoDB CHARACTER SET = utf8mb4 COLLATE = utf8mb4_0900_ai_ci COMMENT = '已触发的触发器表' ROW_FORMAT = DYNAMIC;

-- ----------------------------
-- Records of qrtz_fired_triggers
-- ----------------------------

-- ----------------------------
-- Table structure for qrtz_job_details
-- ----------------------------
DROP TABLE IF EXISTS `qrtz_job_details`;
CREATE TABLE `qrtz_job_details`  (
  `sched_name` varchar(120) CHARACTER SET utf8mb4 COLLATE utf8mb4_0900_ai_ci NOT NULL COMMENT '调度名称',
  `job_name` varchar(200) CHARACTER SET utf8mb4 COLLATE utf8mb4_0900_ai_ci NOT NULL COMMENT '任务名称',
  `job_group` varchar(200) CHARACTER SET utf8mb4 COLLATE utf8mb4_0900_ai_ci NOT NULL COMMENT '任务组名',
  `description` varchar(250) CHARACTER SET utf8mb4 COLLATE utf8mb4_0900_ai_ci NULL DEFAULT NULL COMMENT '相关介绍',
  `job_class_name` varchar(250) CHARACTER SET utf8mb4 COLLATE utf8mb4_0900_ai_ci NOT NULL COMMENT '执行任务类名称',
  `is_durable` varchar(1) CHARACTER SET utf8mb4 COLLATE utf8mb4_0900_ai_ci NOT NULL COMMENT '是否持久化',
  `is_nonconcurrent` varchar(1) CHARACTER SET utf8mb4 COLLATE utf8mb4_0900_ai_ci NOT NULL COMMENT '是否并发',
  `is_update_data` varchar(1) CHARACTER SET utf8mb4 COLLATE utf8mb4_0900_ai_ci NOT NULL COMMENT '是否更新数据',
  `requests_recovery` varchar(1) CHARACTER SET utf8mb4 COLLATE utf8mb4_0900_ai_ci NOT NULL COMMENT '是否接受恢复执行',
  `job_data` blob NULL COMMENT '存放持久化job对象',
  PRIMARY KEY (`sched_name`, `job_name`, `job_group`) USING BTREE
) ENGINE = InnoDB CHARACTER SET = utf8mb4 COLLATE = utf8mb4_0900_ai_ci COMMENT = '任务详细信息表' ROW_FORMAT = DYNAMIC;

-- ----------------------------
-- Records of qrtz_job_details
-- ----------------------------

-- ----------------------------
-- Table structure for qrtz_locks
-- ----------------------------
DROP TABLE IF EXISTS `qrtz_locks`;
CREATE TABLE `qrtz_locks`  (
  `sched_name` varchar(120) CHARACTER SET utf8mb4 COLLATE utf8mb4_0900_ai_ci NOT NULL COMMENT '调度名称',
  `lock_name` varchar(40) CHARACTER SET utf8mb4 COLLATE utf8mb4_0900_ai_ci NOT NULL COMMENT '悲观锁名称',
  PRIMARY KEY (`sched_name`, `lock_name`) USING BTREE
) ENGINE = InnoDB CHARACTER SET = utf8mb4 COLLATE = utf8mb4_0900_ai_ci COMMENT = '存储的悲观锁信息表' ROW_FORMAT = DYNAMIC;

-- ----------------------------
-- Records of qrtz_locks
-- ----------------------------

-- ----------------------------
-- Table structure for qrtz_paused_trigger_grps
-- ----------------------------
DROP TABLE IF EXISTS `qrtz_paused_trigger_grps`;
CREATE TABLE `qrtz_paused_trigger_grps`  (
  `sched_name` varchar(120) CHARACTER SET utf8mb4 COLLATE utf8mb4_0900_ai_ci NOT NULL COMMENT '调度名称',
  `trigger_group` varchar(200) CHARACTER SET utf8mb4 COLLATE utf8mb4_0900_ai_ci NOT NULL COMMENT 'qrtz_triggers表trigger_group的外键',
  PRIMARY KEY (`sched_name`, `trigger_group`) USING BTREE
) ENGINE = InnoDB CHARACTER SET = utf8mb4 COLLATE = utf8mb4_0900_ai_ci COMMENT = '暂停的触发器表' ROW_FORMAT = DYNAMIC;

-- ----------------------------
-- Records of qrtz_paused_trigger_grps
-- ----------------------------

-- ----------------------------
-- Table structure for qrtz_scheduler_state
-- ----------------------------
DROP TABLE IF EXISTS `qrtz_scheduler_state`;
CREATE TABLE `qrtz_scheduler_state`  (
  `sched_name` varchar(120) CHARACTER SET utf8mb4 COLLATE utf8mb4_0900_ai_ci NOT NULL COMMENT '调度名称',
  `instance_name` varchar(200) CHARACTER SET utf8mb4 COLLATE utf8mb4_0900_ai_ci NOT NULL COMMENT '实例名称',
  `last_checkin_time` bigint NOT NULL COMMENT '上次检查时间',
  `checkin_interval` bigint NOT NULL COMMENT '检查间隔时间',
  PRIMARY KEY (`sched_name`, `instance_name`) USING BTREE
) ENGINE = InnoDB CHARACTER SET = utf8mb4 COLLATE = utf8mb4_0900_ai_ci COMMENT = '调度器状态表' ROW_FORMAT = DYNAMIC;

-- ----------------------------
-- Records of qrtz_scheduler_state
-- ----------------------------

-- ----------------------------
-- Table structure for qrtz_simple_triggers
-- ----------------------------
DROP TABLE IF EXISTS `qrtz_simple_triggers`;
CREATE TABLE `qrtz_simple_triggers`  (
  `sched_name` varchar(120) CHARACTER SET utf8mb4 COLLATE utf8mb4_0900_ai_ci NOT NULL COMMENT '调度名称',
  `trigger_name` varchar(200) CHARACTER SET utf8mb4 COLLATE utf8mb4_0900_ai_ci NOT NULL COMMENT 'qrtz_triggers表trigger_name的外键',
  `trigger_group` varchar(200) CHARACTER SET utf8mb4 COLLATE utf8mb4_0900_ai_ci NOT NULL COMMENT 'qrtz_triggers表trigger_group的外键',
  `repeat_count` bigint NOT NULL COMMENT '重复的次数统计',
  `repeat_interval` bigint NOT NULL COMMENT '重复的间隔时间',
  `times_triggered` bigint NOT NULL COMMENT '已经触发的次数',
  PRIMARY KEY (`sched_name`, `trigger_name`, `trigger_group`) USING BTREE,
  CONSTRAINT `qrtz_simple_triggers_ibfk_1` FOREIGN KEY (`sched_name`, `trigger_name`, `trigger_group`) REFERENCES `qrtz_triggers` (`sched_name`, `trigger_name`, `trigger_group`) ON DELETE RESTRICT ON UPDATE RESTRICT
) ENGINE = InnoDB CHARACTER SET = utf8mb4 COLLATE = utf8mb4_0900_ai_ci COMMENT = '简单触发器的信息表' ROW_FORMAT = DYNAMIC;

-- ----------------------------
-- Records of qrtz_simple_triggers
-- ----------------------------

-- ----------------------------
-- Table structure for qrtz_simprop_triggers
-- ----------------------------
DROP TABLE IF EXISTS `qrtz_simprop_triggers`;
CREATE TABLE `qrtz_simprop_triggers`  (
  `sched_name` varchar(120) CHARACTER SET utf8mb4 COLLATE utf8mb4_0900_ai_ci NOT NULL COMMENT '调度名称',
  `trigger_name` varchar(200) CHARACTER SET utf8mb4 COLLATE utf8mb4_0900_ai_ci NOT NULL COMMENT 'qrtz_triggers表trigger_name的外键',
  `trigger_group` varchar(200) CHARACTER SET utf8mb4 COLLATE utf8mb4_0900_ai_ci NOT NULL COMMENT 'qrtz_triggers表trigger_group的外键',
  `str_prop_1` varchar(512) CHARACTER SET utf8mb4 COLLATE utf8mb4_0900_ai_ci NULL DEFAULT NULL COMMENT 'String类型的trigger的第一个参数',
  `str_prop_2` varchar(512) CHARACTER SET utf8mb4 COLLATE utf8mb4_0900_ai_ci NULL DEFAULT NULL COMMENT 'String类型的trigger的第二个参数',
  `str_prop_3` varchar(512) CHARACTER SET utf8mb4 COLLATE utf8mb4_0900_ai_ci NULL DEFAULT NULL COMMENT 'String类型的trigger的第三个参数',
  `int_prop_1` int NULL DEFAULT NULL COMMENT 'int类型的trigger的第一个参数',
  `int_prop_2` int NULL DEFAULT NULL COMMENT 'int类型的trigger的第二个参数',
  `long_prop_1` bigint NULL DEFAULT NULL COMMENT 'long类型的trigger的第一个参数',
  `long_prop_2` bigint NULL DEFAULT NULL COMMENT 'long类型的trigger的第二个参数',
  `dec_prop_1` decimal(13, 4) NULL DEFAULT NULL COMMENT 'decimal类型的trigger的第一个参数',
  `dec_prop_2` decimal(13, 4) NULL DEFAULT NULL COMMENT 'decimal类型的trigger的第二个参数',
  `bool_prop_1` varchar(1) CHARACTER SET utf8mb4 COLLATE utf8mb4_0900_ai_ci NULL DEFAULT NULL COMMENT 'Boolean类型的trigger的第一个参数',
  `bool_prop_2` varchar(1) CHARACTER SET utf8mb4 COLLATE utf8mb4_0900_ai_ci NULL DEFAULT NULL COMMENT 'Boolean类型的trigger的第二个参数',
  PRIMARY KEY (`sched_name`, `trigger_name`, `trigger_group`) USING BTREE,
  CONSTRAINT `qrtz_simprop_triggers_ibfk_1` FOREIGN KEY (`sched_name`, `trigger_name`, `trigger_group`) REFERENCES `qrtz_triggers` (`sched_name`, `trigger_name`, `trigger_group`) ON DELETE RESTRICT ON UPDATE RESTRICT
) ENGINE = InnoDB CHARACTER SET = utf8mb4 COLLATE = utf8mb4_0900_ai_ci COMMENT = '同步机制的行锁表' ROW_FORMAT = DYNAMIC;

-- ----------------------------
-- Records of qrtz_simprop_triggers
-- ----------------------------

-- ----------------------------
-- Table structure for qrtz_triggers
-- ----------------------------
DROP TABLE IF EXISTS `qrtz_triggers`;
CREATE TABLE `qrtz_triggers`  (
  `sched_name` varchar(120) CHARACTER SET utf8mb4 COLLATE utf8mb4_0900_ai_ci NOT NULL COMMENT '调度名称',
  `trigger_name` varchar(200) CHARACTER SET utf8mb4 COLLATE utf8mb4_0900_ai_ci NOT NULL COMMENT '触发器的名字',
  `trigger_group` varchar(200) CHARACTER SET utf8mb4 COLLATE utf8mb4_0900_ai_ci NOT NULL COMMENT '触发器所属组的名字',
  `job_name` varchar(200) CHARACTER SET utf8mb4 COLLATE utf8mb4_0900_ai_ci NOT NULL COMMENT 'qrtz_job_details表job_name的外键',
  `job_group` varchar(200) CHARACTER SET utf8mb4 COLLATE utf8mb4_0900_ai_ci NOT NULL COMMENT 'qrtz_job_details表job_group的外键',
  `description` varchar(250) CHARACTER SET utf8mb4 COLLATE utf8mb4_0900_ai_ci NULL DEFAULT NULL COMMENT '相关介绍',
  `next_fire_time` bigint NULL DEFAULT NULL COMMENT '上一次触发时间（毫秒）',
  `prev_fire_time` bigint NULL DEFAULT NULL COMMENT '下一次触发时间（默认为-1表示不触发）',
  `priority` int NULL DEFAULT NULL COMMENT '优先级',
  `trigger_state` varchar(16) CHARACTER SET utf8mb4 COLLATE utf8mb4_0900_ai_ci NOT NULL COMMENT '触发器状态',
  `trigger_type` varchar(8) CHARACTER SET utf8mb4 COLLATE utf8mb4_0900_ai_ci NOT NULL COMMENT '触发器的类型',
  `start_time` bigint NOT NULL COMMENT '开始时间',
  `end_time` bigint NULL DEFAULT NULL COMMENT '结束时间',
  `calendar_name` varchar(200) CHARACTER SET utf8mb4 COLLATE utf8mb4_0900_ai_ci NULL DEFAULT NULL COMMENT '日程表名称',
  `misfire_instr` smallint NULL DEFAULT NULL COMMENT '补偿执行的策略',
  `job_data` blob NULL COMMENT '存放持久化job对象',
  PRIMARY KEY (`sched_name`, `trigger_name`, `trigger_group`) USING BTREE,
  INDEX `sched_name`(`sched_name` ASC, `job_name` ASC, `job_group` ASC) USING BTREE,
  CONSTRAINT `qrtz_triggers_ibfk_1` FOREIGN KEY (`sched_name`, `job_name`, `job_group`) REFERENCES `qrtz_job_details` (`sched_name`, `job_name`, `job_group`) ON DELETE RESTRICT ON UPDATE RESTRICT
) ENGINE = InnoDB CHARACTER SET = utf8mb4 COLLATE = utf8mb4_0900_ai_ci COMMENT = '触发器详细信息表' ROW_FORMAT = DYNAMIC;

-- ----------------------------
-- Records of qrtz_triggers
-- ----------------------------

-- ----------------------------
-- Table structure for sys_config
-- ----------------------------
DROP TABLE IF EXISTS `sys_config`;
CREATE TABLE `sys_config`  (
  `config_id` int NOT NULL AUTO_INCREMENT COMMENT '参数主键',
  `config_name` varchar(100) CHARACTER SET utf8mb4 COLLATE utf8mb4_0900_ai_ci NULL DEFAULT '' COMMENT '参数名称',
  `config_key` varchar(100) CHARACTER SET utf8mb4 COLLATE utf8mb4_0900_ai_ci NULL DEFAULT '' COMMENT '参数键名',
  `config_value` varchar(500) CHARACTER SET utf8mb4 COLLATE utf8mb4_0900_ai_ci NULL DEFAULT '' COMMENT '参数键值',
  `config_type` char(1) CHARACTER SET utf8mb4 COLLATE utf8mb4_0900_ai_ci NULL DEFAULT 'N' COMMENT '系统内置（Y是 N否）',
  `create_by` varchar(64) CHARACTER SET utf8mb4 COLLATE utf8mb4_0900_ai_ci NULL DEFAULT '' COMMENT '创建者',
  `create_time` datetime NULL DEFAULT NULL COMMENT '创建时间',
  `update_by` varchar(64) CHARACTER SET utf8mb4 COLLATE utf8mb4_0900_ai_ci NULL DEFAULT '' COMMENT '更新者',
  `update_time` datetime NULL DEFAULT NULL COMMENT '更新时间',
  `remark` varchar(500) CHARACTER SET utf8mb4 COLLATE utf8mb4_0900_ai_ci NULL DEFAULT NULL COMMENT '备注',
  PRIMARY KEY (`config_id`) USING BTREE
) ENGINE = InnoDB AUTO_INCREMENT = 100 CHARACTER SET = utf8mb4 COLLATE = utf8mb4_0900_ai_ci COMMENT = '参数配置表' ROW_FORMAT = Dynamic;

-- ----------------------------
-- Records of sys_config
-- ----------------------------
INSERT INTO `sys_config` VALUES (1, '主框架页-默认皮肤样式名称', 'sys.index.skinName', 'skin-blue', 'Y', 'admin', '2023-07-11 09:17:50', '', NULL, '蓝色 skin-blue、绿色 skin-green、紫色 skin-purple、红色 skin-red、黄色 skin-yellow');
INSERT INTO `sys_config` VALUES (2, '用户管理-账号初始密码', 'sys.user.initPassword', '123456', 'Y', 'admin', '2023-07-11 09:17:50', '', NULL, '初始化密码 123456');
INSERT INTO `sys_config` VALUES (3, '主框架页-侧边栏主题', 'sys.index.sideTheme', 'theme-dark', 'Y', 'admin', '2023-07-11 09:17:50', '', NULL, '深色主题theme-dark，浅色主题theme-light');
INSERT INTO `sys_config` VALUES (4, '账号自助-验证码开关', 'sys.account.captchaEnabled', 'true', 'Y', 'admin', '2023-07-11 09:17:50', '', NULL, '是否开启验证码功能（true开启，false关闭）');
INSERT INTO `sys_config` VALUES (5, '账号自助-是否开启用户注册功能', 'sys.account.registerUser', 'false', 'Y', 'admin', '2023-07-11 09:17:50', '', NULL, '是否开启注册用户功能（true开启，false关闭）');
INSERT INTO `sys_config` VALUES (6, '用户登录-黑名单列表', 'sys.login.blackIPList', '', 'Y', 'admin', '2023-07-11 09:17:50', '', NULL, '设置登录IP黑名单限制，多个匹配项以;分隔，支持匹配（*通配、网段）');

-- ----------------------------
-- Table structure for sys_dept
-- ----------------------------
DROP TABLE IF EXISTS `sys_dept`;
CREATE TABLE `sys_dept`  (
  `dept_id` bigint NOT NULL AUTO_INCREMENT COMMENT '部门id',
  `parent_id` bigint NULL DEFAULT 0 COMMENT '父部门id',
  `ancestors` varchar(50) CHARACTER SET utf8mb4 COLLATE utf8mb4_0900_ai_ci NULL DEFAULT '' COMMENT '祖级列表',
  `dept_name` varchar(30) CHARACTER SET utf8mb4 COLLATE utf8mb4_0900_ai_ci NULL DEFAULT '' COMMENT '部门名称',
  `order_num` int NULL DEFAULT 0 COMMENT '显示顺序',
  `leader` varchar(20) CHARACTER SET utf8mb4 COLLATE utf8mb4_0900_ai_ci NULL DEFAULT NULL COMMENT '负责人',
  `phone` varchar(11) CHARACTER SET utf8mb4 COLLATE utf8mb4_0900_ai_ci NULL DEFAULT NULL COMMENT '联系电话',
  `email` varchar(50) CHARACTER SET utf8mb4 COLLATE utf8mb4_0900_ai_ci NULL DEFAULT NULL COMMENT '邮箱',
  `status` char(1) CHARACTER SET utf8mb4 COLLATE utf8mb4_0900_ai_ci NULL DEFAULT '0' COMMENT '部门状态（0正常 1停用）',
  `del_flag` char(1) CHARACTER SET utf8mb4 COLLATE utf8mb4_0900_ai_ci NULL DEFAULT '0' COMMENT '删除标志（0代表存在 2代表删除）',
  `create_by` varchar(64) CHARACTER SET utf8mb4 COLLATE utf8mb4_0900_ai_ci NULL DEFAULT '' COMMENT '创建者',
  `create_time` datetime NULL DEFAULT NULL COMMENT '创建时间',
  `update_by` varchar(64) CHARACTER SET utf8mb4 COLLATE utf8mb4_0900_ai_ci NULL DEFAULT '' COMMENT '更新者',
  `update_time` datetime NULL DEFAULT NULL COMMENT '更新时间',
  PRIMARY KEY (`dept_id`) USING BTREE
) ENGINE = InnoDB AUTO_INCREMENT = 200 CHARACTER SET = utf8mb4 COLLATE = utf8mb4_0900_ai_ci COMMENT = '部门表' ROW_FORMAT = Dynamic;

-- ----------------------------
-- Records of sys_dept
-- ----------------------------
INSERT INTO `sys_dept` VALUES (100, 0, '0', '数字碳链', 0, 'sztl', '15888888888', 'sztl@qq.com', '0', '0', 'admin', '2023-07-11 09:17:48', 'admin', '2023-07-11 09:48:17');
INSERT INTO `sys_dept` VALUES (101, 100, '0,100', '深圳总公司', 1, '若依', '15888888888', 'ry@qq.com', '0', '0', 'admin', '2023-07-11 09:17:48', '', NULL);
INSERT INTO `sys_dept` VALUES (102, 100, '0,100', '长沙分公司', 2, '若依', '15888888888', 'ry@qq.com', '0', '2', 'admin', '2023-07-11 09:17:48', '', NULL);
INSERT INTO `sys_dept` VALUES (103, 101, '0,100,101', '研发部门', 1, '若依', '15888888888', 'ry@qq.com', '0', '0', 'admin', '2023-07-11 09:17:48', '', NULL);
INSERT INTO `sys_dept` VALUES (104, 101, '0,100,101', '市场部门', 2, '若依', '15888888888', 'ry@qq.com', '0', '0', 'admin', '2023-07-11 09:17:48', '', NULL);
INSERT INTO `sys_dept` VALUES (105, 101, '0,100,101', '测试部门', 3, '若依', '15888888888', 'ry@qq.com', '0', '0', 'admin', '2023-07-11 09:17:48', '', NULL);
INSERT INTO `sys_dept` VALUES (106, 101, '0,100,101', '财务部门', 4, '若依', '15888888888', 'ry@qq.com', '0', '2', 'admin', '2023-07-11 09:17:48', '', NULL);
INSERT INTO `sys_dept` VALUES (107, 101, '0,100,101', '运维部门', 5, '若依', '15888888888', 'ry@qq.com', '0', '2', 'admin', '2023-07-11 09:17:48', '', NULL);
INSERT INTO `sys_dept` VALUES (108, 102, '0,100,102', '市场部门', 1, '若依', '15888888888', 'ry@qq.com', '0', '2', 'admin', '2023-07-11 09:17:48', '', NULL);
INSERT INTO `sys_dept` VALUES (109, 102, '0,100,102', '财务部门', 2, '若依', '15888888888', 'ry@qq.com', '0', '2', 'admin', '2023-07-11 09:17:48', '', NULL);

-- ----------------------------
-- Table structure for sys_dict_data
-- ----------------------------
DROP TABLE IF EXISTS `sys_dict_data`;
CREATE TABLE `sys_dict_data`  (
  `dict_code` bigint NOT NULL AUTO_INCREMENT COMMENT '字典编码',
  `dict_sort` int NULL DEFAULT 0 COMMENT '字典排序',
  `dict_label` varchar(100) CHARACTER SET utf8mb4 COLLATE utf8mb4_0900_ai_ci NULL DEFAULT '' COMMENT '字典标签',
  `dict_value` varchar(100) CHARACTER SET utf8mb4 COLLATE utf8mb4_0900_ai_ci NULL DEFAULT '' COMMENT '字典键值',
  `dict_type` varchar(100) CHARACTER SET utf8mb4 COLLATE utf8mb4_0900_ai_ci NULL DEFAULT '' COMMENT '字典类型',
  `css_class` varchar(100) CHARACTER SET utf8mb4 COLLATE utf8mb4_0900_ai_ci NULL DEFAULT NULL COMMENT '样式属性（其他样式扩展）',
  `list_class` varchar(100) CHARACTER SET utf8mb4 COLLATE utf8mb4_0900_ai_ci NULL DEFAULT NULL COMMENT '表格回显样式',
  `is_default` char(1) CHARACTER SET utf8mb4 COLLATE utf8mb4_0900_ai_ci NULL DEFAULT 'N' COMMENT '是否默认（Y是 N否）',
  `status` char(1) CHARACTER SET utf8mb4 COLLATE utf8mb4_0900_ai_ci NULL DEFAULT '0' COMMENT '状态（0正常 1停用）',
  `create_by` varchar(64) CHARACTER SET utf8mb4 COLLATE utf8mb4_0900_ai_ci NULL DEFAULT '' COMMENT '创建者',
  `create_time` datetime NULL DEFAULT NULL COMMENT '创建时间',
  `update_by` varchar(64) CHARACTER SET utf8mb4 COLLATE utf8mb4_0900_ai_ci NULL DEFAULT '' COMMENT '更新者',
  `update_time` datetime NULL DEFAULT NULL COMMENT '更新时间',
  `remark` varchar(500) CHARACTER SET utf8mb4 COLLATE utf8mb4_0900_ai_ci NULL DEFAULT NULL COMMENT '备注',
  PRIMARY KEY (`dict_code`) USING BTREE
) ENGINE = InnoDB AUTO_INCREMENT = 100 CHARACTER SET = utf8mb4 COLLATE = utf8mb4_0900_ai_ci COMMENT = '字典数据表' ROW_FORMAT = Dynamic;

-- ----------------------------
-- Records of sys_dict_data
-- ----------------------------
INSERT INTO `sys_dict_data` VALUES (1, 1, '男', '0', 'sys_user_sex', '', '', 'Y', '0', 'admin', '2023-07-11 09:17:50', '', NULL, '性别男');
INSERT INTO `sys_dict_data` VALUES (2, 2, '女', '1', 'sys_user_sex', '', '', 'N', '0', 'admin', '2023-07-11 09:17:50', '', NULL, '性别女');
INSERT INTO `sys_dict_data` VALUES (3, 3, '未知', '2', 'sys_user_sex', '', '', 'N', '0', 'admin', '2023-07-11 09:17:50', '', NULL, '性别未知');
INSERT INTO `sys_dict_data` VALUES (4, 1, '显示', '0', 'sys_show_hide', '', 'primary', 'Y', '0', 'admin', '2023-07-11 09:17:50', '', NULL, '显示菜单');
INSERT INTO `sys_dict_data` VALUES (5, 2, '隐藏', '1', 'sys_show_hide', '', 'danger', 'N', '0', 'admin', '2023-07-11 09:17:50', '', NULL, '隐藏菜单');
INSERT INTO `sys_dict_data` VALUES (6, 1, '正常', '0', 'sys_normal_disable', '', 'primary', 'Y', '0', 'admin', '2023-07-11 09:17:50', '', NULL, '正常状态');
INSERT INTO `sys_dict_data` VALUES (7, 2, '停用', '1', 'sys_normal_disable', '', 'danger', 'N', '0', 'admin', '2023-07-11 09:17:50', '', NULL, '停用状态');
INSERT INTO `sys_dict_data` VALUES (8, 1, '正常', '0', 'sys_job_status', '', 'primary', 'Y', '0', 'admin', '2023-07-11 09:17:50', '', NULL, '正常状态');
INSERT INTO `sys_dict_data` VALUES (9, 2, '暂停', '1', 'sys_job_status', '', 'danger', 'N', '0', 'admin', '2023-07-11 09:17:50', '', NULL, '停用状态');
INSERT INTO `sys_dict_data` VALUES (10, 1, '默认', 'DEFAULT', 'sys_job_group', '', '', 'Y', '0', 'admin', '2023-07-11 09:17:50', '', NULL, '默认分组');
INSERT INTO `sys_dict_data` VALUES (11, 2, '系统', 'SYSTEM', 'sys_job_group', '', '', 'N', '0', 'admin', '2023-07-11 09:17:50', '', NULL, '系统分组');
INSERT INTO `sys_dict_data` VALUES (12, 1, '是', 'Y', 'sys_yes_no', '', 'primary', 'Y', '0', 'admin', '2023-07-11 09:17:50', '', NULL, '系统默认是');
INSERT INTO `sys_dict_data` VALUES (13, 2, '否', 'N', 'sys_yes_no', '', 'danger', 'N', '0', 'admin', '2023-07-11 09:17:50', '', NULL, '系统默认否');
INSERT INTO `sys_dict_data` VALUES (14, 1, '通知', '1', 'sys_notice_type', '', 'warning', 'Y', '0', 'admin', '2023-07-11 09:17:50', '', NULL, '通知');
INSERT INTO `sys_dict_data` VALUES (15, 2, '公告', '2', 'sys_notice_type', '', 'success', 'N', '0', 'admin', '2023-07-11 09:17:50', '', NULL, '公告');
INSERT INTO `sys_dict_data` VALUES (16, 1, '正常', '0', 'sys_notice_status', '', 'primary', 'Y', '0', 'admin', '2023-07-11 09:17:50', '', NULL, '正常状态');
INSERT INTO `sys_dict_data` VALUES (17, 2, '关闭', '1', 'sys_notice_status', '', 'danger', 'N', '0', 'admin', '2023-07-11 09:17:50', '', NULL, '关闭状态');
INSERT INTO `sys_dict_data` VALUES (18, 99, '其他', '0', 'sys_oper_type', '', 'info', 'N', '0', 'admin', '2023-07-11 09:17:50', '', NULL, '其他操作');
INSERT INTO `sys_dict_data` VALUES (19, 1, '新增', '1', 'sys_oper_type', '', 'info', 'N', '0', 'admin', '2023-07-11 09:17:50', '', NULL, '新增操作');
INSERT INTO `sys_dict_data` VALUES (20, 2, '修改', '2', 'sys_oper_type', '', 'info', 'N', '0', 'admin', '2023-07-11 09:17:50', '', NULL, '修改操作');
INSERT INTO `sys_dict_data` VALUES (21, 3, '删除', '3', 'sys_oper_type', '', 'danger', 'N', '0', 'admin', '2023-07-11 09:17:50', '', NULL, '删除操作');
INSERT INTO `sys_dict_data` VALUES (22, 4, '授权', '4', 'sys_oper_type', '', 'primary', 'N', '0', 'admin', '2023-07-11 09:17:50', '', NULL, '授权操作');
INSERT INTO `sys_dict_data` VALUES (23, 5, '导出', '5', 'sys_oper_type', '', 'warning', 'N', '0', 'admin', '2023-07-11 09:17:50', '', NULL, '导出操作');
INSERT INTO `sys_dict_data` VALUES (24, 6, '导入', '6', 'sys_oper_type', '', 'warning', 'N', '0', 'admin', '2023-07-11 09:17:50', '', NULL, '导入操作');
INSERT INTO `sys_dict_data` VALUES (25, 7, '强退', '7', 'sys_oper_type', '', 'danger', 'N', '0', 'admin', '2023-07-11 09:17:50', '', NULL, '强退操作');
INSERT INTO `sys_dict_data` VALUES (26, 8, '生成代码', '8', 'sys_oper_type', '', 'warning', 'N', '0', 'admin', '2023-07-11 09:17:50', '', NULL, '生成操作');
INSERT INTO `sys_dict_data` VALUES (27, 9, '清空数据', '9', 'sys_oper_type', '', 'danger', 'N', '0', 'admin', '2023-07-11 09:17:50', '', NULL, '清空操作');
INSERT INTO `sys_dict_data` VALUES (28, 1, '成功', '0', 'sys_common_status', '', 'primary', 'N', '0', 'admin', '2023-07-11 09:17:50', '', NULL, '正常状态');
INSERT INTO `sys_dict_data` VALUES (29, 2, '失败', '1', 'sys_common_status', '', 'danger', 'N', '0', 'admin', '2023-07-11 09:17:50', '', NULL, '停用状态');

-- ----------------------------
-- Table structure for sys_dict_type
-- ----------------------------
DROP TABLE IF EXISTS `sys_dict_type`;
CREATE TABLE `sys_dict_type`  (
  `dict_id` bigint NOT NULL AUTO_INCREMENT COMMENT '字典主键',
  `dict_name` varchar(100) CHARACTER SET utf8mb4 COLLATE utf8mb4_0900_ai_ci NULL DEFAULT '' COMMENT '字典名称',
  `dict_type` varchar(100) CHARACTER SET utf8mb4 COLLATE utf8mb4_0900_ai_ci NULL DEFAULT '' COMMENT '字典类型',
  `status` char(1) CHARACTER SET utf8mb4 COLLATE utf8mb4_0900_ai_ci NULL DEFAULT '0' COMMENT '状态（0正常 1停用）',
  `create_by` varchar(64) CHARACTER SET utf8mb4 COLLATE utf8mb4_0900_ai_ci NULL DEFAULT '' COMMENT '创建者',
  `create_time` datetime NULL DEFAULT NULL COMMENT '创建时间',
  `update_by` varchar(64) CHARACTER SET utf8mb4 COLLATE utf8mb4_0900_ai_ci NULL DEFAULT '' COMMENT '更新者',
  `update_time` datetime NULL DEFAULT NULL COMMENT '更新时间',
  `remark` varchar(500) CHARACTER SET utf8mb4 COLLATE utf8mb4_0900_ai_ci NULL DEFAULT NULL COMMENT '备注',
  PRIMARY KEY (`dict_id`) USING BTREE,
  UNIQUE INDEX `dict_type`(`dict_type` ASC) USING BTREE
) ENGINE = InnoDB AUTO_INCREMENT = 100 CHARACTER SET = utf8mb4 COLLATE = utf8mb4_0900_ai_ci COMMENT = '字典类型表' ROW_FORMAT = Dynamic;

-- ----------------------------
-- Records of sys_dict_type
-- ----------------------------
INSERT INTO `sys_dict_type` VALUES (1, '用户性别', 'sys_user_sex', '0', 'admin', '2023-07-11 09:17:50', '', NULL, '用户性别列表');
INSERT INTO `sys_dict_type` VALUES (2, '菜单状态', 'sys_show_hide', '0', 'admin', '2023-07-11 09:17:50', '', NULL, '菜单状态列表');
INSERT INTO `sys_dict_type` VALUES (3, '系统开关', 'sys_normal_disable', '0', 'admin', '2023-07-11 09:17:50', '', NULL, '系统开关列表');
INSERT INTO `sys_dict_type` VALUES (4, '任务状态', 'sys_job_status', '0', 'admin', '2023-07-11 09:17:50', '', NULL, '任务状态列表');
INSERT INTO `sys_dict_type` VALUES (5, '任务分组', 'sys_job_group', '0', 'admin', '2023-07-11 09:17:50', '', NULL, '任务分组列表');
INSERT INTO `sys_dict_type` VALUES (6, '系统是否', 'sys_yes_no', '0', 'admin', '2023-07-11 09:17:50', '', NULL, '系统是否列表');
INSERT INTO `sys_dict_type` VALUES (7, '通知类型', 'sys_notice_type', '0', 'admin', '2023-07-11 09:17:50', '', NULL, '通知类型列表');
INSERT INTO `sys_dict_type` VALUES (8, '通知状态', 'sys_notice_status', '0', 'admin', '2023-07-11 09:17:50', '', NULL, '通知状态列表');
INSERT INTO `sys_dict_type` VALUES (9, '操作类型', 'sys_oper_type', '0', 'admin', '2023-07-11 09:17:50', '', NULL, '操作类型列表');
INSERT INTO `sys_dict_type` VALUES (10, '系统状态', 'sys_common_status', '0', 'admin', '2023-07-11 09:17:50', '', NULL, '登录状态列表');

-- ----------------------------
-- Table structure for sys_job
-- ----------------------------
DROP TABLE IF EXISTS `sys_job`;
CREATE TABLE `sys_job`  (
  `job_id` bigint NOT NULL AUTO_INCREMENT COMMENT '任务ID',
  `job_name` varchar(64) CHARACTER SET utf8mb4 COLLATE utf8mb4_0900_ai_ci NOT NULL DEFAULT '' COMMENT '任务名称',
  `job_group` varchar(64) CHARACTER SET utf8mb4 COLLATE utf8mb4_0900_ai_ci NOT NULL DEFAULT 'DEFAULT' COMMENT '任务组名',
  `invoke_target` varchar(500) CHARACTER SET utf8mb4 COLLATE utf8mb4_0900_ai_ci NOT NULL COMMENT '调用目标字符串',
  `cron_expression` varchar(255) CHARACTER SET utf8mb4 COLLATE utf8mb4_0900_ai_ci NULL DEFAULT '' COMMENT 'cron执行表达式',
  `misfire_policy` varchar(20) CHARACTER SET utf8mb4 COLLATE utf8mb4_0900_ai_ci NULL DEFAULT '3' COMMENT '计划执行错误策略（1立即执行 2执行一次 3放弃执行）',
  `concurrent` char(1) CHARACTER SET utf8mb4 COLLATE utf8mb4_0900_ai_ci NULL DEFAULT '1' COMMENT '是否并发执行（0允许 1禁止）',
  `status` char(1) CHARACTER SET utf8mb4 COLLATE utf8mb4_0900_ai_ci NULL DEFAULT '0' COMMENT '状态（0正常 1暂停）',
  `create_by` varchar(64) CHARACTER SET utf8mb4 COLLATE utf8mb4_0900_ai_ci NULL DEFAULT '' COMMENT '创建者',
  `create_time` datetime NULL DEFAULT NULL COMMENT '创建时间',
  `update_by` varchar(64) CHARACTER SET utf8mb4 COLLATE utf8mb4_0900_ai_ci NULL DEFAULT '' COMMENT '更新者',
  `update_time` datetime NULL DEFAULT NULL COMMENT '更新时间',
  `remark` varchar(500) CHARACTER SET utf8mb4 COLLATE utf8mb4_0900_ai_ci NULL DEFAULT '' COMMENT '备注信息',
  PRIMARY KEY (`job_id`, `job_name`, `job_group`) USING BTREE
) ENGINE = InnoDB AUTO_INCREMENT = 100 CHARACTER SET = utf8mb4 COLLATE = utf8mb4_0900_ai_ci COMMENT = '定时任务调度表' ROW_FORMAT = Dynamic;

-- ----------------------------
-- Records of sys_job
-- ----------------------------
INSERT INTO `sys_job` VALUES (1, '系统默认（无参）', 'DEFAULT', 'ryTask.ryNoParams', '0/10 * * * * ?', '3', '1', '1', 'admin', '2023-07-11 09:17:50', '', NULL, '');
INSERT INTO `sys_job` VALUES (2, '系统默认（有参）', 'DEFAULT', 'ryTask.ryParams(\'ry\')', '0/15 * * * * ?', '3', '1', '1', 'admin', '2023-07-11 09:17:50', '', NULL, '');
INSERT INTO `sys_job` VALUES (3, '系统默认（多参）', 'DEFAULT', 'ryTask.ryMultipleParams(\'ry\', true, 2000L, 316.50D, 100)', '0/20 * * * * ?', '3', '1', '1', 'admin', '2023-07-11 09:17:50', '', NULL, '');

-- ----------------------------
-- Table structure for sys_job_log
-- ----------------------------
DROP TABLE IF EXISTS `sys_job_log`;
CREATE TABLE `sys_job_log`  (
  `job_log_id` bigint NOT NULL AUTO_INCREMENT COMMENT '任务日志ID',
  `job_name` varchar(64) CHARACTER SET utf8mb4 COLLATE utf8mb4_0900_ai_ci NOT NULL COMMENT '任务名称',
  `job_group` varchar(64) CHARACTER SET utf8mb4 COLLATE utf8mb4_0900_ai_ci NOT NULL COMMENT '任务组名',
  `invoke_target` varchar(500) CHARACTER SET utf8mb4 COLLATE utf8mb4_0900_ai_ci NOT NULL COMMENT '调用目标字符串',
  `job_message` varchar(500) CHARACTER SET utf8mb4 COLLATE utf8mb4_0900_ai_ci NULL DEFAULT NULL COMMENT '日志信息',
  `status` char(1) CHARACTER SET utf8mb4 COLLATE utf8mb4_0900_ai_ci NULL DEFAULT '0' COMMENT '执行状态（0正常 1失败）',
  `exception_info` varchar(2000) CHARACTER SET utf8mb4 COLLATE utf8mb4_0900_ai_ci NULL DEFAULT '' COMMENT '异常信息',
  `create_time` datetime NULL DEFAULT NULL COMMENT '创建时间',
  PRIMARY KEY (`job_log_id`) USING BTREE
) ENGINE = InnoDB AUTO_INCREMENT = 1 CHARACTER SET = utf8mb4 COLLATE = utf8mb4_0900_ai_ci COMMENT = '定时任务调度日志表' ROW_FORMAT = Dynamic;

-- ----------------------------
-- Records of sys_job_log
-- ----------------------------

-- ----------------------------
-- Table structure for sys_logininfor
-- ----------------------------
DROP TABLE IF EXISTS `sys_logininfor`;
CREATE TABLE `sys_logininfor`  (
  `info_id` bigint NOT NULL AUTO_INCREMENT COMMENT '访问ID',
  `user_name` varchar(50) CHARACTER SET utf8mb4 COLLATE utf8mb4_0900_ai_ci NULL DEFAULT '' COMMENT '用户账号',
  `ipaddr` varchar(128) CHARACTER SET utf8mb4 COLLATE utf8mb4_0900_ai_ci NULL DEFAULT '' COMMENT '登录IP地址',
  `login_location` varchar(255) CHARACTER SET utf8mb4 COLLATE utf8mb4_0900_ai_ci NULL DEFAULT '' COMMENT '登录地点',
  `browser` varchar(50) CHARACTER SET utf8mb4 COLLATE utf8mb4_0900_ai_ci NULL DEFAULT '' COMMENT '浏览器类型',
  `os` varchar(50) CHARACTER SET utf8mb4 COLLATE utf8mb4_0900_ai_ci NULL DEFAULT '' COMMENT '操作系统',
  `status` char(1) CHARACTER SET utf8mb4 COLLATE utf8mb4_0900_ai_ci NULL DEFAULT '0' COMMENT '登录状态（0成功 1失败）',
  `msg` varchar(255) CHARACTER SET utf8mb4 COLLATE utf8mb4_0900_ai_ci NULL DEFAULT '' COMMENT '提示消息',
  `login_time` datetime NULL DEFAULT NULL COMMENT '访问时间',
  PRIMARY KEY (`info_id`) USING BTREE,
  INDEX `idx_sys_logininfor_s`(`status` ASC) USING BTREE,
  INDEX `idx_sys_logininfor_lt`(`login_time` ASC) USING BTREE
) ENGINE = InnoDB AUTO_INCREMENT = 280 CHARACTER SET = utf8mb4 COLLATE = utf8mb4_0900_ai_ci COMMENT = '系统访问记录' ROW_FORMAT = Dynamic;

-- ----------------------------
-- Records of sys_logininfor
-- ----------------------------
INSERT INTO `sys_logininfor` VALUES (100, 'admin', '127.0.0.1', '内网IP', 'Chrome 11', 'Linux', '1', '密码输入错误1次', '2023-07-11 09:18:35');
INSERT INTO `sys_logininfor` VALUES (101, 'admin', '127.0.0.1', '内网IP', 'Chrome 11', 'Linux', '1', '用户不存在/密码错误', '2023-07-11 09:18:35');
INSERT INTO `sys_logininfor` VALUES (102, 'admin', '127.0.0.1', '内网IP', 'Chrome 11', 'Linux', '1', '密码输入错误2次', '2023-07-11 09:18:51');
INSERT INTO `sys_logininfor` VALUES (103, 'admin', '127.0.0.1', '内网IP', 'Chrome 11', 'Linux', '1', '用户不存在/密码错误', '2023-07-11 09:18:51');
INSERT INTO `sys_logininfor` VALUES (104, 'admin', '127.0.0.1', '内网IP', 'Firefox 11', 'Ubuntu', '1', '验证码已失效', '2023-07-11 09:21:30');
INSERT INTO `sys_logininfor` VALUES (105, 'admin', '127.0.0.1', '内网IP', 'Firefox 11', 'Ubuntu', '0', '登录成功', '2023-07-11 09:21:35');
INSERT INTO `sys_logininfor` VALUES (106, 'admin', '127.0.0.1', '内网IP', 'Chrome 11', 'Linux', '1', '密码输入错误1次', '2023-07-11 09:22:32');
INSERT INTO `sys_logininfor` VALUES (107, 'admin', '127.0.0.1', '内网IP', 'Chrome 11', 'Linux', '1', '用户不存在/密码错误', '2023-07-11 09:22:32');
INSERT INTO `sys_logininfor` VALUES (108, 'admin', '127.0.0.1', '内网IP', 'Chrome 11', 'Linux', '1', '密码输入错误2次', '2023-07-11 09:22:44');
INSERT INTO `sys_logininfor` VALUES (109, 'admin', '127.0.0.1', '内网IP', 'Chrome 11', 'Linux', '1', '用户不存在/密码错误', '2023-07-11 09:22:44');
INSERT INTO `sys_logininfor` VALUES (110, 'admin', '127.0.0.1', '内网IP', 'Chrome 11', 'Linux', '1', '密码输入错误1次', '2023-07-11 10:00:12');
INSERT INTO `sys_logininfor` VALUES (111, 'admin', '127.0.0.1', '内网IP', 'Chrome 11', 'Linux', '1', '用户不存在/密码错误', '2023-07-11 10:00:12');
INSERT INTO `sys_logininfor` VALUES (112, 'admin', '127.0.0.1', '内网IP', 'Chrome 11', 'Linux', '1', '密码输入错误2次', '2023-07-11 10:00:20');
INSERT INTO `sys_logininfor` VALUES (113, 'admin', '127.0.0.1', '内网IP', 'Chrome 11', 'Linux', '1', '用户不存在/密码错误', '2023-07-11 10:00:20');
INSERT INTO `sys_logininfor` VALUES (114, 'admin', '127.0.0.1', '内网IP', 'Firefox 11', 'Ubuntu', '1', '验证码错误', '2023-07-11 10:31:52');
INSERT INTO `sys_logininfor` VALUES (115, 'admin', '127.0.0.1', '内网IP', 'Firefox 11', 'Ubuntu', '0', '登录成功', '2023-07-11 10:31:55');
INSERT INTO `sys_logininfor` VALUES (116, 'admin', '127.0.0.1', '内网IP', 'Firefox 11', 'Ubuntu', '0', '退出成功', '2023-07-11 11:14:07');
INSERT INTO `sys_logininfor` VALUES (117, 'zhangyuhao', '127.0.0.1', '内网IP', 'Firefox 11', 'Ubuntu', '0', '登录成功', '2023-07-11 11:14:19');
INSERT INTO `sys_logininfor` VALUES (118, 'zhangyuhao', '127.0.0.1', '内网IP', 'Firefox 11', 'Ubuntu', '0', '退出成功', '2023-07-11 11:14:26');
INSERT INTO `sys_logininfor` VALUES (119, 'admin', '127.0.0.1', '内网IP', 'Firefox 11', 'Ubuntu', '0', '登录成功', '2023-07-11 11:14:34');
INSERT INTO `sys_logininfor` VALUES (120, 'admin', '127.0.0.1', '内网IP', 'Firefox 11', 'Ubuntu', '0', '登录成功', '2023-07-11 13:06:57');
INSERT INTO `sys_logininfor` VALUES (121, 'admin', '127.0.0.1', '内网IP', 'Firefox 11', 'Ubuntu', '0', '登录成功', '2023-07-11 14:10:17');
INSERT INTO `sys_logininfor` VALUES (122, 'admin', '127.0.0.1', '内网IP', 'Firefox 11', 'Ubuntu', '0', '登录成功', '2023-07-11 16:01:33');
INSERT INTO `sys_logininfor` VALUES (123, 'admin', '127.0.0.1', '内网IP', 'Chrome 11', 'Linux', '1', '密码输入错误1次', '2023-07-12 08:49:56');
INSERT INTO `sys_logininfor` VALUES (124, 'admin', '127.0.0.1', '内网IP', 'Chrome 11', 'Linux', '1', '用户不存在/密码错误', '2023-07-12 08:49:56');
INSERT INTO `sys_logininfor` VALUES (125, 'admin', '127.0.0.1', '内网IP', 'Firefox 11', 'Ubuntu', '0', '登录成功', '2023-07-12 08:50:19');
INSERT INTO `sys_logininfor` VALUES (126, 'admin', '127.0.0.1', '内网IP', 'Firefox 11', 'Ubuntu', '0', '退出成功', '2023-07-12 09:09:18');
INSERT INTO `sys_logininfor` VALUES (127, 'admin', '127.0.0.1', '内网IP', 'Firefox 11', 'Ubuntu', '0', '登录成功', '2023-07-12 09:09:22');
INSERT INTO `sys_logininfor` VALUES (128, 'admin', '127.0.0.1', '内网IP', 'Firefox 11', 'Ubuntu', '0', '登录成功', '2023-07-12 10:44:58');
INSERT INTO `sys_logininfor` VALUES (129, 'admin', '127.0.0.1', '内网IP', 'Firefox 11', 'Ubuntu', '0', '退出成功', '2023-07-12 11:31:59');
INSERT INTO `sys_logininfor` VALUES (130, 'zhangyuhao', '127.0.0.1', '内网IP', 'Firefox 11', 'Ubuntu', '0', '登录成功', '2023-07-12 11:32:16');
INSERT INTO `sys_logininfor` VALUES (131, 'zhangyuhao', '127.0.0.1', '内网IP', 'Firefox 11', 'Ubuntu', '0', '退出成功', '2023-07-12 11:50:36');
INSERT INTO `sys_logininfor` VALUES (132, 'admin', '127.0.0.1', '内网IP', 'Firefox 11', 'Ubuntu', '0', '登录成功', '2023-07-12 11:50:52');
INSERT INTO `sys_logininfor` VALUES (133, 'admin', '127.0.0.1', '内网IP', 'Firefox 11', 'Ubuntu', '0', '退出成功', '2023-07-12 11:50:53');
INSERT INTO `sys_logininfor` VALUES (134, 'admin', '127.0.0.1', '内网IP', 'Firefox 11', 'Ubuntu', '1', '验证码已失效', '2023-07-12 11:51:04');
INSERT INTO `sys_logininfor` VALUES (135, 'admin', '127.0.0.1', '内网IP', 'Firefox 11', 'Ubuntu', '1', '密码输入错误1次', '2023-07-12 11:51:10');
INSERT INTO `sys_logininfor` VALUES (136, 'admin', '127.0.0.1', '内网IP', 'Firefox 11', 'Ubuntu', '1', '用户不存在/密码错误', '2023-07-12 11:51:10');
INSERT INTO `sys_logininfor` VALUES (137, 'admin', '127.0.0.1', '内网IP', 'Firefox 11', 'Ubuntu', '1', '密码输入错误2次', '2023-07-12 11:51:22');
INSERT INTO `sys_logininfor` VALUES (138, 'admin', '127.0.0.1', '内网IP', 'Firefox 11', 'Ubuntu', '1', '用户不存在/密码错误', '2023-07-12 11:51:23');
INSERT INTO `sys_logininfor` VALUES (139, 'admin', '127.0.0.1', '内网IP', 'Firefox 11', 'Ubuntu', '1', '密码输入错误3次', '2023-07-12 11:51:31');
INSERT INTO `sys_logininfor` VALUES (140, 'admin', '127.0.0.1', '内网IP', 'Firefox 11', 'Ubuntu', '1', '用户不存在/密码错误', '2023-07-12 11:51:31');
INSERT INTO `sys_logininfor` VALUES (141, 'admin', '127.0.0.1', '内网IP', 'Firefox 11', 'Ubuntu', '0', '登录成功', '2023-07-12 11:51:37');
INSERT INTO `sys_logininfor` VALUES (142, 'admin', '127.0.0.1', '内网IP', 'Firefox 11', 'Ubuntu', '0', '退出成功', '2023-07-12 11:51:37');
INSERT INTO `sys_logininfor` VALUES (143, 'admin', '127.0.0.1', '内网IP', 'Firefox 11', 'Ubuntu', '1', '验证码错误', '2023-07-12 11:53:36');
INSERT INTO `sys_logininfor` VALUES (144, 'admin', '127.0.0.1', '内网IP', 'Firefox 11', 'Ubuntu', '0', '登录成功', '2023-07-12 11:53:42');
INSERT INTO `sys_logininfor` VALUES (145, 'admin', '127.0.0.1', '内网IP', 'Firefox 11', 'Ubuntu', '0', '退出成功', '2023-07-12 11:54:36');
INSERT INTO `sys_logininfor` VALUES (146, 'admin', '127.0.0.1', '内网IP', 'Firefox 11', 'Ubuntu', '0', '登录成功', '2023-07-12 11:55:39');
INSERT INTO `sys_logininfor` VALUES (147, 'admin', '127.0.0.1', '内网IP', 'Firefox 11', 'Ubuntu', '0', '退出成功', '2023-07-12 11:55:45');
INSERT INTO `sys_logininfor` VALUES (148, 'zhangyuhao', '127.0.0.1', '内网IP', 'Firefox 11', 'Ubuntu', '0', '登录成功', '2023-07-12 11:55:58');
INSERT INTO `sys_logininfor` VALUES (149, 'zhangyuhao', '127.0.0.1', '内网IP', 'Chrome 11', 'Linux', '0', '登录成功', '2023-07-12 11:57:17');
INSERT INTO `sys_logininfor` VALUES (150, 'zhangyuhao', '127.0.0.1', '内网IP', 'Firefox 11', 'Ubuntu', '0', '退出成功', '2023-07-12 11:59:42');
INSERT INTO `sys_logininfor` VALUES (151, 'zhangyuhao', '127.0.0.1', '内网IP', 'Firefox 11', 'Ubuntu', '0', '登录成功', '2023-07-12 11:59:55');
INSERT INTO `sys_logininfor` VALUES (152, 'zhangyuhao', '127.0.0.1', '内网IP', 'Chrome 11', 'Linux', '0', '登录成功', '2023-07-12 12:49:22');
INSERT INTO `sys_logininfor` VALUES (153, 'zhangyuhao', '127.0.0.1', '内网IP', 'Chrome 11', 'Linux', '0', '退出成功', '2023-07-12 13:03:04');
INSERT INTO `sys_logininfor` VALUES (154, 'zhangyuhao', '127.0.0.1', '内网IP', 'Chrome 11', 'Linux', '0', '登录成功', '2023-07-12 13:03:19');
INSERT INTO `sys_logininfor` VALUES (155, 'zhangyuhao', '127.0.0.1', '内网IP', 'Firefox 11', 'Ubuntu', '1', '验证码已失效', '2023-07-12 13:21:02');
INSERT INTO `sys_logininfor` VALUES (156, 'zhangyuhao', '127.0.0.1', '内网IP', 'Firefox 11', 'Ubuntu', '0', '登录成功', '2023-07-12 13:21:06');
INSERT INTO `sys_logininfor` VALUES (157, 'zhangyuhao', '127.0.0.1', '内网IP', 'Firefox 11', 'Ubuntu', '0', '退出成功', '2023-07-12 13:51:00');
INSERT INTO `sys_logininfor` VALUES (158, 'admin', '127.0.0.1', '内网IP', 'Firefox 11', 'Ubuntu', '0', '登录成功', '2023-07-12 13:51:12');
INSERT INTO `sys_logininfor` VALUES (159, 'admin', '127.0.0.1', '内网IP', 'Firefox 11', 'Ubuntu', '0', '登录成功', '2023-07-12 15:20:43');
INSERT INTO `sys_logininfor` VALUES (160, 'admin', '127.0.0.1', '内网IP', 'Chrome 11', 'Linux', '1', '密码输入错误1次', '2023-07-12 16:48:52');
INSERT INTO `sys_logininfor` VALUES (161, 'admin', '127.0.0.1', '内网IP', 'Chrome 11', 'Linux', '1', '用户不存在/密码错误', '2023-07-12 16:48:52');
INSERT INTO `sys_logininfor` VALUES (162, 'admin', '127.0.0.1', '内网IP', 'Chrome 11', 'Linux', '0', '登录成功', '2023-07-12 16:49:00');
INSERT INTO `sys_logininfor` VALUES (163, 'admin', '127.0.0.1', '内网IP', 'Chrome 11', 'Linux', '0', '登录成功', '2023-07-12 16:59:32');
INSERT INTO `sys_logininfor` VALUES (164, 'admin', '127.0.0.1', '内网IP', 'Firefox 11', 'Ubuntu', '0', '登录成功', '2023-07-13 09:35:22');
INSERT INTO `sys_logininfor` VALUES (165, 'admin', '127.0.0.1', '内网IP', 'Firefox 11', 'Ubuntu', '0', '退出成功', '2023-07-13 09:35:31');
INSERT INTO `sys_logininfor` VALUES (166, 'zhangyuhao', '127.0.0.1', '内网IP', 'Firefox 11', 'Ubuntu', '0', '登录成功', '2023-07-13 09:35:45');
INSERT INTO `sys_logininfor` VALUES (167, 'zhangyuhao', '127.0.0.1', '内网IP', 'Firefox 11', 'Ubuntu', '0', '退出成功', '2023-07-13 09:36:07');
INSERT INTO `sys_logininfor` VALUES (168, 'admin', '127.0.0.1', '内网IP', 'Firefox 11', 'Ubuntu', '0', '登录成功', '2023-07-13 09:36:11');
INSERT INTO `sys_logininfor` VALUES (169, 'admin', '127.0.0.1', '内网IP', 'Firefox 11', 'Ubuntu', '0', '登录成功', '2023-07-13 09:57:42');
INSERT INTO `sys_logininfor` VALUES (170, 'admin', '127.0.0.1', '内网IP', 'Firefox 11', 'Ubuntu', '0', '登录成功', '2023-07-13 11:32:43');
INSERT INTO `sys_logininfor` VALUES (171, 'admin', '127.0.0.1', '内网IP', 'Firefox 11', 'Ubuntu', '0', '登录成功', '2023-07-13 12:43:41');
INSERT INTO `sys_logininfor` VALUES (172, 'admin', '127.0.0.1', '内网IP', 'Firefox 11', 'Ubuntu', '0', '登录成功', '2023-07-13 14:27:55');
INSERT INTO `sys_logininfor` VALUES (173, 'admin', '127.0.0.1', '内网IP', 'Firefox 11', 'Ubuntu', '0', '登录成功', '2023-07-13 15:39:08');
INSERT INTO `sys_logininfor` VALUES (174, 'admin', '127.0.0.1', '内网IP', 'Chrome 11', 'Linux', '0', '登录成功', '2023-07-14 12:47:17');
INSERT INTO `sys_logininfor` VALUES (175, 'admin', '127.0.0.1', '内网IP', 'Chrome 11', 'Linux', '0', '登录成功', '2023-07-14 13:03:03');
INSERT INTO `sys_logininfor` VALUES (176, 'admin', '127.0.0.1', '内网IP', 'Chrome 11', 'Linux', '0', '登录成功', '2023-07-14 14:01:23');
INSERT INTO `sys_logininfor` VALUES (177, 'admin', '127.0.0.1', '内网IP', 'Chrome 11', 'Linux', '0', '登录成功', '2023-07-14 14:22:19');
INSERT INTO `sys_logininfor` VALUES (178, 'admin', '127.0.0.1', '内网IP', 'Chrome 11', 'Linux', '0', '登录成功', '2023-07-14 14:37:24');
INSERT INTO `sys_logininfor` VALUES (179, 'admin', '127.0.0.1', '内网IP', 'Chrome 11', 'Linux', '0', '登录成功', '2023-07-14 14:44:00');
INSERT INTO `sys_logininfor` VALUES (180, 'admin', '127.0.0.1', '内网IP', 'Chrome 11', 'Linux', '0', '退出成功', '2023-07-14 14:49:43');
INSERT INTO `sys_logininfor` VALUES (181, 'admin', '127.0.0.1', '内网IP', 'Chrome 11', 'Linux', '1', '验证码已失效', '2023-07-14 14:53:43');
INSERT INTO `sys_logininfor` VALUES (182, 'admin', '127.0.0.1', '内网IP', 'Chrome 11', 'Linux', '1', '验证码已失效', '2023-07-14 15:12:29');
INSERT INTO `sys_logininfor` VALUES (183, 'admin', '127.0.0.1', '内网IP', 'Chrome 11', 'Linux', '0', '登录成功', '2023-07-14 15:12:34');
INSERT INTO `sys_logininfor` VALUES (184, 'admin', '127.0.0.1', '内网IP', 'Chrome 11', 'Linux', '0', '退出成功', '2023-07-14 15:13:02');
INSERT INTO `sys_logininfor` VALUES (185, 'admin', '127.0.0.1', '内网IP', 'Chrome 11', 'Linux', '0', '登录成功', '2023-07-14 15:13:10');
INSERT INTO `sys_logininfor` VALUES (186, 'admin', '127.0.0.1', '内网IP', 'Chrome 11', 'Linux', '0', '退出成功', '2023-07-14 15:13:22');
INSERT INTO `sys_logininfor` VALUES (187, 'zyh', '127.0.0.1', '内网IP', 'Chrome 11', 'Linux', '0', '登录成功', '2023-07-14 15:13:36');
INSERT INTO `sys_logininfor` VALUES (188, 'zyh', '127.0.0.1', '内网IP', 'Chrome 11', 'Linux', '0', '退出成功', '2023-07-14 15:13:53');
INSERT INTO `sys_logininfor` VALUES (189, 'admin', '127.0.0.1', '内网IP', 'Chrome 11', 'Linux', '0', '登录成功', '2023-07-14 15:14:05');
INSERT INTO `sys_logininfor` VALUES (190, 'admin', '127.0.0.1', '内网IP', 'Chrome 11', 'Linux', '0', '退出成功', '2023-07-14 15:14:50');
INSERT INTO `sys_logininfor` VALUES (191, 'zyh', '127.0.0.1', '内网IP', 'Chrome 11', 'Linux', '1', '密码输入错误1次', '2023-07-14 15:14:58');
INSERT INTO `sys_logininfor` VALUES (192, 'zyh', '127.0.0.1', '内网IP', 'Chrome 11', 'Linux', '1', '用户不存在/密码错误', '2023-07-14 15:14:58');
INSERT INTO `sys_logininfor` VALUES (193, 'zyh', '127.0.0.1', '内网IP', 'Chrome 11', 'Linux', '1', '密码输入错误2次', '2023-07-14 15:15:03');
INSERT INTO `sys_logininfor` VALUES (194, 'zyh', '127.0.0.1', '内网IP', 'Chrome 11', 'Linux', '1', '用户不存在/密码错误', '2023-07-14 15:15:03');
INSERT INTO `sys_logininfor` VALUES (195, 'zyh', '127.0.0.1', '内网IP', 'Chrome 11', 'Linux', '0', '登录成功', '2023-07-14 15:15:09');
INSERT INTO `sys_logininfor` VALUES (196, 'zyh', '127.0.0.1', '内网IP', 'Chrome 11', 'Linux', '1', '验证码错误', '2023-07-14 15:35:50');
INSERT INTO `sys_logininfor` VALUES (197, 'zyh', '127.0.0.1', '内网IP', 'Chrome 11', 'Linux', '0', '登录成功', '2023-07-14 15:35:50');
INSERT INTO `sys_logininfor` VALUES (198, 'admin', '127.0.0.1', '内网IP', 'Chrome 11', 'Linux', '0', '登录成功', '2023-07-14 15:39:09');
INSERT INTO `sys_logininfor` VALUES (199, 'zyh', '127.0.0.1', '内网IP', 'Chrome 11', 'Linux', '0', '登录成功', '2023-07-14 15:41:32');
INSERT INTO `sys_logininfor` VALUES (200, 'admin', '127.0.0.1', '内网IP', 'Chrome 11', 'Linux', '0', '登录成功', '2023-07-14 15:47:50');
INSERT INTO `sys_logininfor` VALUES (201, 'admin', '127.0.0.1', '内网IP', 'Chrome 11', 'Linux', '0', '退出成功', '2023-07-14 15:49:28');
INSERT INTO `sys_logininfor` VALUES (202, 'zyh', '127.0.0.1', '内网IP', 'Chrome 11', 'Linux', '0', '登录成功', '2023-07-14 15:49:39');
INSERT INTO `sys_logininfor` VALUES (203, 'admin', '127.0.0.1', '内网IP', 'Chrome 11', 'Linux', '0', '登录成功', '2023-07-14 16:13:22');
INSERT INTO `sys_logininfor` VALUES (204, 'admin', '127.0.0.1', '内网IP', 'Chrome 11', 'Linux', '0', '退出成功', '2023-07-14 16:16:08');
INSERT INTO `sys_logininfor` VALUES (205, 'admin', '127.0.0.1', '内网IP', 'Chrome 11', 'Linux', '1', '验证码已失效', '2023-07-14 16:18:52');
INSERT INTO `sys_logininfor` VALUES (206, 'admin', '127.0.0.1', '内网IP', 'Chrome 11', 'Linux', '0', '登录成功', '2023-07-14 16:18:57');
INSERT INTO `sys_logininfor` VALUES (207, 'admin', '127.0.0.1', '内网IP', 'Chrome 11', 'Linux', '0', '退出成功', '2023-07-14 16:22:31');
INSERT INTO `sys_logininfor` VALUES (208, 'zyh', '127.0.0.1', '内网IP', 'Chrome 11', 'Linux', '1', '验证码错误', '2023-07-14 16:22:43');
INSERT INTO `sys_logininfor` VALUES (209, 'zyh', '127.0.0.1', '内网IP', 'Chrome 11', 'Linux', '0', '登录成功', '2023-07-14 16:22:43');
INSERT INTO `sys_logininfor` VALUES (210, 'admin', '127.0.0.1', '内网IP', 'Chrome 11', 'Linux', '0', '登录成功', '2023-07-15 12:52:50');
INSERT INTO `sys_logininfor` VALUES (211, 'admin', '127.0.0.1', '内网IP', 'Chrome 11', 'Linux', '0', '登录成功', '2023-07-15 13:48:18');
INSERT INTO `sys_logininfor` VALUES (212, 'admin', '127.0.0.1', '内网IP', 'Chrome 11', 'Linux', '0', '登录成功', '2023-07-15 13:54:45');
INSERT INTO `sys_logininfor` VALUES (213, 'admin', '127.0.0.1', '内网IP', 'Chrome 11', 'Linux', '0', '登录成功', '2023-07-15 14:37:16');
INSERT INTO `sys_logininfor` VALUES (214, 'admin', '127.0.0.1', '内网IP', 'Chrome 11', 'Linux', '0', '登录成功', '2023-07-15 15:26:37');
INSERT INTO `sys_logininfor` VALUES (215, 'admin', '127.0.0.1', '内网IP', 'Chrome 11', 'Linux', '0', '登录成功', '2023-07-15 16:45:28');
INSERT INTO `sys_logininfor` VALUES (216, 'admin', '127.0.0.1', '内网IP', 'Chrome 11', 'Linux', '0', '登录成功', '2023-07-15 16:55:30');
INSERT INTO `sys_logininfor` VALUES (217, 'admin', '127.0.0.1', '内网IP', 'Chrome 11', 'Linux', '0', '登录成功', '2023-07-15 17:18:19');
INSERT INTO `sys_logininfor` VALUES (218, 'admin', '127.0.0.1', '内网IP', 'Chrome 11', 'Linux', '0', '登录成功', '2023-07-15 17:23:00');
INSERT INTO `sys_logininfor` VALUES (219, 'admin', '127.0.0.1', '内网IP', 'Chrome 11', 'Linux', '0', '登录成功', '2023-07-15 17:45:10');
INSERT INTO `sys_logininfor` VALUES (220, 'admin', '127.0.0.1', '内网IP', 'Chrome 11', 'Linux', '0', '登录成功', '2023-07-15 17:50:14');
INSERT INTO `sys_logininfor` VALUES (221, 'admin', '127.0.0.1', '内网IP', 'Chrome 11', 'Linux', '0', '登录成功', '2023-07-16 10:25:55');
INSERT INTO `sys_logininfor` VALUES (222, 'admin', '127.0.0.1', '内网IP', 'Chrome 11', 'Linux', '0', '登录成功', '2023-07-16 10:37:06');
INSERT INTO `sys_logininfor` VALUES (223, 'admin', '127.0.0.1', '内网IP', 'Chrome 11', 'Linux', '0', '登录成功', '2023-07-16 10:37:20');
INSERT INTO `sys_logininfor` VALUES (224, 'admin', '127.0.0.1', '内网IP', 'Chrome 11', 'Linux', '0', '登录成功', '2023-07-16 14:48:22');
INSERT INTO `sys_logininfor` VALUES (225, 'admin', '127.0.0.1', '内网IP', 'Chrome 11', 'Linux', '0', '登录成功', '2023-07-16 15:23:03');
INSERT INTO `sys_logininfor` VALUES (226, 'admin', '127.0.0.1', '内网IP', 'Chrome 11', 'Linux', '0', '登录成功', '2023-07-25 11:29:59');
INSERT INTO `sys_logininfor` VALUES (227, 'admin', '127.0.0.1', '内网IP', 'Chrome 11', 'Linux', '0', '登录成功', '2023-07-25 12:45:56');
INSERT INTO `sys_logininfor` VALUES (228, 'admin', '127.0.0.1', '内网IP', 'Chrome 11', 'Linux', '0', '退出成功', '2023-07-25 12:46:08');
INSERT INTO `sys_logininfor` VALUES (229, 'admin', '127.0.0.1', '内网IP', 'Chrome 11', 'Linux', '0', '登录成功', '2023-07-25 12:46:18');
INSERT INTO `sys_logininfor` VALUES (230, 'admin', '127.0.0.1', '内网IP', 'Chrome 11', 'Linux', '0', '退出成功', '2023-07-25 12:46:52');
INSERT INTO `sys_logininfor` VALUES (231, 'admin', '127.0.0.1', '内网IP', 'Unknown', 'Unknown', '1', '验证码已失效', '2023-07-25 12:49:57');
INSERT INTO `sys_logininfor` VALUES (232, 'zgyh', '127.0.0.1', '内网IP', 'Unknown', 'Unknown', '0', '注册成功', '2023-07-25 13:04:37');
INSERT INTO `sys_logininfor` VALUES (233, 'admin', '127.0.0.1', '内网IP', 'Chrome 11', 'Linux', '0', '登录成功', '2023-07-25 13:04:55');
INSERT INTO `sys_logininfor` VALUES (234, 'admin', '127.0.0.1', '内网IP', 'Chrome 11', 'Linux', '0', '登录成功', '2023-07-25 13:45:03');
INSERT INTO `sys_logininfor` VALUES (235, 'admin', '127.0.0.1', '内网IP', 'Chrome 11', 'Linux', '1', '验证码错误', '2023-07-25 14:12:28');
INSERT INTO `sys_logininfor` VALUES (236, 'admin', '127.0.0.1', '内网IP', 'Chrome 11', 'Linux', '0', '登录成功', '2023-07-25 14:12:28');
INSERT INTO `sys_logininfor` VALUES (237, 'admin', '127.0.0.1', '内网IP', 'Chrome 11', 'Linux', '1', '验证码错误', '2023-07-25 14:12:28');
INSERT INTO `sys_logininfor` VALUES (238, 'admin', '127.0.0.1', '内网IP', 'Chrome 11', 'Linux', '1', '验证码错误', '2023-07-25 14:15:00');
INSERT INTO `sys_logininfor` VALUES (239, 'admin', '127.0.0.1', '内网IP', 'Chrome 11', 'Linux', '1', '验证码错误', '2023-07-25 14:15:00');
INSERT INTO `sys_logininfor` VALUES (240, 'admin', '127.0.0.1', '内网IP', 'Chrome 11', 'Linux', '0', '登录成功', '2023-07-25 14:15:00');
INSERT INTO `sys_logininfor` VALUES (241, 'admin', '127.0.0.1', '内网IP', 'Chrome 11', 'Linux', '0', '登录成功', '2023-07-25 16:18:15');
INSERT INTO `sys_logininfor` VALUES (242, 'admin', '127.0.0.1', '内网IP', 'Chrome 11', 'Linux', '1', '验证码已失效', '2023-07-25 16:18:15');
INSERT INTO `sys_logininfor` VALUES (243, 'admin', '127.0.0.1', '内网IP', 'Chrome 11', 'Linux', '0', '登录成功', '2023-07-25 16:35:20');
INSERT INTO `sys_logininfor` VALUES (244, 'admin', '127.0.0.1', '内网IP', 'Chrome 11', 'Linux', '0', '登录成功', '2023-07-25 16:43:48');
INSERT INTO `sys_logininfor` VALUES (245, 'admin', '127.0.0.1', '内网IP', 'Chrome 11', 'Linux', '0', '登录成功', '2023-07-25 16:46:37');
INSERT INTO `sys_logininfor` VALUES (246, 'admin', '127.0.0.1', '内网IP', 'Chrome 11', 'Linux', '1', '验证码错误', '2023-07-25 17:15:54');
INSERT INTO `sys_logininfor` VALUES (247, 'admin', '127.0.0.1', '内网IP', 'Chrome 11', 'Linux', '0', '登录成功', '2023-07-25 17:15:57');
INSERT INTO `sys_logininfor` VALUES (248, 'admin', '127.0.0.1', '内网IP', 'Chrome 11', 'Linux', '0', '登录成功', '2023-07-25 17:34:00');
INSERT INTO `sys_logininfor` VALUES (249, 'admin', '127.0.0.1', '内网IP', 'Chrome 11', 'Linux', '0', '登录成功', '2023-07-27 10:41:39');
INSERT INTO `sys_logininfor` VALUES (250, 'admin', '127.0.0.1', '内网IP', 'Firefox 11', 'Ubuntu', '0', '登录成功', '2023-07-27 10:56:52');
INSERT INTO `sys_logininfor` VALUES (251, 'admin', '127.0.0.1', '内网IP', 'Firefox 11', 'Ubuntu', '0', '登录成功', '2023-07-27 11:09:56');
INSERT INTO `sys_logininfor` VALUES (252, 'admin', '127.0.0.1', '内网IP', 'Firefox 11', 'Ubuntu', '0', '登录成功', '2023-07-27 11:20:20');
INSERT INTO `sys_logininfor` VALUES (253, 'admin', '127.0.0.1', '内网IP', 'Firefox 11', 'Ubuntu', '0', '退出成功', '2023-07-27 11:21:40');
INSERT INTO `sys_logininfor` VALUES (254, 'zyh', '127.0.0.1', '内网IP', 'Firefox 11', 'Ubuntu', '0', '登录成功', '2023-07-27 11:21:49');
INSERT INTO `sys_logininfor` VALUES (255, 'admin', '127.0.0.1', '内网IP', 'Firefox 11', 'Ubuntu', '0', '登录成功', '2023-07-27 11:42:38');
INSERT INTO `sys_logininfor` VALUES (256, 'admin', '127.0.0.1', '内网IP', 'Firefox 11', 'Ubuntu', '0', '登录成功', '2023-07-27 11:42:38');
INSERT INTO `sys_logininfor` VALUES (257, 'admin', '127.0.0.1', '内网IP', 'Firefox 11', 'Ubuntu', '0', '登录成功', '2023-07-27 11:50:24');
INSERT INTO `sys_logininfor` VALUES (258, 'admin', '127.0.0.1', '内网IP', 'Firefox 11', 'Ubuntu', '0', '登录成功', '2023-07-27 12:51:26');
INSERT INTO `sys_logininfor` VALUES (259, 'admin', '127.0.0.1', '内网IP', 'Chrome 11', 'Windows 10', '1', '验证码错误', '2023-07-28 16:22:25');
INSERT INTO `sys_logininfor` VALUES (260, 'admin', '127.0.0.1', '内网IP', 'Chrome 11', 'Windows 10', '0', '登录成功', '2023-07-28 16:22:29');
INSERT INTO `sys_logininfor` VALUES (261, 'admin', '127.0.0.1', '内网IP', 'Chrome 11', 'Windows 10', '0', '登录成功', '2023-07-28 16:22:31');
INSERT INTO `sys_logininfor` VALUES (262, 'admin', '127.0.0.1', '内网IP', 'Chrome 11', 'Windows 10', '0', '登录成功', '2023-07-28 16:22:47');
INSERT INTO `sys_logininfor` VALUES (263, 'admin', '127.0.0.1', '内网IP', 'Chrome 11', 'Windows 10', '0', '登录成功', '2023-07-28 16:30:16');
INSERT INTO `sys_logininfor` VALUES (264, 'admin', '127.0.0.1', '内网IP', 'Chrome 11', 'Windows 10', '0', '退出成功', '2023-07-28 16:31:58');
INSERT INTO `sys_logininfor` VALUES (265, 'org', '127.0.0.1', '内网IP', 'Chrome 11', 'Windows 10', '0', '登录成功', '2023-07-28 16:32:04');
INSERT INTO `sys_logininfor` VALUES (266, 'org', '127.0.0.1', '内网IP', 'Chrome 11', 'Windows 10', '0', '退出成功', '2023-07-28 16:32:09');
INSERT INTO `sys_logininfor` VALUES (267, 'admin', '127.0.0.1', '内网IP', 'Chrome 11', 'Windows 10', '1', '验证码错误', '2023-07-28 16:32:21');
INSERT INTO `sys_logininfor` VALUES (268, 'admin', '127.0.0.1', '内网IP', 'Chrome 11', 'Windows 10', '0', '登录成功', '2023-07-28 16:32:24');
INSERT INTO `sys_logininfor` VALUES (269, 'admin', '127.0.0.1', '内网IP', 'Chrome 11', 'Windows 10', '0', '退出成功', '2023-07-28 16:38:10');
INSERT INTO `sys_logininfor` VALUES (270, 'org', '127.0.0.1', '内网IP', 'Chrome 11', 'Windows 10', '0', '登录成功', '2023-07-28 16:38:18');
INSERT INTO `sys_logininfor` VALUES (271, 'org', '127.0.0.1', '内网IP', 'Chrome 11', 'Windows 10', '0', '退出成功', '2023-07-28 16:53:39');
INSERT INTO `sys_logininfor` VALUES (272, 'org', '127.0.0.1', '内网IP', 'Chrome 11', 'Windows 10', '0', '登录成功', '2023-07-28 16:54:09');
INSERT INTO `sys_logininfor` VALUES (273, 'org', '127.0.0.1', '内网IP', 'Chrome 11', 'Windows 10', '0', '退出成功', '2023-07-28 17:06:41');
INSERT INTO `sys_logininfor` VALUES (274, 'admin', '127.0.0.1', '内网IP', 'Chrome 11', 'Windows 10', '0', '登录成功', '2023-07-28 17:06:49');
INSERT INTO `sys_logininfor` VALUES (275, 'admin', '127.0.0.1', '内网IP', 'Chrome 11', 'Windows 10', '0', '登录成功', '2023-07-28 18:11:33');
INSERT INTO `sys_logininfor` VALUES (276, 'admin', '127.0.0.1', '内网IP', 'Chrome 11', 'Windows 10', '0', '登录成功', '2023-07-28 20:08:27');
INSERT INTO `sys_logininfor` VALUES (277, 'admin', '127.0.0.1', '内网IP', 'Chrome 11', 'Windows 10', '0', '登录成功', '2023-07-28 20:21:13');
INSERT INTO `sys_logininfor` VALUES (278, 'admin', '127.0.0.1', '内网IP', 'Chrome 11', 'Windows 10', '0', '登录成功', '2023-07-28 20:38:07');
INSERT INTO `sys_logininfor` VALUES (279, 'admin', '127.0.0.1', '内网IP', 'Chrome 11', 'Windows 10', '0', '登录成功', '2023-07-28 21:34:36');

-- ----------------------------
-- Table structure for sys_menu
-- ----------------------------
DROP TABLE IF EXISTS `sys_menu`;
CREATE TABLE `sys_menu`  (
  `menu_id` bigint NOT NULL AUTO_INCREMENT COMMENT '菜单ID',
  `menu_name` varchar(50) CHARACTER SET utf8mb4 COLLATE utf8mb4_0900_ai_ci NOT NULL COMMENT '菜单名称',
  `parent_id` bigint NULL DEFAULT 0 COMMENT '父菜单ID',
  `order_num` int NULL DEFAULT 0 COMMENT '显示顺序',
  `path` varchar(200) CHARACTER SET utf8mb4 COLLATE utf8mb4_0900_ai_ci NULL DEFAULT '' COMMENT '路由地址',
  `component` varchar(255) CHARACTER SET utf8mb4 COLLATE utf8mb4_0900_ai_ci NULL DEFAULT NULL COMMENT '组件路径',
  `query` varchar(255) CHARACTER SET utf8mb4 COLLATE utf8mb4_0900_ai_ci NULL DEFAULT NULL COMMENT '路由参数',
  `is_frame` int NULL DEFAULT 1 COMMENT '是否为外链（0是 1否）',
  `is_cache` int NULL DEFAULT 0 COMMENT '是否缓存（0缓存 1不缓存）',
  `menu_type` char(1) CHARACTER SET utf8mb4 COLLATE utf8mb4_0900_ai_ci NULL DEFAULT '' COMMENT '菜单类型（M目录 C菜单 F按钮）',
  `visible` char(1) CHARACTER SET utf8mb4 COLLATE utf8mb4_0900_ai_ci NULL DEFAULT '0' COMMENT '菜单状态（0显示 1隐藏）',
  `status` char(1) CHARACTER SET utf8mb4 COLLATE utf8mb4_0900_ai_ci NULL DEFAULT '0' COMMENT '菜单状态（0正常 1停用）',
  `perms` varchar(100) CHARACTER SET utf8mb4 COLLATE utf8mb4_0900_ai_ci NULL DEFAULT NULL COMMENT '权限标识',
  `icon` varchar(100) CHARACTER SET utf8mb4 COLLATE utf8mb4_0900_ai_ci NULL DEFAULT '#' COMMENT '菜单图标',
  `create_by` varchar(64) CHARACTER SET utf8mb4 COLLATE utf8mb4_0900_ai_ci NULL DEFAULT '' COMMENT '创建者',
  `create_time` datetime NULL DEFAULT NULL COMMENT '创建时间',
  `update_by` varchar(64) CHARACTER SET utf8mb4 COLLATE utf8mb4_0900_ai_ci NULL DEFAULT '' COMMENT '更新者',
  `update_time` datetime NULL DEFAULT NULL COMMENT '更新时间',
  `remark` varchar(500) CHARACTER SET utf8mb4 COLLATE utf8mb4_0900_ai_ci NULL DEFAULT '' COMMENT '备注',
  PRIMARY KEY (`menu_id`) USING BTREE
) ENGINE = InnoDB AUTO_INCREMENT = 2106 CHARACTER SET = utf8mb4 COLLATE = utf8mb4_0900_ai_ci COMMENT = '菜单权限表' ROW_FORMAT = Dynamic;

-- ----------------------------
-- Records of sys_menu
-- ----------------------------
INSERT INTO `sys_menu` VALUES (1, '系统管理', 0, 1, 'system', NULL, '', 1, 0, 'M', '0', '0', '', 'system', 'admin', '2023-07-11 09:17:48', '', NULL, '系统管理目录');
INSERT INTO `sys_menu` VALUES (2, '系统监控', 0, 2, 'monitor', NULL, '', 1, 0, 'M', '0', '0', '', 'monitor', 'admin', '2023-07-11 09:17:48', '', NULL, '系统监控目录');
INSERT INTO `sys_menu` VALUES (3, '系统工具', 0, 3, 'tool', NULL, '', 1, 0, 'M', '0', '0', '', 'tool', 'admin', '2023-07-11 09:17:48', '', NULL, '系统工具目录');
INSERT INTO `sys_menu` VALUES (100, '用户管理', 1, 1, 'user', 'system/user/index', '', 1, 0, 'C', '0', '0', 'system:user:list', 'user', 'admin', '2023-07-11 09:17:48', '', NULL, '用户管理菜单');
INSERT INTO `sys_menu` VALUES (101, '角色管理', 1, 2, 'role', 'system/role/index', '', 1, 0, 'C', '0', '0', 'system:role:list', 'peoples', 'admin', '2023-07-11 09:17:48', '', NULL, '角色管理菜单');
INSERT INTO `sys_menu` VALUES (102, '菜单管理', 1, 3, 'menu', 'system/menu/index', '', 1, 0, 'C', '0', '0', 'system:menu:list', 'tree-table', 'admin', '2023-07-11 09:17:48', '', NULL, '菜单管理菜单');
INSERT INTO `sys_menu` VALUES (103, '部门管理', 1, 4, 'dept', 'system/dept/index', '', 1, 0, 'C', '0', '0', 'system:dept:list', 'tree', 'admin', '2023-07-11 09:17:48', '', NULL, '部门管理菜单');
INSERT INTO `sys_menu` VALUES (104, '岗位管理', 1, 5, 'post', 'system/post/index', '', 1, 0, 'C', '0', '0', 'system:post:list', 'post', 'admin', '2023-07-11 09:17:48', '', NULL, '岗位管理菜单');
INSERT INTO `sys_menu` VALUES (105, '字典管理', 1, 6, 'dict', 'system/dict/index', '', 1, 0, 'C', '0', '0', 'system:dict:list', 'dict', 'admin', '2023-07-11 09:17:48', '', NULL, '字典管理菜单');
INSERT INTO `sys_menu` VALUES (106, '参数设置', 1, 7, 'config', 'system/config/index', '', 1, 0, 'C', '0', '0', 'system:config:list', 'edit', 'admin', '2023-07-11 09:17:48', '', NULL, '参数设置菜单');
INSERT INTO `sys_menu` VALUES (107, '通知公告', 1, 8, 'notice', 'system/notice/index', '', 1, 0, 'C', '0', '0', 'system:notice:list', 'message', 'admin', '2023-07-11 09:17:48', '', NULL, '通知公告菜单');
INSERT INTO `sys_menu` VALUES (108, '日志管理', 1, 9, 'log', '', '', 1, 0, 'M', '0', '0', '', 'log', 'admin', '2023-07-11 09:17:48', '', NULL, '日志管理菜单');
INSERT INTO `sys_menu` VALUES (109, '在线用户', 2, 1, 'online', 'monitor/online/index', '', 1, 0, 'C', '0', '0', 'monitor:online:list', 'online', 'admin', '2023-07-11 09:17:48', '', NULL, '在线用户菜单');
INSERT INTO `sys_menu` VALUES (110, '定时任务', 2, 2, 'job', 'monitor/job/index', '', 1, 0, 'C', '0', '0', 'monitor:job:list', 'job', 'admin', '2023-07-11 09:17:48', '', NULL, '定时任务菜单');
INSERT INTO `sys_menu` VALUES (111, '数据监控', 2, 3, 'druid', 'monitor/druid/index', '', 1, 0, 'C', '0', '0', 'monitor:druid:list', 'druid', 'admin', '2023-07-11 09:17:48', '', NULL, '数据监控菜单');
INSERT INTO `sys_menu` VALUES (112, '服务监控', 2, 4, 'server', 'monitor/server/index', '', 1, 0, 'C', '0', '0', 'monitor:server:list', 'server', 'admin', '2023-07-11 09:17:48', '', NULL, '服务监控菜单');
INSERT INTO `sys_menu` VALUES (113, '缓存监控', 2, 5, 'cache', 'monitor/cache/index', '', 1, 0, 'C', '0', '0', 'monitor:cache:list', 'redis', 'admin', '2023-07-11 09:17:48', '', NULL, '缓存监控菜单');
INSERT INTO `sys_menu` VALUES (114, '缓存列表', 2, 6, 'cacheList', 'monitor/cache/list', '', 1, 0, 'C', '0', '0', 'monitor:cache:list', 'redis-list', 'admin', '2023-07-11 09:17:48', '', NULL, '缓存列表菜单');
INSERT INTO `sys_menu` VALUES (115, '表单构建', 3, 1, 'build', 'tool/build/index', '', 1, 0, 'C', '0', '0', 'tool:build:list', 'build', 'admin', '2023-07-11 09:17:48', '', NULL, '表单构建菜单');
INSERT INTO `sys_menu` VALUES (116, '代码生成', 3, 2, 'gen', 'tool/gen/index', '', 1, 0, 'C', '0', '0', 'tool:gen:list', 'code', 'admin', '2023-07-11 09:17:48', '', NULL, '代码生成菜单');
INSERT INTO `sys_menu` VALUES (117, '系统接口', 3, 3, 'swagger', 'tool/swagger/index', '', 1, 0, 'C', '0', '0', 'tool:swagger:list', 'swagger', 'admin', '2023-07-11 09:17:48', '', NULL, '系统接口菜单');
INSERT INTO `sys_menu` VALUES (500, '操作日志', 108, 1, 'operlog', 'monitor/operlog/index', '', 1, 0, 'C', '0', '0', 'monitor:operlog:list', 'form', 'admin', '2023-07-11 09:17:48', '', NULL, '操作日志菜单');
INSERT INTO `sys_menu` VALUES (501, '登录日志', 108, 2, 'logininfor', 'monitor/logininfor/index', '', 1, 0, 'C', '0', '0', 'monitor:logininfor:list', 'logininfor', 'admin', '2023-07-11 09:17:48', '', NULL, '登录日志菜单');
INSERT INTO `sys_menu` VALUES (1000, '用户查询', 100, 1, '', '', '', 1, 0, 'F', '0', '0', 'system:user:query', '#', 'admin', '2023-07-11 09:17:48', '', NULL, '');
INSERT INTO `sys_menu` VALUES (1001, '用户新增', 100, 2, '', '', '', 1, 0, 'F', '0', '0', 'system:user:add', '#', 'admin', '2023-07-11 09:17:48', '', NULL, '');
INSERT INTO `sys_menu` VALUES (1002, '用户修改', 100, 3, '', '', '', 1, 0, 'F', '0', '0', 'system:user:edit', '#', 'admin', '2023-07-11 09:17:48', '', NULL, '');
INSERT INTO `sys_menu` VALUES (1003, '用户删除', 100, 4, '', '', '', 1, 0, 'F', '0', '0', 'system:user:remove', '#', 'admin', '2023-07-11 09:17:48', '', NULL, '');
INSERT INTO `sys_menu` VALUES (1004, '用户导出', 100, 5, '', '', '', 1, 0, 'F', '0', '0', 'system:user:export', '#', 'admin', '2023-07-11 09:17:48', '', NULL, '');
INSERT INTO `sys_menu` VALUES (1005, '用户导入', 100, 6, '', '', '', 1, 0, 'F', '0', '0', 'system:user:import', '#', 'admin', '2023-07-11 09:17:48', '', NULL, '');
INSERT INTO `sys_menu` VALUES (1006, '重置密码', 100, 7, '', '', '', 1, 0, 'F', '0', '0', 'system:user:resetPwd', '#', 'admin', '2023-07-11 09:17:48', '', NULL, '');
INSERT INTO `sys_menu` VALUES (1007, '角色查询', 101, 1, '', '', '', 1, 0, 'F', '0', '0', 'system:role:query', '#', 'admin', '2023-07-11 09:17:48', '', NULL, '');
INSERT INTO `sys_menu` VALUES (1008, '角色新增', 101, 2, '', '', '', 1, 0, 'F', '0', '0', 'system:role:add', '#', 'admin', '2023-07-11 09:17:48', '', NULL, '');
INSERT INTO `sys_menu` VALUES (1009, '角色修改', 101, 3, '', '', '', 1, 0, 'F', '0', '0', 'system:role:edit', '#', 'admin', '2023-07-11 09:17:48', '', NULL, '');
INSERT INTO `sys_menu` VALUES (1010, '角色删除', 101, 4, '', '', '', 1, 0, 'F', '0', '0', 'system:role:remove', '#', 'admin', '2023-07-11 09:17:48', '', NULL, '');
INSERT INTO `sys_menu` VALUES (1011, '角色导出', 101, 5, '', '', '', 1, 0, 'F', '0', '0', 'system:role:export', '#', 'admin', '2023-07-11 09:17:48', '', NULL, '');
INSERT INTO `sys_menu` VALUES (1012, '菜单查询', 102, 1, '', '', '', 1, 0, 'F', '0', '0', 'system:menu:query', '#', 'admin', '2023-07-11 09:17:48', '', NULL, '');
INSERT INTO `sys_menu` VALUES (1013, '菜单新增', 102, 2, '', '', '', 1, 0, 'F', '0', '0', 'system:menu:add', '#', 'admin', '2023-07-11 09:17:48', '', NULL, '');
INSERT INTO `sys_menu` VALUES (1014, '菜单修改', 102, 3, '', '', '', 1, 0, 'F', '0', '0', 'system:menu:edit', '#', 'admin', '2023-07-11 09:17:48', '', NULL, '');
INSERT INTO `sys_menu` VALUES (1015, '菜单删除', 102, 4, '', '', '', 1, 0, 'F', '0', '0', 'system:menu:remove', '#', 'admin', '2023-07-11 09:17:48', '', NULL, '');
INSERT INTO `sys_menu` VALUES (1016, '部门查询', 103, 1, '', '', '', 1, 0, 'F', '0', '0', 'system:dept:query', '#', 'admin', '2023-07-11 09:17:48', '', NULL, '');
INSERT INTO `sys_menu` VALUES (1017, '部门新增', 103, 2, '', '', '', 1, 0, 'F', '0', '0', 'system:dept:add', '#', 'admin', '2023-07-11 09:17:48', '', NULL, '');
INSERT INTO `sys_menu` VALUES (1018, '部门修改', 103, 3, '', '', '', 1, 0, 'F', '0', '0', 'system:dept:edit', '#', 'admin', '2023-07-11 09:17:48', '', NULL, '');
INSERT INTO `sys_menu` VALUES (1019, '部门删除', 103, 4, '', '', '', 1, 0, 'F', '0', '0', 'system:dept:remove', '#', 'admin', '2023-07-11 09:17:48', '', NULL, '');
INSERT INTO `sys_menu` VALUES (1020, '岗位查询', 104, 1, '', '', '', 1, 0, 'F', '0', '0', 'system:post:query', '#', 'admin', '2023-07-11 09:17:48', '', NULL, '');
INSERT INTO `sys_menu` VALUES (1021, '岗位新增', 104, 2, '', '', '', 1, 0, 'F', '0', '0', 'system:post:add', '#', 'admin', '2023-07-11 09:17:48', '', NULL, '');
INSERT INTO `sys_menu` VALUES (1022, '岗位修改', 104, 3, '', '', '', 1, 0, 'F', '0', '0', 'system:post:edit', '#', 'admin', '2023-07-11 09:17:48', '', NULL, '');
INSERT INTO `sys_menu` VALUES (1023, '岗位删除', 104, 4, '', '', '', 1, 0, 'F', '0', '0', 'system:post:remove', '#', 'admin', '2023-07-11 09:17:48', '', NULL, '');
INSERT INTO `sys_menu` VALUES (1024, '岗位导出', 104, 5, '', '', '', 1, 0, 'F', '0', '0', 'system:post:export', '#', 'admin', '2023-07-11 09:17:49', '', NULL, '');
INSERT INTO `sys_menu` VALUES (1025, '字典查询', 105, 1, '#', '', '', 1, 0, 'F', '0', '0', 'system:dict:query', '#', 'admin', '2023-07-11 09:17:49', '', NULL, '');
INSERT INTO `sys_menu` VALUES (1026, '字典新增', 105, 2, '#', '', '', 1, 0, 'F', '0', '0', 'system:dict:add', '#', 'admin', '2023-07-11 09:17:49', '', NULL, '');
INSERT INTO `sys_menu` VALUES (1027, '字典修改', 105, 3, '#', '', '', 1, 0, 'F', '0', '0', 'system:dict:edit', '#', 'admin', '2023-07-11 09:17:49', '', NULL, '');
INSERT INTO `sys_menu` VALUES (1028, '字典删除', 105, 4, '#', '', '', 1, 0, 'F', '0', '0', 'system:dict:remove', '#', 'admin', '2023-07-11 09:17:49', '', NULL, '');
INSERT INTO `sys_menu` VALUES (1029, '字典导出', 105, 5, '#', '', '', 1, 0, 'F', '0', '0', 'system:dict:export', '#', 'admin', '2023-07-11 09:17:49', '', NULL, '');
INSERT INTO `sys_menu` VALUES (1030, '参数查询', 106, 1, '#', '', '', 1, 0, 'F', '0', '0', 'system:config:query', '#', 'admin', '2023-07-11 09:17:49', '', NULL, '');
INSERT INTO `sys_menu` VALUES (1031, '参数新增', 106, 2, '#', '', '', 1, 0, 'F', '0', '0', 'system:config:add', '#', 'admin', '2023-07-11 09:17:49', '', NULL, '');
INSERT INTO `sys_menu` VALUES (1032, '参数修改', 106, 3, '#', '', '', 1, 0, 'F', '0', '0', 'system:config:edit', '#', 'admin', '2023-07-11 09:17:49', '', NULL, '');
INSERT INTO `sys_menu` VALUES (1033, '参数删除', 106, 4, '#', '', '', 1, 0, 'F', '0', '0', 'system:config:remove', '#', 'admin', '2023-07-11 09:17:49', '', NULL, '');
INSERT INTO `sys_menu` VALUES (1034, '参数导出', 106, 5, '#', '', '', 1, 0, 'F', '0', '0', 'system:config:export', '#', 'admin', '2023-07-11 09:17:49', '', NULL, '');
INSERT INTO `sys_menu` VALUES (1035, '公告查询', 107, 1, '#', '', '', 1, 0, 'F', '0', '0', 'system:notice:query', '#', 'admin', '2023-07-11 09:17:49', '', NULL, '');
INSERT INTO `sys_menu` VALUES (1036, '公告新增', 107, 2, '#', '', '', 1, 0, 'F', '0', '0', 'system:notice:add', '#', 'admin', '2023-07-11 09:17:49', '', NULL, '');
INSERT INTO `sys_menu` VALUES (1037, '公告修改', 107, 3, '#', '', '', 1, 0, 'F', '0', '0', 'system:notice:edit', '#', 'admin', '2023-07-11 09:17:49', '', NULL, '');
INSERT INTO `sys_menu` VALUES (1038, '公告删除', 107, 4, '#', '', '', 1, 0, 'F', '0', '0', 'system:notice:remove', '#', 'admin', '2023-07-11 09:17:49', '', NULL, '');
INSERT INTO `sys_menu` VALUES (1039, '操作查询', 500, 1, '#', '', '', 1, 0, 'F', '0', '0', 'monitor:operlog:query', '#', 'admin', '2023-07-11 09:17:49', '', NULL, '');
INSERT INTO `sys_menu` VALUES (1040, '操作删除', 500, 2, '#', '', '', 1, 0, 'F', '0', '0', 'monitor:operlog:remove', '#', 'admin', '2023-07-11 09:17:49', '', NULL, '');
INSERT INTO `sys_menu` VALUES (1041, '日志导出', 500, 3, '#', '', '', 1, 0, 'F', '0', '0', 'monitor:operlog:export', '#', 'admin', '2023-07-11 09:17:49', '', NULL, '');
INSERT INTO `sys_menu` VALUES (1042, '登录查询', 501, 1, '#', '', '', 1, 0, 'F', '0', '0', 'monitor:logininfor:query', '#', 'admin', '2023-07-11 09:17:49', '', NULL, '');
INSERT INTO `sys_menu` VALUES (1043, '登录删除', 501, 2, '#', '', '', 1, 0, 'F', '0', '0', 'monitor:logininfor:remove', '#', 'admin', '2023-07-11 09:17:49', '', NULL, '');
INSERT INTO `sys_menu` VALUES (1044, '日志导出', 501, 3, '#', '', '', 1, 0, 'F', '0', '0', 'monitor:logininfor:export', '#', 'admin', '2023-07-11 09:17:49', '', NULL, '');
INSERT INTO `sys_menu` VALUES (1045, '账户解锁', 501, 4, '#', '', '', 1, 0, 'F', '0', '0', 'monitor:logininfor:unlock', '#', 'admin', '2023-07-11 09:17:49', '', NULL, '');
INSERT INTO `sys_menu` VALUES (1046, '在线查询', 109, 1, '#', '', '', 1, 0, 'F', '0', '0', 'monitor:online:query', '#', 'admin', '2023-07-11 09:17:49', '', NULL, '');
INSERT INTO `sys_menu` VALUES (1047, '批量强退', 109, 2, '#', '', '', 1, 0, 'F', '0', '0', 'monitor:online:batchLogout', '#', 'admin', '2023-07-11 09:17:49', '', NULL, '');
INSERT INTO `sys_menu` VALUES (1048, '单条强退', 109, 3, '#', '', '', 1, 0, 'F', '0', '0', 'monitor:online:forceLogout', '#', 'admin', '2023-07-11 09:17:49', '', NULL, '');
INSERT INTO `sys_menu` VALUES (1049, '任务查询', 110, 1, '#', '', '', 1, 0, 'F', '0', '0', 'monitor:job:query', '#', 'admin', '2023-07-11 09:17:49', '', NULL, '');
INSERT INTO `sys_menu` VALUES (1050, '任务新增', 110, 2, '#', '', '', 1, 0, 'F', '0', '0', 'monitor:job:add', '#', 'admin', '2023-07-11 09:17:49', '', NULL, '');
INSERT INTO `sys_menu` VALUES (1051, '任务修改', 110, 3, '#', '', '', 1, 0, 'F', '0', '0', 'monitor:job:edit', '#', 'admin', '2023-07-11 09:17:49', '', NULL, '');
INSERT INTO `sys_menu` VALUES (1052, '任务删除', 110, 4, '#', '', '', 1, 0, 'F', '0', '0', 'monitor:job:remove', '#', 'admin', '2023-07-11 09:17:49', '', NULL, '');
INSERT INTO `sys_menu` VALUES (1053, '状态修改', 110, 5, '#', '', '', 1, 0, 'F', '0', '0', 'monitor:job:changeStatus', '#', 'admin', '2023-07-11 09:17:49', '', NULL, '');
INSERT INTO `sys_menu` VALUES (1054, '任务导出', 110, 6, '#', '', '', 1, 0, 'F', '0', '0', 'monitor:job:export', '#', 'admin', '2023-07-11 09:17:49', '', NULL, '');
INSERT INTO `sys_menu` VALUES (1055, '生成查询', 116, 1, '#', '', '', 1, 0, 'F', '0', '0', 'tool:gen:query', '#', 'admin', '2023-07-11 09:17:49', '', NULL, '');
INSERT INTO `sys_menu` VALUES (1056, '生成修改', 116, 2, '#', '', '', 1, 0, 'F', '0', '0', 'tool:gen:edit', '#', 'admin', '2023-07-11 09:17:49', '', NULL, '');
INSERT INTO `sys_menu` VALUES (1057, '生成删除', 116, 3, '#', '', '', 1, 0, 'F', '0', '0', 'tool:gen:remove', '#', 'admin', '2023-07-11 09:17:49', '', NULL, '');
INSERT INTO `sys_menu` VALUES (1058, '导入代码', 116, 4, '#', '', '', 1, 0, 'F', '0', '0', 'tool:gen:import', '#', 'admin', '2023-07-11 09:17:49', '', NULL, '');
INSERT INTO `sys_menu` VALUES (1059, '预览代码', 116, 5, '#', '', '', 1, 0, 'F', '0', '0', 'tool:gen:preview', '#', 'admin', '2023-07-11 09:17:49', '', NULL, '');
INSERT INTO `sys_menu` VALUES (1060, '生成代码', 116, 6, '#', '', '', 1, 0, 'F', '0', '0', 'tool:gen:code', '#', 'admin', '2023-07-11 09:17:49', '', NULL, '');
INSERT INTO `sys_menu` VALUES (2000, '企业管理', 0, 4, 'carbon', NULL, NULL, 1, 0, 'M', '0', '0', NULL, 'user', 'admin', '2023-07-11 09:31:47', '', NULL, '');
INSERT INTO `sys_menu` VALUES (2001, '企业出售资产', 2037, 1, 'asset', 'carbon/asset/index', NULL, 1, 0, 'C', '0', '0', 'carbon:asset:list', '#', 'admin', '2023-07-11 09:35:43', 'admin', '2023-07-12 17:07:10', '企业出售资产菜单');
INSERT INTO `sys_menu` VALUES (2002, '企业出售资产查询', 2001, 1, '#', '', NULL, 1, 0, 'F', '0', '0', 'carbon:asset:query', '#', 'admin', '2023-07-11 09:35:43', '', NULL, '');
INSERT INTO `sys_menu` VALUES (2003, '企业出售资产新增', 2001, 2, '#', '', NULL, 1, 0, 'F', '0', '0', 'carbon:asset:add', '#', 'admin', '2023-07-11 09:35:43', '', NULL, '');
INSERT INTO `sys_menu` VALUES (2004, '企业出售资产修改', 2001, 3, '#', '', NULL, 1, 0, 'F', '0', '0', 'carbon:asset:edit', '#', 'admin', '2023-07-11 09:35:43', '', NULL, '');
INSERT INTO `sys_menu` VALUES (2005, '企业出售资产删除', 2001, 4, '#', '', NULL, 1, 0, 'F', '0', '0', 'carbon:asset:remove', '#', 'admin', '2023-07-11 09:35:43', '', NULL, '');
INSERT INTO `sys_menu` VALUES (2006, '企业出售资产导出', 2001, 5, '#', '', NULL, 1, 0, 'F', '0', '0', 'carbon:asset:export', '#', 'admin', '2023-07-11 09:35:43', '', NULL, '');
INSERT INTO `sys_menu` VALUES (2007, '企业信息', 2000, 1, 'enterprise', 'carbon/enterprise/index', NULL, 1, 0, 'C', '0', '0', 'carbon:enterprise:list', '#', 'admin', '2023-07-11 09:35:43', '', NULL, '企业信息菜单');
INSERT INTO `sys_menu` VALUES (2008, '企业信息查询', 2007, 1, '#', '', NULL, 1, 0, 'F', '0', '0', 'carbon:enterprise:query', '#', 'admin', '2023-07-11 09:35:43', '', NULL, '');
INSERT INTO `sys_menu` VALUES (2009, '企业信息新增', 2007, 2, '#', '', NULL, 1, 0, 'F', '0', '0', 'carbon:enterprise:add', '#', 'admin', '2023-07-11 09:35:43', '', NULL, '');
INSERT INTO `sys_menu` VALUES (2010, '企业信息修改', 2007, 3, '#', '', NULL, 1, 0, 'F', '0', '0', 'carbon:enterprise:edit', '#', 'admin', '2023-07-11 09:35:43', '', NULL, '');
INSERT INTO `sys_menu` VALUES (2011, '企业信息删除', 2007, 4, '#', '', NULL, 1, 0, 'F', '0', '0', 'carbon:enterprise:remove', '#', 'admin', '2023-07-11 09:35:43', '', NULL, '');
INSERT INTO `sys_menu` VALUES (2012, '企业信息导出', 2007, 5, '#', '', NULL, 1, 0, 'F', '0', '0', 'carbon:enterprise:export', '#', 'admin', '2023-07-11 09:35:43', '', NULL, '');
INSERT INTO `sys_menu` VALUES (2013, '企业资质信息', 2000, 1, 'qualification', 'carbon/qualification/index', NULL, 1, 0, 'C', '0', '0', 'carbon:qualification:list', '#', 'admin', '2023-07-11 09:35:43', 'admin', '2023-07-12 17:07:42', '企业资质信息菜单');
INSERT INTO `sys_menu` VALUES (2014, '企业资质信息查询', 2013, 1, '#', '', NULL, 1, 0, 'F', '0', '0', 'carbon:qualification:query', '#', 'admin', '2023-07-11 09:35:44', '', NULL, '');
INSERT INTO `sys_menu` VALUES (2015, '企业资质信息新增', 2013, 2, '#', '', NULL, 1, 0, 'F', '0', '0', 'carbon:qualification:add', '#', 'admin', '2023-07-11 09:35:44', '', NULL, '');
INSERT INTO `sys_menu` VALUES (2016, '企业资质信息修改', 2013, 3, '#', '', NULL, 1, 0, 'F', '0', '0', 'carbon:qualification:edit', '#', 'admin', '2023-07-11 09:35:44', '', NULL, '');
INSERT INTO `sys_menu` VALUES (2017, '企业资质信息删除', 2013, 4, '#', '', NULL, 1, 0, 'F', '0', '0', 'carbon:qualification:remove', '#', 'admin', '2023-07-11 09:35:44', '', NULL, '');
INSERT INTO `sys_menu` VALUES (2018, '企业资质信息导出', 2013, 5, '#', '', NULL, 1, 0, 'F', '0', '0', 'carbon:qualification:export', '#', 'admin', '2023-07-11 09:35:44', '', NULL, '');
INSERT INTO `sys_menu` VALUES (2019, '监管机构信息', 2038, 1, 'regulator', 'carbon/regulator/index', NULL, 1, 0, 'C', '0', '0', 'carbon:regulator:list', '#', 'admin', '2023-07-11 09:35:44', 'admin', '2023-07-12 17:06:47', '监管机构信息菜单');
INSERT INTO `sys_menu` VALUES (2020, '监管机构信息查询', 2019, 1, '#', '', NULL, 1, 0, 'F', '0', '0', 'carbon:regulator:query', '#', 'admin', '2023-07-11 09:35:44', '', NULL, '');
INSERT INTO `sys_menu` VALUES (2021, '监管机构信息新增', 2019, 2, '#', '', NULL, 1, 0, 'F', '0', '0', 'carbon:regulator:add', '#', 'admin', '2023-07-11 09:35:44', '', NULL, '');
INSERT INTO `sys_menu` VALUES (2022, '监管机构信息修改', 2019, 3, '#', '', NULL, 1, 0, 'F', '0', '0', 'carbon:regulator:edit', '#', 'admin', '2023-07-11 09:35:44', '', NULL, '');
INSERT INTO `sys_menu` VALUES (2023, '监管机构信息删除', 2019, 4, '#', '', NULL, 1, 0, 'F', '0', '0', 'carbon:regulator:remove', '#', 'admin', '2023-07-11 09:35:44', '', NULL, '');
INSERT INTO `sys_menu` VALUES (2024, '监管机构信息导出', 2019, 5, '#', '', NULL, 1, 0, 'F', '0', '0', 'carbon:regulator:export', '#', 'admin', '2023-07-11 09:35:44', '', NULL, '');
INSERT INTO `sys_menu` VALUES (2025, '企业排放资源', 2000, 1, 'resource', 'carbon/resource/index', NULL, 1, 0, 'C', '0', '0', 'carbon:resource:list', '#', 'admin', '2023-07-11 09:35:44', 'admin', '2023-07-12 17:07:53', '企业排放资源菜单');
INSERT INTO `sys_menu` VALUES (2026, '企业排放资源查询', 2025, 1, '#', '', NULL, 1, 0, 'F', '0', '0', 'carbon:resource:query', '#', 'admin', '2023-07-11 09:35:44', '', NULL, '');
INSERT INTO `sys_menu` VALUES (2027, '企业排放资源新增', 2025, 2, '#', '', NULL, 1, 0, 'F', '0', '0', 'carbon:resource:add', '#', 'admin', '2023-07-11 09:35:44', '', NULL, '');
INSERT INTO `sys_menu` VALUES (2028, '企业排放资源修改', 2025, 3, '#', '', NULL, 1, 0, 'F', '0', '0', 'carbon:resource:edit', '#', 'admin', '2023-07-11 09:35:44', '', NULL, '');
INSERT INTO `sys_menu` VALUES (2029, '企业排放资源删除', 2025, 4, '#', '', NULL, 1, 0, 'F', '0', '0', 'carbon:resource:remove', '#', 'admin', '2023-07-11 09:35:44', '', NULL, '');
INSERT INTO `sys_menu` VALUES (2030, '企业排放资源导出', 2025, 5, '#', '', NULL, 1, 0, 'F', '0', '0', 'carbon:resource:export', '#', 'admin', '2023-07-11 09:35:44', '', NULL, '');
INSERT INTO `sys_menu` VALUES (2031, '交易碳额度记录', 2037, 1, 'transaction', 'carbon/transaction/index', NULL, 1, 0, 'C', '0', '0', 'carbon:transaction:list', '#', 'admin', '2023-07-11 09:35:44', 'admin', '2023-07-12 17:07:01', '交易碳额度记录菜单');
INSERT INTO `sys_menu` VALUES (2032, '交易碳额度记录查询', 2031, 1, '#', '', NULL, 1, 0, 'F', '0', '0', 'carbon:transaction:query', '#', 'admin', '2023-07-11 09:35:44', '', NULL, '');
INSERT INTO `sys_menu` VALUES (2033, '交易碳额度记录新增', 2031, 2, '#', '', NULL, 1, 0, 'F', '0', '0', 'carbon:transaction:add', '#', 'admin', '2023-07-11 09:35:44', '', NULL, '');
INSERT INTO `sys_menu` VALUES (2034, '交易碳额度记录修改', 2031, 3, '#', '', NULL, 1, 0, 'F', '0', '0', 'carbon:transaction:edit', '#', 'admin', '2023-07-11 09:35:44', '', NULL, '');
INSERT INTO `sys_menu` VALUES (2035, '交易碳额度记录删除', 2031, 4, '#', '', NULL, 1, 0, 'F', '0', '0', 'carbon:transaction:remove', '#', 'admin', '2023-07-11 09:35:44', '', NULL, '');
INSERT INTO `sys_menu` VALUES (2036, '交易碳额度记录导出', 2031, 5, '#', '', NULL, 1, 0, 'F', '0', '0', 'carbon:transaction:export', '#', 'admin', '2023-07-11 09:35:44', '', NULL, '');
INSERT INTO `sys_menu` VALUES (2037, '交易管理', 0, 5, 'transaction', NULL, NULL, 1, 0, 'M', '0', '0', NULL, 'druid', 'admin', '2023-07-12 17:05:16', '', NULL, '');
INSERT INTO `sys_menu` VALUES (2038, '监管部门', 0, 6, 'regulator', NULL, NULL, 1, 0, 'M', '0', '0', NULL, 'guide', 'admin', '2023-07-12 17:05:42', '', NULL, '');
INSERT INTO `sys_menu` VALUES (2039, '行业分类单', 2104, 1, 'industry', 'carbon/industry/index', NULL, 1, 0, 'C', '0', '0', 'carbon:industry:list', '#', 'admin', '2023-07-25 14:11:20', 'admin', '2023-07-28 21:36:00', '行业分类单菜单');
INSERT INTO `sys_menu` VALUES (2040, '行业分类单查询', 2039, 1, '#', '', NULL, 1, 0, 'F', '0', '0', 'carbon:industry:query', '#', 'admin', '2023-07-25 14:11:20', '', NULL, '');
INSERT INTO `sys_menu` VALUES (2041, '行业分类单新增', 2039, 2, '#', '', NULL, 1, 0, 'F', '0', '0', 'carbon:industry:add', '#', 'admin', '2023-07-25 14:11:20', '', NULL, '');
INSERT INTO `sys_menu` VALUES (2042, '行业分类单修改', 2039, 3, '#', '', NULL, 1, 0, 'F', '0', '0', 'carbon:industry:edit', '#', 'admin', '2023-07-25 14:11:20', '', NULL, '');
INSERT INTO `sys_menu` VALUES (2043, '行业分类单删除', 2039, 4, '#', '', NULL, 1, 0, 'F', '0', '0', 'carbon:industry:remove', '#', 'admin', '2023-07-25 14:11:20', '', NULL, '');
INSERT INTO `sys_menu` VALUES (2044, '行业分类单导出', 2039, 5, '#', '', NULL, 1, 0, 'F', '0', '0', 'carbon:industry:export', '#', 'admin', '2023-07-25 14:11:20', '', NULL, '');
INSERT INTO `sys_menu` VALUES (2056, '资源类型数据', 2104, 2, 'type', 'carbon/type/index', NULL, 1, 0, 'C', '0', '0', 'carbon:type:list', '#', 'admin', '2023-07-25 15:13:24', 'admin', '2023-07-28 21:36:10', '资源类型数据菜单');
INSERT INTO `sys_menu` VALUES (2057, '资源类型数据查询', 2056, 1, '#', '', NULL, 1, 0, 'F', '0', '0', 'carbon:type:query', '#', 'admin', '2023-07-25 15:13:24', '', NULL, '');
INSERT INTO `sys_menu` VALUES (2058, '资源类型数据新增', 2056, 2, '#', '', NULL, 1, 0, 'F', '0', '0', 'carbon:type:add', '#', 'admin', '2023-07-25 15:13:24', '', NULL, '');
INSERT INTO `sys_menu` VALUES (2059, '资源类型数据修改', 2056, 3, '#', '', NULL, 1, 0, 'F', '0', '0', 'carbon:type:edit', '#', 'admin', '2023-07-25 15:13:24', '', NULL, '');
INSERT INTO `sys_menu` VALUES (2060, '资源类型数据删除', 2056, 4, '#', '', NULL, 1, 0, 'F', '0', '0', 'carbon:type:remove', '#', 'admin', '2023-07-25 15:13:24', '', NULL, '');
INSERT INTO `sys_menu` VALUES (2061, '资源类型数据导出', 2056, 5, '#', '', NULL, 1, 0, 'F', '0', '0', 'carbon:type:export', '#', 'admin', '2023-07-25 15:13:24', '', NULL, '');
INSERT INTO `sys_menu` VALUES (2086, '排放方式的', 2104, 3, 'method', 'carbon/method/index', NULL, 1, 0, 'C', '0', '0', 'carbon:method:list', '#', 'admin', '2023-07-25 15:37:32', 'admin', '2023-07-28 21:36:25', '排放方式的菜单');
INSERT INTO `sys_menu` VALUES (2087, '排放方式的查询', 2086, 1, '#', '', NULL, 1, 0, 'F', '0', '0', 'carbon:method:query', '#', 'admin', '2023-07-25 15:37:33', '', NULL, '');
INSERT INTO `sys_menu` VALUES (2088, '排放方式的新增', 2086, 2, '#', '', NULL, 1, 0, 'F', '0', '0', 'carbon:method:add', '#', 'admin', '2023-07-25 15:37:33', '', NULL, '');
INSERT INTO `sys_menu` VALUES (2089, '排放方式的修改', 2086, 3, '#', '', NULL, 1, 0, 'F', '0', '0', 'carbon:method:edit', '#', 'admin', '2023-07-25 15:37:33', '', NULL, '');
INSERT INTO `sys_menu` VALUES (2090, '排放方式的删除', 2086, 4, '#', '', NULL, 1, 0, 'F', '0', '0', 'carbon:method:remove', '#', 'admin', '2023-07-25 15:37:33', '', NULL, '');
INSERT INTO `sys_menu` VALUES (2091, '排放方式的导出', 2086, 5, '#', '', NULL, 1, 0, 'F', '0', '0', 'carbon:method:export', '#', 'admin', '2023-07-25 15:37:33', '', NULL, '');
INSERT INTO `sys_menu` VALUES (2092, '纪念卡分类数据', 2105, 1, 'category', 'souvenir/category/index', NULL, 1, 0, 'C', '0', '0', 'souvenir:category:list', '#', 'admin', '2023-07-28 17:05:52', 'admin', '2023-07-28 21:36:56', '纪念卡分类数据菜单');
INSERT INTO `sys_menu` VALUES (2093, '纪念卡分类数据查询', 2092, 1, '#', '', NULL, 1, 0, 'F', '0', '0', 'souvenir:category:query', '#', 'admin', '2023-07-28 17:05:53', '', NULL, '');
INSERT INTO `sys_menu` VALUES (2094, '纪念卡分类数据新增', 2092, 2, '#', '', NULL, 1, 0, 'F', '0', '0', 'souvenir:category:add', '#', 'admin', '2023-07-28 17:05:53', '', NULL, '');
INSERT INTO `sys_menu` VALUES (2095, '纪念卡分类数据修改', 2092, 3, '#', '', NULL, 1, 0, 'F', '0', '0', 'souvenir:category:edit', '#', 'admin', '2023-07-28 17:05:53', '', NULL, '');
INSERT INTO `sys_menu` VALUES (2096, '纪念卡分类数据删除', 2092, 4, '#', '', NULL, 1, 0, 'F', '0', '0', 'souvenir:category:remove', '#', 'admin', '2023-07-28 17:05:53', '', NULL, '');
INSERT INTO `sys_menu` VALUES (2097, '纪念卡分类数据导出', 2092, 5, '#', '', NULL, 1, 0, 'F', '0', '0', 'souvenir:category:export', '#', 'admin', '2023-07-28 17:05:53', '', NULL, '');
INSERT INTO `sys_menu` VALUES (2098, '纪念卡数据', 2105, 2, 'card', 'souvenir/card/index', NULL, 1, 0, 'C', '0', '0', 'souvenir:card:list', '#', 'admin', '2023-07-28 17:06:09', 'admin', '2023-07-28 21:37:04', '纪念卡数据菜单');
INSERT INTO `sys_menu` VALUES (2099, '纪念卡数据查询', 2098, 1, '#', '', NULL, 1, 0, 'F', '0', '0', 'souvenir:card:query', '#', 'admin', '2023-07-28 17:06:09', '', NULL, '');
INSERT INTO `sys_menu` VALUES (2100, '纪念卡数据新增', 2098, 2, '#', '', NULL, 1, 0, 'F', '0', '0', 'souvenir:card:add', '#', 'admin', '2023-07-28 17:06:09', '', NULL, '');
INSERT INTO `sys_menu` VALUES (2101, '纪念卡数据修改', 2098, 3, '#', '', NULL, 1, 0, 'F', '0', '0', 'souvenir:card:edit', '#', 'admin', '2023-07-28 17:06:09', '', NULL, '');
INSERT INTO `sys_menu` VALUES (2102, '纪念卡数据删除', 2098, 4, '#', '', NULL, 1, 0, 'F', '0', '0', 'souvenir:card:remove', '#', 'admin', '2023-07-28 17:06:10', '', NULL, '');
INSERT INTO `sys_menu` VALUES (2103, '纪念卡数据导出', 2098, 5, '#', '', NULL, 1, 0, 'F', '0', '0', 'souvenir:card:export', '#', 'admin', '2023-07-28 17:06:10', '', NULL, '');
INSERT INTO `sys_menu` VALUES (2104, '资源管理', 0, 7, 'industry', NULL, NULL, 1, 0, 'M', '0', '0', NULL, 'button', 'admin', '2023-07-28 21:35:26', '', NULL, '');
INSERT INTO `sys_menu` VALUES (2105, '纪念卡管理', 0, 8, 'suvenir', NULL, NULL, 1, 0, 'M', '0', '0', NULL, 'color', 'admin', '2023-07-28 21:36:48', '', NULL, '');

-- ----------------------------
-- Table structure for sys_notice
-- ----------------------------
DROP TABLE IF EXISTS `sys_notice`;
CREATE TABLE `sys_notice`  (
  `notice_id` int NOT NULL AUTO_INCREMENT COMMENT '公告ID',
  `notice_title` varchar(50) CHARACTER SET utf8mb4 COLLATE utf8mb4_0900_ai_ci NOT NULL COMMENT '公告标题',
  `notice_type` char(1) CHARACTER SET utf8mb4 COLLATE utf8mb4_0900_ai_ci NOT NULL COMMENT '公告类型（1通知 2公告）',
  `notice_content` longblob NULL COMMENT '公告内容',
  `status` char(1) CHARACTER SET utf8mb4 COLLATE utf8mb4_0900_ai_ci NULL DEFAULT '0' COMMENT '公告状态（0正常 1关闭）',
  `create_by` varchar(64) CHARACTER SET utf8mb4 COLLATE utf8mb4_0900_ai_ci NULL DEFAULT '' COMMENT '创建者',
  `create_time` datetime NULL DEFAULT NULL COMMENT '创建时间',
  `update_by` varchar(64) CHARACTER SET utf8mb4 COLLATE utf8mb4_0900_ai_ci NULL DEFAULT '' COMMENT '更新者',
  `update_time` datetime NULL DEFAULT NULL COMMENT '更新时间',
  `remark` varchar(255) CHARACTER SET utf8mb4 COLLATE utf8mb4_0900_ai_ci NULL DEFAULT NULL COMMENT '备注',
  PRIMARY KEY (`notice_id`) USING BTREE
) ENGINE = InnoDB AUTO_INCREMENT = 10 CHARACTER SET = utf8mb4 COLLATE = utf8mb4_0900_ai_ci COMMENT = '通知公告表' ROW_FORMAT = Dynamic;

-- ----------------------------
-- Records of sys_notice
-- ----------------------------
INSERT INTO `sys_notice` VALUES (1, '温馨提醒：2018-07-01 若依新版本发布啦', '2', 0xE696B0E78988E69CACE58685E5AEB9, '0', 'admin', '2023-07-11 09:17:50', '', NULL, '管理员');
INSERT INTO `sys_notice` VALUES (2, '维护通知：2018-07-01 若依系统凌晨维护', '1', 0xE7BBB4E68AA4E58685E5AEB9, '0', 'admin', '2023-07-11 09:17:50', '', NULL, '管理员');

-- ----------------------------
-- Table structure for sys_oper_log
-- ----------------------------
DROP TABLE IF EXISTS `sys_oper_log`;
CREATE TABLE `sys_oper_log`  (
  `oper_id` bigint NOT NULL AUTO_INCREMENT COMMENT '日志主键',
  `title` varchar(50) CHARACTER SET utf8mb4 COLLATE utf8mb4_0900_ai_ci NULL DEFAULT '' COMMENT '模块标题',
  `business_type` int NULL DEFAULT 0 COMMENT '业务类型（0其它 1新增 2修改 3删除）',
  `method` varchar(100) CHARACTER SET utf8mb4 COLLATE utf8mb4_0900_ai_ci NULL DEFAULT '' COMMENT '方法名称',
  `request_method` varchar(10) CHARACTER SET utf8mb4 COLLATE utf8mb4_0900_ai_ci NULL DEFAULT '' COMMENT '请求方式',
  `operator_type` int NULL DEFAULT 0 COMMENT '操作类别（0其它 1后台用户 2手机端用户）',
  `oper_name` varchar(50) CHARACTER SET utf8mb4 COLLATE utf8mb4_0900_ai_ci NULL DEFAULT '' COMMENT '操作人员',
  `dept_name` varchar(50) CHARACTER SET utf8mb4 COLLATE utf8mb4_0900_ai_ci NULL DEFAULT '' COMMENT '部门名称',
  `oper_url` varchar(255) CHARACTER SET utf8mb4 COLLATE utf8mb4_0900_ai_ci NULL DEFAULT '' COMMENT '请求URL',
  `oper_ip` varchar(128) CHARACTER SET utf8mb4 COLLATE utf8mb4_0900_ai_ci NULL DEFAULT '' COMMENT '主机地址',
  `oper_location` varchar(255) CHARACTER SET utf8mb4 COLLATE utf8mb4_0900_ai_ci NULL DEFAULT '' COMMENT '操作地点',
  `oper_param` varchar(2000) CHARACTER SET utf8mb4 COLLATE utf8mb4_0900_ai_ci NULL DEFAULT '' COMMENT '请求参数',
  `json_result` varchar(2000) CHARACTER SET utf8mb4 COLLATE utf8mb4_0900_ai_ci NULL DEFAULT '' COMMENT '返回参数',
  `status` int NULL DEFAULT 0 COMMENT '操作状态（0正常 1异常）',
  `error_msg` varchar(2000) CHARACTER SET utf8mb4 COLLATE utf8mb4_0900_ai_ci NULL DEFAULT '' COMMENT '错误消息',
  `oper_time` datetime NULL DEFAULT NULL COMMENT '操作时间',
  `cost_time` bigint NULL DEFAULT 0 COMMENT '消耗时间',
  PRIMARY KEY (`oper_id`) USING BTREE,
  INDEX `idx_sys_oper_log_bt`(`business_type` ASC) USING BTREE,
  INDEX `idx_sys_oper_log_s`(`status` ASC) USING BTREE,
  INDEX `idx_sys_oper_log_ot`(`oper_time` ASC) USING BTREE
) ENGINE = InnoDB AUTO_INCREMENT = 423 CHARACTER SET = utf8mb4 COLLATE = utf8mb4_0900_ai_ci COMMENT = '操作日志记录' ROW_FORMAT = Dynamic;

-- ----------------------------
-- Records of sys_oper_log
-- ----------------------------
INSERT INTO `sys_oper_log` VALUES (100, '代码生成', 6, 'com.ruoyi.generator.controller.GenController.importTableSave()', 'POST', 1, 'admin', NULL, '/tool/gen/importTable', '127.0.0.1', '内网IP', '{\"tables\":\"carbon_enterprise_asset,carbon_enterprise,carbon_emission_resource\"}', '{\"msg\":\"操作成功\",\"code\":200}', 0, NULL, '2023-07-11 09:26:08', 276);
INSERT INTO `sys_oper_log` VALUES (101, '代码生成', 6, 'com.ruoyi.generator.controller.GenController.importTableSave()', 'POST', 1, 'admin', NULL, '/tool/gen/importTable', '127.0.0.1', '内网IP', '{\"tables\":\"carbon_qualification,carbon_transaction,carbon_regulator\"}', '{\"msg\":\"操作成功\",\"code\":200}', 0, NULL, '2023-07-11 09:26:23', 189);
INSERT INTO `sys_oper_log` VALUES (102, '代码生成', 2, 'com.ruoyi.generator.controller.GenController.editSave()', 'PUT', 1, 'admin', NULL, '/tool/gen', '127.0.0.1', '内网IP', '{\"businessName\":\"resource\",\"className\":\"CarbonEmissionResource\",\"columns\":[{\"capJavaField\":\"EmissionId\",\"columnComment\":\"排放资源的ID\",\"columnId\":1,\"columnName\":\"emission_id\",\"columnType\":\"int\",\"createBy\":\"admin\",\"createTime\":\"2023-07-11 09:26:08\",\"dictType\":\"\",\"edit\":false,\"htmlType\":\"input\",\"increment\":false,\"insert\":true,\"isIncrement\":\"0\",\"isInsert\":\"1\",\"isPk\":\"1\",\"javaField\":\"emissionId\",\"javaType\":\"Long\",\"list\":false,\"params\":{},\"pk\":true,\"query\":false,\"queryType\":\"EQ\",\"required\":false,\"sort\":1,\"superColumn\":false,\"tableId\":1,\"updateBy\":\"\",\"usableColumn\":false},{\"capJavaField\":\"EnterpriseId\",\"columnComment\":\"企业的ID\",\"columnId\":2,\"columnName\":\"enterprise_id\",\"columnType\":\"int\",\"createBy\":\"admin\",\"createTime\":\"2023-07-11 09:26:08\",\"dictType\":\"\",\"edit\":true,\"htmlType\":\"input\",\"increment\":false,\"insert\":true,\"isEdit\":\"1\",\"isIncrement\":\"0\",\"isInsert\":\"1\",\"isList\":\"1\",\"isPk\":\"0\",\"isQuery\":\"1\",\"javaField\":\"enterpriseId\",\"javaType\":\"Long\",\"list\":true,\"params\":{},\"pk\":false,\"query\":true,\"queryType\":\"EQ\",\"required\":false,\"sort\":2,\"superColumn\":false,\"tableId\":1,\"updateBy\":\"\",\"usableColumn\":false},{\"capJavaField\":\"EnterpriseAddress\",\"columnComment\":\"排放的企业\",\"columnId\":3,\"columnName\":\"enterprise_address\",\"columnType\":\"varchar(255)\",\"createBy\":\"admin\",\"createTime\":\"2023-07-11 09:26:08\",\"dictType\":\"\",\"edit\":true,\"htmlType\":\"input\",\"increment\":false,\"insert\":true,\"isEdit\":\"1\",\"isIncrement\":\"0\",\"isInsert\":\"1\",\"isList\":\"1\",\"isPk\":\"0\",\"isQuery\":\"1\",\"javaField\":\"enterpriseAddress\",\"javaType\":\"String\",\"list\":true,\"params\":{},\"pk\":false,\"query\":true,\"queryType\":\"EQ\",\"required\":false,\"sort\":3,\"superColumn\":false,\"tableId\":1,\"updateBy\":\"\",\"usableColumn\":false},{\"capJavaField\":\"Emissions\",\"columnComment\":\"排放的量\",\"columnId\":4,\"columnName\":\"emissions\",\"columnType\":\"bigint\",\"createBy\":\"admin\",\"createTime\":\"2023-07-11 09:26:08\",\"dictType\":\"\",\"edit\":true,\"htmlType\":\"input\",\"increment\":false,\"insert\":true,\"isEdit\":\"1\",\"isIncrement\":\"0\",\"isInsert\":\"1\",\"isList\":\"1\",\"isPk\":\"0\",\"isQuery\":\"1\",\"javaField', '{\"msg\":\"操作成功\",\"code\":200}', 0, NULL, '2023-07-11 09:27:08', 57);
INSERT INTO `sys_oper_log` VALUES (103, '代码生成', 2, 'com.ruoyi.generator.controller.GenController.editSave()', 'PUT', 1, 'admin', NULL, '/tool/gen', '127.0.0.1', '内网IP', '{\"businessName\":\"enterprise\",\"className\":\"CarbonEnterprise\",\"columns\":[{\"capJavaField\":\"EnterpriseId\",\"columnComment\":\"企业ID\",\"columnId\":9,\"columnName\":\"enterprise_id\",\"columnType\":\"int\",\"createBy\":\"admin\",\"createTime\":\"2023-07-11 09:26:08\",\"dictType\":\"\",\"edit\":false,\"htmlType\":\"input\",\"increment\":false,\"insert\":true,\"isIncrement\":\"0\",\"isInsert\":\"1\",\"isPk\":\"1\",\"javaField\":\"enterpriseId\",\"javaType\":\"Long\",\"list\":false,\"params\":{},\"pk\":true,\"query\":false,\"queryType\":\"EQ\",\"required\":false,\"sort\":1,\"superColumn\":false,\"tableId\":2,\"updateBy\":\"\",\"usableColumn\":false},{\"capJavaField\":\"EnterpriseAddress\",\"columnComment\":\"企业账户地址\",\"columnId\":10,\"columnName\":\"enterprise_address\",\"columnType\":\"varchar(255)\",\"createBy\":\"admin\",\"createTime\":\"2023-07-11 09:26:08\",\"dictType\":\"\",\"edit\":true,\"htmlType\":\"input\",\"increment\":false,\"insert\":true,\"isEdit\":\"1\",\"isIncrement\":\"0\",\"isInsert\":\"1\",\"isList\":\"1\",\"isPk\":\"0\",\"isQuery\":\"1\",\"javaField\":\"enterpriseAddress\",\"javaType\":\"String\",\"list\":true,\"params\":{},\"pk\":false,\"query\":true,\"queryType\":\"EQ\",\"required\":false,\"sort\":2,\"superColumn\":false,\"tableId\":2,\"updateBy\":\"\",\"usableColumn\":false},{\"capJavaField\":\"PriavateKey\",\"columnComment\":\"企业的私钥\",\"columnId\":11,\"columnName\":\"priavate_key\",\"columnType\":\"varchar(255)\",\"createBy\":\"admin\",\"createTime\":\"2023-07-11 09:26:08\",\"dictType\":\"\",\"edit\":true,\"htmlType\":\"input\",\"increment\":false,\"insert\":true,\"isEdit\":\"1\",\"isIncrement\":\"0\",\"isInsert\":\"1\",\"isList\":\"1\",\"isPk\":\"0\",\"isQuery\":\"1\",\"javaField\":\"priavateKey\",\"javaType\":\"String\",\"list\":true,\"params\":{},\"pk\":false,\"query\":true,\"queryType\":\"EQ\",\"required\":false,\"sort\":3,\"superColumn\":false,\"tableId\":2,\"updateBy\":\"\",\"usableColumn\":false},{\"capJavaField\":\"EnterpriseName\",\"columnComment\":\"企业的名称\",\"columnId\":12,\"columnName\":\"enterprise_name\",\"columnType\":\"varchar(100)\",\"createBy\":\"admin\",\"createTime\":\"2023-07-11 09:26:08\",\"dictType\":\"\",\"edit\":true,\"htmlType\":\"input\",\"increment\":false,\"insert\":true,\"isEdit\":\"1\",\"isIncrement\":\"0\",\"isInsert\":\"1\",\"isList\":\"1\",\"isPk\"', '{\"msg\":\"操作成功\",\"code\":200}', 0, NULL, '2023-07-11 09:27:23', 77);
INSERT INTO `sys_oper_log` VALUES (104, '代码生成', 2, 'com.ruoyi.generator.controller.GenController.editSave()', 'PUT', 1, 'admin', NULL, '/tool/gen', '127.0.0.1', '内网IP', '{\"businessName\":\"asset\",\"className\":\"CarbonEnterpriseAsset\",\"columns\":[{\"capJavaField\":\"AssetId\",\"columnComment\":\"企业出售碳资产的列表ID\",\"columnId\":20,\"columnName\":\"asset_id\",\"columnType\":\"int\",\"createBy\":\"admin\",\"createTime\":\"2023-07-11 09:26:08\",\"dictType\":\"\",\"edit\":false,\"htmlType\":\"input\",\"increment\":false,\"insert\":true,\"isIncrement\":\"0\",\"isInsert\":\"1\",\"isPk\":\"1\",\"javaField\":\"assetId\",\"javaType\":\"Long\",\"list\":false,\"params\":{},\"pk\":true,\"query\":false,\"queryType\":\"EQ\",\"required\":false,\"sort\":1,\"superColumn\":false,\"tableId\":3,\"updateBy\":\"\",\"usableColumn\":false},{\"capJavaField\":\"EnterpriseId\",\"columnComment\":\"企业的ID\",\"columnId\":21,\"columnName\":\"enterprise_id\",\"columnType\":\"int\",\"createBy\":\"admin\",\"createTime\":\"2023-07-11 09:26:08\",\"dictType\":\"\",\"edit\":true,\"htmlType\":\"input\",\"increment\":false,\"insert\":true,\"isEdit\":\"1\",\"isIncrement\":\"0\",\"isInsert\":\"1\",\"isList\":\"1\",\"isPk\":\"0\",\"isQuery\":\"1\",\"javaField\":\"enterpriseId\",\"javaType\":\"Long\",\"list\":true,\"params\":{},\"pk\":false,\"query\":true,\"queryType\":\"EQ\",\"required\":false,\"sort\":2,\"superColumn\":false,\"tableId\":3,\"updateBy\":\"\",\"usableColumn\":false},{\"capJavaField\":\"EnterpriseAddress\",\"columnComment\":\"企业出售碳资产的账户地址\",\"columnId\":22,\"columnName\":\"enterprise_address\",\"columnType\":\"varchar(255)\",\"createBy\":\"admin\",\"createTime\":\"2023-07-11 09:26:08\",\"dictType\":\"\",\"edit\":true,\"htmlType\":\"input\",\"increment\":false,\"insert\":true,\"isEdit\":\"1\",\"isIncrement\":\"0\",\"isInsert\":\"1\",\"isList\":\"1\",\"isPk\":\"0\",\"isQuery\":\"1\",\"javaField\":\"enterpriseAddress\",\"javaType\":\"String\",\"list\":true,\"params\":{},\"pk\":false,\"query\":true,\"queryType\":\"EQ\",\"required\":false,\"sort\":3,\"superColumn\":false,\"tableId\":3,\"updateBy\":\"\",\"usableColumn\":false},{\"capJavaField\":\"AssetQuantity\",\"columnComment\":\"企业出售碳资产的数量\",\"columnId\":23,\"columnName\":\"asset_quantity\",\"columnType\":\"bigint\",\"createBy\":\"admin\",\"createTime\":\"2023-07-11 09:26:08\",\"dictType\":\"\",\"edit\":true,\"htmlType\":\"input\",\"increment\":false,\"insert\":true,\"isEdit\":\"1\",\"isIncrement\":\"0\",\"isInsert\":\"1\",\"isList\":\"1\",\"isPk\":\"0\",\"isQue', '{\"msg\":\"操作成功\",\"code\":200}', 0, NULL, '2023-07-11 09:27:37', 45);
INSERT INTO `sys_oper_log` VALUES (105, '代码生成', 2, 'com.ruoyi.generator.controller.GenController.editSave()', 'PUT', 1, 'admin', NULL, '/tool/gen', '127.0.0.1', '内网IP', '{\"businessName\":\"qualification\",\"className\":\"CarbonQualification\",\"columns\":[{\"capJavaField\":\"QualificationId\",\"columnComment\":\"资质ID\",\"columnId\":27,\"columnName\":\"qualification_id\",\"columnType\":\"int\",\"createBy\":\"admin\",\"createTime\":\"2023-07-11 09:26:23\",\"dictType\":\"\",\"edit\":false,\"htmlType\":\"input\",\"increment\":false,\"insert\":true,\"isIncrement\":\"0\",\"isInsert\":\"1\",\"isPk\":\"1\",\"javaField\":\"qualificationId\",\"javaType\":\"Long\",\"list\":false,\"params\":{},\"pk\":true,\"query\":false,\"queryType\":\"EQ\",\"required\":false,\"sort\":1,\"superColumn\":false,\"tableId\":4,\"updateBy\":\"\",\"usableColumn\":false},{\"capJavaField\":\"QualificationName\",\"columnComment\":\"企业名称\",\"columnId\":28,\"columnName\":\"qualification_name\",\"columnType\":\"varchar(255)\",\"createBy\":\"admin\",\"createTime\":\"2023-07-11 09:26:23\",\"dictType\":\"\",\"edit\":true,\"htmlType\":\"input\",\"increment\":false,\"insert\":true,\"isEdit\":\"1\",\"isIncrement\":\"0\",\"isInsert\":\"1\",\"isList\":\"1\",\"isPk\":\"0\",\"isQuery\":\"1\",\"javaField\":\"qualificationName\",\"javaType\":\"String\",\"list\":true,\"params\":{},\"pk\":false,\"query\":true,\"queryType\":\"LIKE\",\"required\":false,\"sort\":2,\"superColumn\":false,\"tableId\":4,\"updateBy\":\"\",\"usableColumn\":false},{\"capJavaField\":\"QualificationContent\",\"columnComment\":\"社会信用代码\",\"columnId\":29,\"columnName\":\"qualification_content\",\"columnType\":\"varchar(255)\",\"createBy\":\"admin\",\"createTime\":\"2023-07-11 09:26:23\",\"dictType\":\"\",\"edit\":true,\"htmlType\":\"editor\",\"increment\":false,\"insert\":true,\"isEdit\":\"1\",\"isIncrement\":\"0\",\"isInsert\":\"1\",\"isList\":\"1\",\"isPk\":\"0\",\"isQuery\":\"1\",\"javaField\":\"qualificationContent\",\"javaType\":\"String\",\"list\":true,\"params\":{},\"pk\":false,\"query\":true,\"queryType\":\"EQ\",\"required\":false,\"sort\":3,\"superColumn\":false,\"tableId\":4,\"updateBy\":\"\",\"usableColumn\":false},{\"capJavaField\":\"QualificationLeader\",\"columnComment\":\"法定代表人\",\"columnId\":30,\"columnName\":\"qualification_leader\",\"columnType\":\"varchar(100)\",\"createBy\":\"admin\",\"createTime\":\"2023-07-11 09:26:23\",\"dictType\":\"\",\"edit\":true,\"htmlType\":\"input\",\"increment\":false,\"insert\":true,\"isEdit\":\"', '{\"msg\":\"操作成功\",\"code\":200}', 0, NULL, '2023-07-11 09:27:50', 81);
INSERT INTO `sys_oper_log` VALUES (106, '代码生成', 2, 'com.ruoyi.generator.controller.GenController.editSave()', 'PUT', 1, 'admin', NULL, '/tool/gen', '127.0.0.1', '内网IP', '{\"businessName\":\"regulator\",\"className\":\"CarbonRegulator\",\"columns\":[{\"capJavaField\":\"RegulatorId\",\"columnComment\":\"监管机构ID\",\"columnId\":40,\"columnName\":\"regulator_id\",\"columnType\":\"int\",\"createBy\":\"admin\",\"createTime\":\"2023-07-11 09:26:23\",\"dictType\":\"\",\"edit\":false,\"htmlType\":\"input\",\"increment\":false,\"insert\":true,\"isIncrement\":\"0\",\"isInsert\":\"1\",\"isPk\":\"1\",\"javaField\":\"regulatorId\",\"javaType\":\"Long\",\"list\":false,\"params\":{},\"pk\":true,\"query\":false,\"queryType\":\"EQ\",\"required\":false,\"sort\":1,\"superColumn\":false,\"tableId\":5,\"updateBy\":\"\",\"usableColumn\":false},{\"capJavaField\":\"RegulatorAddress\",\"columnComment\":\"监管机构账户地址\",\"columnId\":41,\"columnName\":\"regulator_address\",\"columnType\":\"varchar(255)\",\"createBy\":\"admin\",\"createTime\":\"2023-07-11 09:26:23\",\"dictType\":\"\",\"edit\":true,\"htmlType\":\"input\",\"increment\":false,\"insert\":true,\"isEdit\":\"1\",\"isIncrement\":\"0\",\"isInsert\":\"1\",\"isList\":\"1\",\"isPk\":\"0\",\"isQuery\":\"1\",\"javaField\":\"regulatorAddress\",\"javaType\":\"String\",\"list\":true,\"params\":{},\"pk\":false,\"query\":true,\"queryType\":\"EQ\",\"required\":false,\"sort\":2,\"superColumn\":false,\"tableId\":5,\"updateBy\":\"\",\"usableColumn\":false},{\"capJavaField\":\"RegulatorName\",\"columnComment\":\"部门名称\",\"columnId\":42,\"columnName\":\"regulator_name\",\"columnType\":\"varchar(100)\",\"createBy\":\"admin\",\"createTime\":\"2023-07-11 09:26:23\",\"dictType\":\"\",\"edit\":true,\"htmlType\":\"input\",\"increment\":false,\"insert\":true,\"isEdit\":\"1\",\"isIncrement\":\"0\",\"isInsert\":\"1\",\"isList\":\"1\",\"isPk\":\"0\",\"isQuery\":\"1\",\"javaField\":\"regulatorName\",\"javaType\":\"String\",\"list\":true,\"params\":{},\"pk\":false,\"query\":true,\"queryType\":\"LIKE\",\"required\":false,\"sort\":3,\"superColumn\":false,\"tableId\":5,\"updateBy\":\"\",\"usableColumn\":false},{\"capJavaField\":\"UserType\",\"columnComment\":\"账户类型\",\"columnId\":43,\"columnName\":\"user_type\",\"columnType\":\"int\",\"createBy\":\"admin\",\"createTime\":\"2023-07-11 09:26:23\",\"dictType\":\"\",\"edit\":true,\"htmlType\":\"select\",\"increment\":false,\"insert\":true,\"isEdit\":\"1\",\"isIncrement\":\"0\",\"isInsert\":\"1\",\"isList\":\"1\",\"isPk\":\"0\",\"isQuery\":\"1', '{\"msg\":\"操作成功\",\"code\":200}', 0, NULL, '2023-07-11 09:28:03', 39);
INSERT INTO `sys_oper_log` VALUES (107, '代码生成', 2, 'com.ruoyi.generator.controller.GenController.editSave()', 'PUT', 1, 'admin', NULL, '/tool/gen', '127.0.0.1', '内网IP', '{\"businessName\":\"transaction\",\"className\":\"CarbonTransaction\",\"columns\":[{\"capJavaField\":\"TransactionId\",\"columnComment\":\"订单的交易ID\",\"columnId\":44,\"columnName\":\"transaction_id\",\"columnType\":\"int\",\"createBy\":\"admin\",\"createTime\":\"2023-07-11 09:26:23\",\"dictType\":\"\",\"edit\":false,\"htmlType\":\"input\",\"increment\":false,\"insert\":true,\"isIncrement\":\"0\",\"isInsert\":\"1\",\"isPk\":\"1\",\"javaField\":\"transactionId\",\"javaType\":\"Long\",\"list\":false,\"params\":{},\"pk\":true,\"query\":false,\"queryType\":\"EQ\",\"required\":false,\"sort\":1,\"superColumn\":false,\"tableId\":6,\"updateBy\":\"\",\"usableColumn\":false},{\"capJavaField\":\"BuyerId\",\"columnComment\":\"买家ID\",\"columnId\":45,\"columnName\":\"buyer_id\",\"columnType\":\"int\",\"createBy\":\"admin\",\"createTime\":\"2023-07-11 09:26:23\",\"dictType\":\"\",\"edit\":true,\"htmlType\":\"input\",\"increment\":false,\"insert\":true,\"isEdit\":\"1\",\"isIncrement\":\"0\",\"isInsert\":\"1\",\"isList\":\"1\",\"isPk\":\"0\",\"isQuery\":\"1\",\"javaField\":\"buyerId\",\"javaType\":\"Long\",\"list\":true,\"params\":{},\"pk\":false,\"query\":true,\"queryType\":\"EQ\",\"required\":false,\"sort\":2,\"superColumn\":false,\"tableId\":6,\"updateBy\":\"\",\"usableColumn\":false},{\"capJavaField\":\"SellerId\",\"columnComment\":\"卖家的ID\",\"columnId\":46,\"columnName\":\"seller_id\",\"columnType\":\"int\",\"createBy\":\"admin\",\"createTime\":\"2023-07-11 09:26:23\",\"dictType\":\"\",\"edit\":true,\"htmlType\":\"input\",\"increment\":false,\"insert\":true,\"isEdit\":\"1\",\"isIncrement\":\"0\",\"isInsert\":\"1\",\"isList\":\"1\",\"isPk\":\"0\",\"isQuery\":\"1\",\"javaField\":\"sellerId\",\"javaType\":\"Long\",\"list\":true,\"params\":{},\"pk\":false,\"query\":true,\"queryType\":\"EQ\",\"required\":false,\"sort\":3,\"superColumn\":false,\"tableId\":6,\"updateBy\":\"\",\"usableColumn\":false},{\"capJavaField\":\"TransactionOrderName\",\"columnComment\":\"订单的名字\",\"columnId\":47,\"columnName\":\"transaction_order_name\",\"columnType\":\"varchar(255)\",\"createBy\":\"admin\",\"createTime\":\"2023-07-11 09:26:23\",\"dictType\":\"\",\"edit\":true,\"htmlType\":\"input\",\"increment\":false,\"insert\":true,\"isEdit\":\"1\",\"isIncrement\":\"0\",\"isInsert\":\"1\",\"isList\":\"1\",\"isPk\":\"0\",\"isQuery\":\"1\",\"javaField\":\"transacti', '{\"msg\":\"操作成功\",\"code\":200}', 0, NULL, '2023-07-11 09:28:22', 55);
INSERT INTO `sys_oper_log` VALUES (108, '代码生成', 8, 'com.ruoyi.generator.controller.GenController.batchGenCode()', 'GET', 1, 'admin', NULL, '/tool/gen/batchGenCode', '127.0.0.1', '内网IP', '{\"tables\":\"carbon_emission_resource,carbon_enterprise,carbon_enterprise_asset,carbon_qualification,carbon_regulator,carbon_transaction\"}', NULL, 0, NULL, '2023-07-11 09:28:35', 519);
INSERT INTO `sys_oper_log` VALUES (109, '菜单管理', 1, 'com.ruoyi.web.controller.system.SysMenuController.add()', 'POST', 1, 'admin', NULL, '/system/menu', '127.0.0.1', '内网IP', '{\"children\":[],\"createBy\":\"admin\",\"icon\":\"user\",\"isCache\":\"0\",\"isFrame\":\"1\",\"menuName\":\"企业管理\",\"menuType\":\"M\",\"orderNum\":4,\"params\":{},\"parentId\":0,\"path\":\"carbon\",\"status\":\"0\",\"visible\":\"0\"}', '{\"msg\":\"操作成功\",\"code\":200}', 0, NULL, '2023-07-11 09:31:47', 30);
INSERT INTO `sys_oper_log` VALUES (110, '代码生成', 2, 'com.ruoyi.generator.controller.GenController.editSave()', 'PUT', 1, 'admin', NULL, '/tool/gen', '127.0.0.1', '内网IP', '{\"businessName\":\"enterprise\",\"className\":\"CarbonEnterprise\",\"columns\":[{\"capJavaField\":\"EnterpriseId\",\"columnComment\":\"企业ID\",\"columnId\":9,\"columnName\":\"enterprise_id\",\"columnType\":\"int\",\"createBy\":\"admin\",\"createTime\":\"2023-07-11 09:26:08\",\"dictType\":\"\",\"edit\":false,\"htmlType\":\"input\",\"increment\":false,\"insert\":true,\"isIncrement\":\"0\",\"isInsert\":\"1\",\"isPk\":\"1\",\"javaField\":\"enterpriseId\",\"javaType\":\"Long\",\"list\":false,\"params\":{},\"pk\":true,\"query\":false,\"queryType\":\"EQ\",\"required\":false,\"sort\":1,\"superColumn\":false,\"tableId\":2,\"updateBy\":\"\",\"updateTime\":\"2023-07-11 09:27:23\",\"usableColumn\":false},{\"capJavaField\":\"EnterpriseAddress\",\"columnComment\":\"企业账户地址\",\"columnId\":10,\"columnName\":\"enterprise_address\",\"columnType\":\"varchar(255)\",\"createBy\":\"admin\",\"createTime\":\"2023-07-11 09:26:08\",\"dictType\":\"\",\"edit\":true,\"htmlType\":\"input\",\"increment\":false,\"insert\":true,\"isEdit\":\"1\",\"isIncrement\":\"0\",\"isInsert\":\"1\",\"isList\":\"1\",\"isPk\":\"0\",\"isQuery\":\"1\",\"javaField\":\"enterpriseAddress\",\"javaType\":\"String\",\"list\":true,\"params\":{},\"pk\":false,\"query\":true,\"queryType\":\"EQ\",\"required\":false,\"sort\":2,\"superColumn\":false,\"tableId\":2,\"updateBy\":\"\",\"updateTime\":\"2023-07-11 09:27:23\",\"usableColumn\":false},{\"capJavaField\":\"PriavateKey\",\"columnComment\":\"企业的私钥\",\"columnId\":11,\"columnName\":\"priavate_key\",\"columnType\":\"varchar(255)\",\"createBy\":\"admin\",\"createTime\":\"2023-07-11 09:26:08\",\"dictType\":\"\",\"edit\":true,\"htmlType\":\"input\",\"increment\":false,\"insert\":true,\"isEdit\":\"1\",\"isIncrement\":\"0\",\"isInsert\":\"1\",\"isList\":\"1\",\"isPk\":\"0\",\"isQuery\":\"1\",\"javaField\":\"priavateKey\",\"javaType\":\"String\",\"list\":true,\"params\":{},\"pk\":false,\"query\":true,\"queryType\":\"EQ\",\"required\":false,\"sort\":3,\"superColumn\":false,\"tableId\":2,\"updateBy\":\"\",\"updateTime\":\"2023-07-11 09:27:23\",\"usableColumn\":false},{\"capJavaField\":\"EnterpriseName\",\"columnComment\":\"企业的名称\",\"columnId\":12,\"columnName\":\"enterprise_name\",\"columnType\":\"varchar(100)\",\"createBy\":\"admin\",\"createTime\":\"2023-07-11 09:26:08\",\"dictType\":\"\",\"edit\":true,\"htmlType\":', '{\"msg\":\"操作成功\",\"code\":200}', 0, NULL, '2023-07-11 09:32:30', 68);
INSERT INTO `sys_oper_log` VALUES (111, '代码生成', 2, 'com.ruoyi.generator.controller.GenController.editSave()', 'PUT', 1, 'admin', NULL, '/tool/gen', '127.0.0.1', '内网IP', '{\"businessName\":\"enterprise\",\"className\":\"CarbonEnterprise\",\"columns\":[{\"capJavaField\":\"EnterpriseId\",\"columnComment\":\"企业ID\",\"columnId\":9,\"columnName\":\"enterprise_id\",\"columnType\":\"int\",\"createBy\":\"admin\",\"createTime\":\"2023-07-11 09:26:08\",\"dictType\":\"\",\"edit\":false,\"htmlType\":\"input\",\"increment\":false,\"insert\":true,\"isIncrement\":\"0\",\"isInsert\":\"1\",\"isPk\":\"1\",\"javaField\":\"enterpriseId\",\"javaType\":\"Long\",\"list\":false,\"params\":{},\"pk\":true,\"query\":false,\"queryType\":\"EQ\",\"required\":false,\"sort\":1,\"superColumn\":false,\"tableId\":2,\"updateBy\":\"\",\"updateTime\":\"2023-07-11 09:32:30\",\"usableColumn\":false},{\"capJavaField\":\"EnterpriseAddress\",\"columnComment\":\"企业账户地址\",\"columnId\":10,\"columnName\":\"enterprise_address\",\"columnType\":\"varchar(255)\",\"createBy\":\"admin\",\"createTime\":\"2023-07-11 09:26:08\",\"dictType\":\"\",\"edit\":true,\"htmlType\":\"input\",\"increment\":false,\"insert\":true,\"isEdit\":\"1\",\"isIncrement\":\"0\",\"isInsert\":\"1\",\"isList\":\"1\",\"isPk\":\"0\",\"isQuery\":\"1\",\"javaField\":\"enterpriseAddress\",\"javaType\":\"String\",\"list\":true,\"params\":{},\"pk\":false,\"query\":true,\"queryType\":\"EQ\",\"required\":false,\"sort\":2,\"superColumn\":false,\"tableId\":2,\"updateBy\":\"\",\"updateTime\":\"2023-07-11 09:32:30\",\"usableColumn\":false},{\"capJavaField\":\"PriavateKey\",\"columnComment\":\"企业的私钥\",\"columnId\":11,\"columnName\":\"priavate_key\",\"columnType\":\"varchar(255)\",\"createBy\":\"admin\",\"createTime\":\"2023-07-11 09:26:08\",\"dictType\":\"\",\"edit\":true,\"htmlType\":\"input\",\"increment\":false,\"insert\":true,\"isEdit\":\"1\",\"isIncrement\":\"0\",\"isInsert\":\"1\",\"isList\":\"1\",\"isPk\":\"0\",\"isQuery\":\"1\",\"javaField\":\"priavateKey\",\"javaType\":\"String\",\"list\":true,\"params\":{},\"pk\":false,\"query\":true,\"queryType\":\"EQ\",\"required\":false,\"sort\":3,\"superColumn\":false,\"tableId\":2,\"updateBy\":\"\",\"updateTime\":\"2023-07-11 09:32:30\",\"usableColumn\":false},{\"capJavaField\":\"EnterpriseName\",\"columnComment\":\"企业的名称\",\"columnId\":12,\"columnName\":\"enterprise_name\",\"columnType\":\"varchar(100)\",\"createBy\":\"admin\",\"createTime\":\"2023-07-11 09:26:08\",\"dictType\":\"\",\"edit\":true,\"htmlType\":', '{\"msg\":\"操作成功\",\"code\":200}', 0, NULL, '2023-07-11 09:32:47', 152);
INSERT INTO `sys_oper_log` VALUES (112, '代码生成', 8, 'com.ruoyi.generator.controller.GenController.batchGenCode()', 'GET', 1, 'admin', NULL, '/tool/gen/batchGenCode', '127.0.0.1', '内网IP', '{\"tables\":\"carbon_emission_resource,carbon_enterprise,carbon_enterprise_asset,carbon_qualification,carbon_regulator,carbon_transaction\"}', NULL, 0, NULL, '2023-07-11 09:33:17', 306);
INSERT INTO `sys_oper_log` VALUES (113, '企业信息', 1, 'com.ruoyi.web.controller.carbon.back.EnterpriseController.add()', 'POST', 1, 'admin', NULL, '/carbon/enterprise', '127.0.0.1', '内网IP', '{\"enterpriseEmail\":\"2756864799@qq.com\",\"enterpriseName\":\"zhang\",\"enterpriseNickName\":\"深圳市有限公司\",\"enterprisePass\":\"123456\",\"params\":{}}', NULL, 1, '', '2023-07-11 09:40:02', 293);
INSERT INTO `sys_oper_log` VALUES (114, '企业信息', 1, 'com.ruoyi.web.controller.carbon.back.EnterpriseController.add()', 'POST', 1, 'admin', NULL, '/carbon/enterprise', '127.0.0.1', '内网IP', '{\"enterpriseEmail\":\"iskcount@163.com\",\"enterpriseName\":\"zyh\",\"enterpriseNickName\":\"珠海市有限公司\",\"enterprisePass\":\"123456\",\"params\":{}}', '{\"msg\":\"操作成功\",\"code\":200}', 0, NULL, '2023-07-11 09:46:39', 717);
INSERT INTO `sys_oper_log` VALUES (115, '部门管理', 3, 'com.ruoyi.web.controller.system.SysDeptController.remove()', 'DELETE', 1, 'admin', NULL, '/system/dept/109', '127.0.0.1', '内网IP', '{}', '{\"msg\":\"操作成功\",\"code\":200}', 0, NULL, '2023-07-11 09:47:32', 71);
INSERT INTO `sys_oper_log` VALUES (116, '部门管理', 3, 'com.ruoyi.web.controller.system.SysDeptController.remove()', 'DELETE', 1, 'admin', NULL, '/system/dept/108', '127.0.0.1', '内网IP', '{}', '{\"msg\":\"操作成功\",\"code\":200}', 0, NULL, '2023-07-11 09:47:34', 36);
INSERT INTO `sys_oper_log` VALUES (117, '部门管理', 3, 'com.ruoyi.web.controller.system.SysDeptController.remove()', 'DELETE', 1, 'admin', NULL, '/system/dept/102', '127.0.0.1', '内网IP', '{}', '{\"msg\":\"操作成功\",\"code\":200}', 0, NULL, '2023-07-11 09:47:36', 34);
INSERT INTO `sys_oper_log` VALUES (118, '部门管理', 3, 'com.ruoyi.web.controller.system.SysDeptController.remove()', 'DELETE', 1, 'admin', NULL, '/system/dept/107', '127.0.0.1', '内网IP', '{}', '{\"msg\":\"操作成功\",\"code\":200}', 0, NULL, '2023-07-11 09:47:44', 32);
INSERT INTO `sys_oper_log` VALUES (119, '部门管理', 3, 'com.ruoyi.web.controller.system.SysDeptController.remove()', 'DELETE', 1, 'admin', NULL, '/system/dept/106', '127.0.0.1', '内网IP', '{}', '{\"msg\":\"操作成功\",\"code\":200}', 0, NULL, '2023-07-11 09:47:46', 32);
INSERT INTO `sys_oper_log` VALUES (120, '部门管理', 3, 'com.ruoyi.web.controller.system.SysDeptController.remove()', 'DELETE', 1, 'admin', NULL, '/system/dept/105', '127.0.0.1', '内网IP', '{}', '{\"msg\":\"部门存在用户,不允许删除\",\"code\":601}', 0, NULL, '2023-07-11 09:47:49', 17);
INSERT INTO `sys_oper_log` VALUES (121, '部门管理', 2, 'com.ruoyi.web.controller.system.SysDeptController.edit()', 'PUT', 1, 'admin', NULL, '/system/dept', '127.0.0.1', '内网IP', '{\"ancestors\":\"0\",\"children\":[],\"deptId\":100,\"deptName\":\"数字碳链\",\"email\":\"sztl@qq.com\",\"leader\":\"sztl\",\"orderNum\":0,\"params\":{},\"parentId\":0,\"phone\":\"15888888888\",\"status\":\"0\",\"updateBy\":\"admin\"}', '{\"msg\":\"操作成功\",\"code\":200}', 0, NULL, '2023-07-11 09:48:17', 37);
INSERT INTO `sys_oper_log` VALUES (122, '代码生成', 3, 'com.ruoyi.generator.controller.GenController.remove()', 'DELETE', 1, 'admin', NULL, '/tool/gen/5', '127.0.0.1', '内网IP', '{}', '{\"msg\":\"操作成功\",\"code\":200}', 0, NULL, '2023-07-11 10:32:53', 114);
INSERT INTO `sys_oper_log` VALUES (123, '代码生成', 6, 'com.ruoyi.generator.controller.GenController.importTableSave()', 'POST', 1, 'admin', NULL, '/tool/gen/importTable', '127.0.0.1', '内网IP', '{\"tables\":\"carbon_regulator\"}', '{\"msg\":\"操作成功\",\"code\":200}', 0, NULL, '2023-07-11 10:33:06', 95);
INSERT INTO `sys_oper_log` VALUES (124, '监管机构信息', 1, 'com.ruoyi.web.controller.carbon.back.RegulatorController.add()', 'POST', 1, 'admin', NULL, '/carbon/regulator', '127.0.0.1', '内网IP', '{\"params\":{},\"privateKey\":\"665688e3c97658214f30fa0ca2eec44613061fe6b9279b680960c4e0600662e6\",\"regulatorAddress\":\"0x0b882c62395f2a7ba38ee6ebe969ee1a1b149526\",\"regulatorId\":1,\"regulatorName\":\"监管部门\",\"regulatorPass\":\"123456\",\"regulatorUser\":\"wangwu\",\"userType\":2}', '{\"msg\":\"操作成功\",\"code\":200}', 0, NULL, '2023-07-11 10:43:19', 836);
INSERT INTO `sys_oper_log` VALUES (125, '角色管理', 1, 'com.ruoyi.web.controller.system.SysRoleController.add()', 'POST', 1, 'admin', NULL, '/system/role', '127.0.0.1', '内网IP', '{\"admin\":false,\"createBy\":\"admin\",\"deptCheckStrictly\":true,\"deptIds\":[],\"flag\":false,\"menuCheckStrictly\":true,\"menuIds\":[1,100,1000,1001,1002,1003,1004,1005,1006,101,1007,1008,1009,1010,1011,102,1012,1013,1014,1015,103,1016,1017,1018,1019,104,1020,1021,1022,1023,1024,3,115,2001,2002,2003,2004,2005,2006,2013,2014,2015,2016,2017,2018,2019,2020,2021,2022,2023,2024,2025,2026,2027,2028,2029,2030,2031,2032,2033,2034,2035,2036,116,1055,1056,1057,1058,1059,1060,117,2000,2007,2008,2009,2010,2011,2012],\"params\":{},\"roleId\":100,\"roleKey\":\"regulator\",\"roleName\":\"监管机构\",\"roleSort\":2,\"status\":\"0\"}', '{\"msg\":\"操作成功\",\"code\":200}', 0, NULL, '2023-07-11 10:46:23', 70);
INSERT INTO `sys_oper_log` VALUES (126, '角色管理', 2, 'com.ruoyi.web.controller.system.SysRoleController.edit()', 'PUT', 1, 'admin', NULL, '/system/role', '127.0.0.1', '内网IP', '{\"admin\":false,\"createTime\":\"2023-07-11 09:17:48\",\"dataScope\":\"2\",\"delFlag\":\"0\",\"deptCheckStrictly\":true,\"flag\":false,\"menuCheckStrictly\":true,\"menuIds\":[3,1,100,1000,1001,1002,1003,1004,1005,1006,101,1007,1008,1009,1010,1011,102,1012,1013,1014,1015,103,1016,1017,1018,1019,104,1020,1021,1022,1023,1024,105,1025,1026,1027,1028,1029,106,1030,1031,1032,1033,1034,107,1035,1036,1037,1038,108,500,1039,1040,1041,501,1042,1043,1044,1045,2,109,1046,1047,1048,110,1049,1050,1051,1052,1053,1054,111,112,113,114,115,116,1055,1056,1057,1058,1059,1060,117,4],\"params\":{},\"remark\":\"普通角色\",\"roleId\":2,\"roleKey\":\"common\",\"roleName\":\"普通角色\",\"roleSort\":3,\"status\":\"0\",\"updateBy\":\"admin\"}', '{\"msg\":\"操作成功\",\"code\":200}', 0, NULL, '2023-07-11 10:46:38', 70);
INSERT INTO `sys_oper_log` VALUES (127, '角色管理', 2, 'com.ruoyi.web.controller.system.SysRoleController.edit()', 'PUT', 1, 'admin', NULL, '/system/role', '127.0.0.1', '内网IP', '{\"admin\":false,\"createTime\":\"2023-07-11 09:17:48\",\"dataScope\":\"2\",\"delFlag\":\"0\",\"deptCheckStrictly\":true,\"flag\":false,\"menuCheckStrictly\":true,\"menuIds\":[3,1,100,1000,1001,1002,1003,1004,1005,1006,101,1007,1008,1009,1010,1011,102,1012,1013,1014,1015,103,1016,1017,1018,1019,104,1020,1021,1022,1023,1024,105,1025,1026,1027,1028,1029,106,1030,1031,1032,1033,1034,107,1035,1036,1037,1038,108,500,1039,1040,1041,501,1042,1043,1044,1045,2,109,1046,1047,1048,110,1049,1050,1051,1052,1053,1054,111,112,113,114,115,116,1055,1056,1057,1058,1059,1060,117,4],\"params\":{},\"remark\":\"普通角色\",\"roleId\":2,\"roleKey\":\"common\",\"roleName\":\"普通角色\",\"roleSort\":2,\"status\":\"0\",\"updateBy\":\"admin\"}', '{\"msg\":\"操作成功\",\"code\":200}', 0, NULL, '2023-07-11 10:46:49', 50);
INSERT INTO `sys_oper_log` VALUES (128, '角色管理', 2, 'com.ruoyi.web.controller.system.SysRoleController.edit()', 'PUT', 1, 'admin', NULL, '/system/role', '127.0.0.1', '内网IP', '{\"admin\":false,\"createTime\":\"2023-07-11 10:46:23\",\"dataScope\":\"1\",\"delFlag\":\"0\",\"deptCheckStrictly\":true,\"flag\":false,\"menuCheckStrictly\":true,\"menuIds\":[1,100,1000,1001,1002,1003,1004,1005,1006,101,1007,1008,1009,1010,1011,102,1012,1013,1014,1015,103,1016,1017,1018,1019,104,1020,1021,1022,1023,1024,3,115,2001,2002,2003,2004,2005,2006,2013,2014,2015,2016,2017,2018,2019,2020,2021,2022,2023,2024,2025,2026,2027,2028,2029,2030,2031,2032,2033,2034,2035,2036,116,1055,1056,1057,1058,1059,1060,117,2000,2007,2008,2009,2010,2011,2012],\"params\":{},\"roleId\":100,\"roleKey\":\"regulator\",\"roleName\":\"监管机构\",\"roleSort\":3,\"status\":\"0\",\"updateBy\":\"admin\"}', '{\"msg\":\"操作成功\",\"code\":200}', 0, NULL, '2023-07-11 10:46:56', 52);
INSERT INTO `sys_oper_log` VALUES (129, '角色管理', 2, 'com.ruoyi.web.controller.system.SysRoleController.edit()', 'PUT', 1, 'admin', NULL, '/system/role', '127.0.0.1', '内网IP', '{\"admin\":false,\"createTime\":\"2023-07-11 10:46:23\",\"dataScope\":\"1\",\"delFlag\":\"0\",\"deptCheckStrictly\":true,\"flag\":false,\"menuCheckStrictly\":true,\"menuIds\":[1,100,1000,1001,1002,1003,1004,1005,1006,101,1007,1008,1009,1010,1011,102,1012,1013,1014,1015,103,1016,1017,1018,1019,104,1020,1021,1022,1023,1024,3,115,2001,2002,2003,2004,2005,2006,2013,2014,2015,2016,2017,2018,2019,2020,2021,2022,2023,2024,2025,2026,2027,2028,2029,2030,2031,2032,2033,2034,2035,2036,116,1055,1056,1057,1058,1059,1060,117,2000,2007,2008,2009,2010,2011,2012],\"params\":{},\"remark\":\"监管部门\",\"roleId\":100,\"roleKey\":\"regulator\",\"roleName\":\"监管机构\",\"roleSort\":3,\"status\":\"0\",\"updateBy\":\"admin\"}', '{\"msg\":\"操作成功\",\"code\":200}', 0, NULL, '2023-07-11 10:47:58', 45);
INSERT INTO `sys_oper_log` VALUES (130, '监管机构信息', 1, 'com.ruoyi.web.controller.carbon.back.RegulatorController.add()', 'POST', 1, 'admin', NULL, '/carbon/regulator', '127.0.0.1', '内网IP', '{\"params\":{},\"privateKey\":\"b5353fe0fd98082f32d50344bf80b2b1e3a0489245d088b1d53069c0c7918c5d\",\"regulatorAddress\":\"0x4335c9ab08e65a33bd2873c81c1b9406ad65b327\",\"regulatorId\":2,\"regulatorName\":\"食品安全监管机构\",\"regulatorPass\":\"123456\",\"regulatorUser\":\"zwh\",\"userType\":2}', '{\"msg\":\"操作成功\",\"code\":200}', 0, NULL, '2023-07-11 10:51:25', 1237);
INSERT INTO `sys_oper_log` VALUES (131, '用户管理', 1, 'com.ruoyi.web.controller.system.SysUserController.add()', 'POST', 1, 'admin', NULL, '/system/user', '127.0.0.1', '内网IP', '{\"admin\":false,\"createBy\":\"admin\",\"nickName\":\"测试\",\"params\":{},\"postIds\":[],\"roleIds\":[100],\"status\":\"0\",\"userId\":104,\"userName\":\"ceshi\"}', '{\"msg\":\"操作成功\",\"code\":200}', 0, NULL, '2023-07-11 10:53:03', 286);
INSERT INTO `sys_oper_log` VALUES (132, '监管机构信息', 1, 'com.ruoyi.web.controller.carbon.back.RegulatorController.add()', 'POST', 1, 'admin', NULL, '/carbon/regulator', '127.0.0.1', '内网IP', '{\"params\":{},\"privateKey\":\"c4250e3838e2090e0306aa529ddce2d1adfc04db2544c79b58591f2335c55791\",\"regulatorAddress\":\"0x4c06523b5c27d9ed0218e76baa2e1ad34e4371a6\",\"regulatorId\":3,\"regulatorName\":\"环境监测机构\",\"regulatorPass\":\"123456\",\"regulatorUser\":\"zhangyuhao\",\"userType\":2}', '{\"msg\":\"操作成功\",\"code\":200}', 0, NULL, '2023-07-11 11:13:35', 891);
INSERT INTO `sys_oper_log` VALUES (133, '用户管理', 3, 'com.ruoyi.web.controller.system.SysUserController.remove()', 'DELETE', 1, 'admin', NULL, '/system/user/102', '127.0.0.1', '内网IP', '{}', '{\"msg\":\"操作成功\",\"code\":200}', 0, NULL, '2023-07-11 11:23:54', 108);
INSERT INTO `sys_oper_log` VALUES (134, '监管机构信息', 2, 'com.ruoyi.web.controller.carbon.back.RegulatorController.edit()', 'PUT', 1, 'admin', NULL, '/carbon/regulator', '127.0.0.1', '内网IP', '{\"params\":{},\"privateKey\":\"b5353fe0fd98082f32d50344bf80b2b1e3a0489245d088b1d53069c0c7918c5d\",\"regulatorAddress\":\"0x4335c9ab08e65a33bd2873c81c1b9406ad65b327\",\"regulatorId\":2,\"regulatorName\":\"材料安全监管机构\",\"regulatorPass\":\"000000\",\"regulatorUser\":\"zwh\",\"userType\":2}', '{\"msg\":\"操作成功\",\"code\":200}', 0, NULL, '2023-07-11 11:34:31', 300);
INSERT INTO `sys_oper_log` VALUES (135, '企业资质信息', 5, 'com.ruoyi.web.controller.carbon.back.QualificationController.export()', 'POST', 1, 'admin', NULL, '/carbon/qualification/export', '127.0.0.1', '内网IP', '{\"pageSize\":\"10\",\"pageNum\":\"1\"}', NULL, 0, NULL, '2023-07-11 11:54:31', 686);
INSERT INTO `sys_oper_log` VALUES (136, '企业资质信息', 5, 'com.ruoyi.web.controller.carbon.back.QualificationController.export()', 'POST', 1, 'admin', NULL, '/carbon/qualification/export', '127.0.0.1', '内网IP', '{\"pageSize\":\"10\",\"pageNum\":\"1\"}', NULL, 0, NULL, '2023-07-11 11:54:31', 1775);
INSERT INTO `sys_oper_log` VALUES (137, '企业资质信息', 5, 'com.ruoyi.web.controller.carbon.back.QualificationController.export()', 'POST', 1, 'admin', NULL, '/carbon/qualification/export', '127.0.0.1', '内网IP', '{\"pageSize\":\"10\",\"pageNum\":\"1\"}', NULL, 0, NULL, '2023-07-11 11:54:34', 84);
INSERT INTO `sys_oper_log` VALUES (138, '代码生成', 3, 'com.ruoyi.generator.controller.GenController.remove()', 'DELETE', 1, 'admin', NULL, '/tool/gen/4', '127.0.0.1', '内网IP', '{}', '{\"msg\":\"操作成功\",\"code\":200}', 0, NULL, '2023-07-11 11:57:39', 37);
INSERT INTO `sys_oper_log` VALUES (139, '代码生成', 6, 'com.ruoyi.generator.controller.GenController.importTableSave()', 'POST', 1, 'admin', NULL, '/tool/gen/importTable', '127.0.0.1', '内网IP', '{\"tables\":\"carbon_qualification\"}', '{\"msg\":\"操作成功\",\"code\":200}', 0, NULL, '2023-07-11 11:57:50', 165);
INSERT INTO `sys_oper_log` VALUES (140, '代码生成', 2, 'com.ruoyi.generator.controller.GenController.editSave()', 'PUT', 1, 'admin', NULL, '/tool/gen', '127.0.0.1', '内网IP', '{\"businessName\":\"qualification\",\"className\":\"CarbonQualification\",\"columns\":[{\"capJavaField\":\"QualificationId\",\"columnComment\":\"资质ID\",\"columnId\":57,\"columnName\":\"qualification_id\",\"columnType\":\"int\",\"createBy\":\"admin\",\"createTime\":\"2023-07-11 11:57:49\",\"dictType\":\"\",\"edit\":false,\"htmlType\":\"input\",\"increment\":false,\"insert\":true,\"isIncrement\":\"0\",\"isInsert\":\"1\",\"isPk\":\"1\",\"javaField\":\"qualificationId\",\"javaType\":\"Long\",\"list\":false,\"params\":{},\"pk\":true,\"query\":false,\"queryType\":\"EQ\",\"required\":false,\"sort\":1,\"superColumn\":false,\"tableId\":8,\"updateBy\":\"\",\"usableColumn\":false},{\"capJavaField\":\"QualificationName\",\"columnComment\":\"企业名称\",\"columnId\":58,\"columnName\":\"qualification_name\",\"columnType\":\"varchar(255)\",\"createBy\":\"admin\",\"createTime\":\"2023-07-11 11:57:49\",\"dictType\":\"\",\"edit\":true,\"htmlType\":\"input\",\"increment\":false,\"insert\":true,\"isEdit\":\"1\",\"isIncrement\":\"0\",\"isInsert\":\"1\",\"isList\":\"1\",\"isPk\":\"0\",\"isQuery\":\"1\",\"javaField\":\"qualificationName\",\"javaType\":\"String\",\"list\":true,\"params\":{},\"pk\":false,\"query\":true,\"queryType\":\"LIKE\",\"required\":false,\"sort\":2,\"superColumn\":false,\"tableId\":8,\"updateBy\":\"\",\"usableColumn\":false},{\"capJavaField\":\"QualificationContent\",\"columnComment\":\"社会信用代码\",\"columnId\":59,\"columnName\":\"qualification_content\",\"columnType\":\"varchar(255)\",\"createBy\":\"admin\",\"createTime\":\"2023-07-11 11:57:49\",\"dictType\":\"\",\"edit\":true,\"htmlType\":\"editor\",\"increment\":false,\"insert\":true,\"isEdit\":\"1\",\"isIncrement\":\"0\",\"isInsert\":\"1\",\"isList\":\"1\",\"isPk\":\"0\",\"isQuery\":\"1\",\"javaField\":\"qualificationContent\",\"javaType\":\"String\",\"list\":true,\"params\":{},\"pk\":false,\"query\":true,\"queryType\":\"EQ\",\"required\":false,\"sort\":3,\"superColumn\":false,\"tableId\":8,\"updateBy\":\"\",\"usableColumn\":false},{\"capJavaField\":\"QualificationLeader\",\"columnComment\":\"法定代表人\",\"columnId\":60,\"columnName\":\"qualification_leader\",\"columnType\":\"varchar(100)\",\"createBy\":\"admin\",\"createTime\":\"2023-07-11 11:57:50\",\"dictType\":\"\",\"edit\":true,\"htmlType\":\"input\",\"increment\":false,\"insert\":true,\"isEdit\":\"', '{\"msg\":\"操作成功\",\"code\":200}', 0, NULL, '2023-07-11 11:58:26', 93);
INSERT INTO `sys_oper_log` VALUES (141, '企业资质信息', 1, 'com.ruoyi.web.controller.carbon.back.QualificationController.add()', 'POST', 1, 'admin', NULL, '/carbon/qualification', '127.0.0.1', '内网IP', '{\"params\":{},\"qualificationAddress\":\"ewfewf1111\",\"qualificationAuditTime\":\"2023-07-28\",\"qualificationEmissionLimit\":0,\"qualificationIndustry\":\"efwfw\",\"qualificationLeader\":\"wewe\",\"qualificationName\":\"rlkglg\",\"qualificationUploadTime\":\"2023-07-18\",\"qualificationUrl\":\"skfnfkn;\",\"qualificationUserEmail\":\"163@qq.com\",\"qualificationUserName\":\"ewrwew\",\"qualificationVerifiedRegulator\":\"lknyhhhhhhhhh\"}', NULL, 1, 'java.lang.NullPointerException', '2023-07-11 14:11:09', 41);
INSERT INTO `sys_oper_log` VALUES (142, '企业资质信息', 1, 'com.ruoyi.web.controller.carbon.back.QualificationController.add()', 'POST', 1, 'admin', NULL, '/carbon/qualification', '127.0.0.1', '内网IP', '{\"params\":{},\"qualificationAddress\":\"珠海市香洲区\",\"qualificationContent\":\"441622200305132857\",\"qualificationIndustry\":\"环境材料\",\"qualificationLeader\":\"张先生\",\"qualificationName\":\"珠海市有限公司\",\"qualificationUserEmail\":\"2756864799@qq.com\",\"qualificationUserName\":\"张先生\"}', NULL, 1, 'java.lang.NullPointerException', '2023-07-11 14:44:15', 94);
INSERT INTO `sys_oper_log` VALUES (143, '企业资质信息', 1, 'com.ruoyi.web.controller.carbon.back.QualificationController.add()', 'POST', 1, 'admin', NULL, '/carbon/qualification', '127.0.0.1', '内网IP', '{\"params\":{},\"qualificationAddress\":\"珠海市香洲区\",\"qualificationContent\":\"441622200305132857\",\"qualificationIndustry\":\"环境材料\",\"qualificationLeader\":\"张先生\",\"qualificationName\":\"珠海市有限公司\",\"qualificationUserEmail\":\"2756864799@qq.com\",\"qualificationUserName\":\"张先生\"}', NULL, 1, 'java.io.UncheckedIOException: abi', '2023-07-11 14:46:09', 233);
INSERT INTO `sys_oper_log` VALUES (144, '企业资质信息', 1, 'com.ruoyi.web.controller.carbon.back.QualificationController.add()', 'POST', 1, 'admin', NULL, '/carbon/qualification', '127.0.0.1', '内网IP', '{\"params\":{},\"qualificationAddress\":\"珠海市香洲区\",\"qualificationContent\":\"441622200305132857\",\"qualificationIndustry\":\"环境材料\",\"qualificationLeader\":\"张先生\",\"qualificationName\":\"珠海市有限公司\",\"qualificationUserEmail\":\"2756864799@qq.com\",\"qualificationUserName\":\"张先生\"}', NULL, 1, 'java.io.UncheckedIOException: src/main/resources/abi', '2023-07-11 14:48:56', 191);
INSERT INTO `sys_oper_log` VALUES (145, '企业资质信息', 1, 'com.ruoyi.web.controller.carbon.back.QualificationController.add()', 'POST', 1, 'admin', NULL, '/carbon/qualification', '127.0.0.1', '内网IP', '{\"params\":{},\"qualificationAddress\":\"珠海市香洲区\",\"qualificationContent\":\"441622200305132857\",\"qualificationIndustry\":\"环境材料\",\"qualificationLeader\":\"张先生\",\"qualificationName\":\"珠海市有限公司\",\"qualificationUserEmail\":\"2756864799@qq.com\",\"qualificationUserName\":\"张先生\"}', NULL, 1, 'java.io.UncheckedIOException: abi', '2023-07-11 14:51:03', 310);
INSERT INTO `sys_oper_log` VALUES (146, '企业资质信息', 1, 'com.ruoyi.web.controller.carbon.back.QualificationController.add()', 'POST', 1, 'admin', NULL, '/carbon/qualification', '127.0.0.1', '内网IP', '{\"params\":{},\"qualificationAddress\":\"珠海市香洲区\",\"qualificationContent\":\"441622200305132857\",\"qualificationIndustry\":\"环境材料\",\"qualificationLeader\":\"张先生\",\"qualificationName\":\"珠海市有限公司\",\"qualificationUserEmail\":\"2756864799@qq.com\",\"qualificationUserName\":\"张先生\"}', NULL, 1, 'java.io.UncheckedIOException: src/main/resources/abi', '2023-07-11 14:52:53', 211);
INSERT INTO `sys_oper_log` VALUES (147, '企业资质信息', 1, 'com.ruoyi.web.controller.carbon.back.QualificationController.add()', 'POST', 1, 'admin', NULL, '/carbon/qualification', '127.0.0.1', '内网IP', '{\"params\":{},\"qualificationAddress\":\"珠海市香洲区\",\"qualificationContent\":\"441622200305132857\",\"qualificationIndustry\":\"环境材料\",\"qualificationLeader\":\"张先生\",\"qualificationName\":\"珠海市有限公司\",\"qualificationUserEmail\":\"2756864799@qq.com\",\"qualificationUserName\":\"张先生\"}', NULL, 1, 'java.io.UncheckedIOException: abi', '2023-07-11 14:54:32', 181);
INSERT INTO `sys_oper_log` VALUES (148, '企业资质信息', 1, 'com.ruoyi.web.controller.carbon.back.QualificationController.add()', 'POST', 1, 'admin', NULL, '/carbon/qualification', '127.0.0.1', '内网IP', '{\"params\":{},\"qualificationAddress\":\"珠海市香洲区\",\"qualificationContent\":\"441622200305132857\",\"qualificationIndustry\":\"环境材料\",\"qualificationLeader\":\"张先生\",\"qualificationName\":\"珠海市有限公司\",\"qualificationUserEmail\":\"2756864799@qq.com\",\"qualificationUserName\":\"张先生\"}', NULL, 1, 'org.fisco.bcos.sdk.abi.ABICodecException: Cann\'t encode in encodeMethodFromObject with appropriate interface ABI, please check your method name or ABI file', '2023-07-11 14:59:57', 390);
INSERT INTO `sys_oper_log` VALUES (149, '企业资质信息', 1, 'com.ruoyi.web.controller.carbon.back.QualificationController.add()', 'POST', 1, 'admin', NULL, '/carbon/qualification', '127.0.0.1', '内网IP', '{\"params\":{},\"qualificationAddress\":\"zyh\",\"qualificationContent\":\"4416\",\"qualificationIndustry\":\"zyh\",\"qualificationLeader\":\"zyh\",\"qualificationName\":\"珠海市有限公司\",\"qualificationUserEmail\":\"zyh@qq.com\",\"qualificationUserName\":\"zyh\"}', NULL, 1, 'org.fisco.bcos.sdk.abi.ABICodecException: Cann\'t encode in encodeMethodFromObject with appropriate interface ABI, please check your method name or ABI file', '2023-07-11 15:15:52', 403);
INSERT INTO `sys_oper_log` VALUES (150, '企业资质信息', 1, 'com.ruoyi.web.controller.carbon.back.QualificationController.add()', 'POST', 1, 'admin', NULL, '/carbon/qualification', '127.0.0.1', '内网IP', '{\"params\":{},\"qualificationAddress\":\"zyh\",\"qualificationContent\":\"4416\",\"qualificationIndustry\":\"zyh\",\"qualificationLeader\":\"zyh\",\"qualificationName\":\"珠海市有限公司\",\"qualificationUserEmail\":\"zyh@qq.com\",\"qualificationUserName\":\"zyh\"}', NULL, 1, 'java.lang.NullPointerException', '2023-07-11 15:19:13', 225);
INSERT INTO `sys_oper_log` VALUES (151, '企业资质信息', 1, 'com.ruoyi.web.controller.carbon.back.QualificationController.add()', 'POST', 1, 'admin', NULL, '/carbon/qualification', '127.0.0.1', '内网IP', '{\"params\":{},\"qualificationAddress\":\"zyh\",\"qualificationContent\":\"4416\",\"qualificationIndustry\":\"zyh\",\"qualificationLeader\":\"zyh\",\"qualificationName\":\"珠海市有限公司\",\"qualificationUserEmail\":\"zyh@qq.com\",\"qualificationUserName\":\"zyh\"}', NULL, 1, 'java.io.UncheckedIOException: abi/CarbonAssetService.abi', '2023-07-11 15:21:50', 209);
INSERT INTO `sys_oper_log` VALUES (152, '企业资质信息', 1, 'com.ruoyi.web.controller.carbon.back.QualificationController.add()', 'POST', 1, 'admin', NULL, '/carbon/qualification', '127.0.0.1', '内网IP', '{\"params\":{},\"qualificationAddress\":\"zyh\",\"qualificationContent\":\"4416\",\"qualificationIndustry\":\"zyh\",\"qualificationLeader\":\"zyh\",\"qualificationName\":\"珠海市有限公司\",\"qualificationUserEmail\":\"zyh@qq.com\",\"qualificationUserName\":\"zyh\"}', NULL, 1, 'org.fisco.bcos.sdk.abi.ABICodecException: Cann\'t encode in encodeMethodFromObject with appropriate interface ABI, please check your method name or ABI file', '2023-07-11 15:23:48', 516);
INSERT INTO `sys_oper_log` VALUES (153, '企业资质信息', 1, 'com.ruoyi.web.controller.carbon.back.QualificationController.add()', 'POST', 1, 'admin', NULL, '/carbon/qualification', '127.0.0.1', '内网IP', '{\"params\":{},\"qualificationAddress\":\"zyh\",\"qualificationContent\":\"4416\",\"qualificationIndustry\":\"zyh\",\"qualificationLeader\":\"zyh\",\"qualificationName\":\"珠海市有限公司\",\"qualificationUserEmail\":\"zyh@qq.com\",\"qualificationUserName\":\"zyh\"}', '{\"msg\":\"操作成功\",\"code\":200}', 0, NULL, '2023-07-11 15:29:33', 462);
INSERT INTO `sys_oper_log` VALUES (154, '企业信息', 1, 'com.ruoyi.web.controller.carbon.back.EnterpriseController.add()', 'POST', 1, 'admin', NULL, '/carbon/enterprise', '127.0.0.1', '内网IP', '{\"enterpriseEmail\":\"22sbdj@qq.com\",\"enterpriseName\":\"sb\",\"enterpriseNickName\":\"深圳市物流有限公司\",\"enterprisePass\":\"123456\",\"params\":{}}', '{\"msg\":\"操作成功\",\"code\":200}', 0, NULL, '2023-07-11 16:01:55', 685);
INSERT INTO `sys_oper_log` VALUES (155, '企业资质信息', 1, 'com.ruoyi.web.controller.carbon.back.QualificationController.add()', 'POST', 1, 'admin', NULL, '/carbon/qualification', '127.0.0.1', '内网IP', '{\"params\":{},\"qualificationAddress\":\"0x7255a8b2a6a05e34685df3878c5e1632da5d01ba\",\"qualificationContent\":\"28502865283\",\"qualificationId\":2,\"qualificationIndustry\":\"撒罗杰杜彼啦大不了\",\"qualificationLeader\":\"我是煞笔\",\"qualificationName\":\"深圳市物流有限公司\",\"qualificationUploadTime\":\"2023-07-11 16:02:35\",\"qualificationUserEmail\":\"163@qq.com\",\"qualificationUserName\":\"张宇豪\"}', '{\"msg\":\"操作成功\",\"code\":200}', 0, NULL, '2023-07-11 16:02:35', 720);
INSERT INTO `sys_oper_log` VALUES (156, '企业信息', 1, 'com.ruoyi.web.controller.carbon.back.EnterpriseController.add()', 'POST', 1, 'admin', NULL, '/carbon/enterprise', '127.0.0.1', '内网IP', '{\"enterpriseEmail\":\"123424@qq.com\",\"enterpriseName\":\"zzb\",\"enterpriseNickName\":\"珠海分公司\",\"enterprisePass\":\"123456\",\"params\":{}}', '{\"msg\":\"操作成功\",\"code\":200}', 0, NULL, '2023-07-11 16:14:02', 819);
INSERT INTO `sys_oper_log` VALUES (157, '企业资质信息', 1, 'com.ruoyi.web.controller.carbon.back.QualificationController.add()', 'POST', 1, 'admin', NULL, '/carbon/qualification', '127.0.0.1', '内网IP', '{\"params\":{},\"qualificationAddress\":\"0x791d92ec148a4d16a401fa728083cc88f69530e4\",\"qualificationAuditTime\":\"0\",\"qualificationContent\":\"暂未认证\",\"qualificationEmissionLimit\":0,\"qualificationId\":3,\"qualificationIndustry\":\"adhi;shdahh\",\"qualificationLeader\":\"cbzklbc\",\"qualificationName\":\"珠海分公司\",\"qualificationUploadTime\":\"2023-07-11 16:14:36\",\"qualificationUserEmail\":\"163@qq.com\",\"qualificationUserName\":\"zyh\"}', NULL, 1, '\n### Error updating database.  Cause: com.mysql.cj.jdbc.exceptions.MysqlDataTruncation: Data truncation: Incorrect datetime value: \'0\' for column \'qualification_audit_time\' at row 1\n### The error may exist in file [/home/yyz/Desktop/SZTL/CarbonAsset_Code/CarbonAsset-Admin/carbon-asset/target/classes/mapper/carbon/CarbonQualificationMapper.xml]\n### The error may involve com.ruoyi.carbon.mapper.CarbonQualificationMapper.insertCarbonQualification-Inline\n### The error occurred while setting parameters\n### SQL: insert into carbon_qualification          ( qualification_id,             qualification_name,             qualification_content,             qualification_leader,             qualification_address,             qualification_industry,             qualification_user_name,             qualification_user_email,                          qualification_upload_time,             qualification_audit_time,                          qualification_emission_limit )           values ( ?,             ?,             ?,             ?,             ?,             ?,             ?,             ?,                          ?,             ?,                          ? )\n### Cause: com.mysql.cj.jdbc.exceptions.MysqlDataTruncation: Data truncation: Incorrect datetime value: \'0\' for column \'qualification_audit_time\' at row 1\n; Data truncation: Incorrect datetime value: \'0\' for column \'qualification_audit_time\' at row 1; nested exception is com.mysql.cj.jdbc.exceptions.MysqlDataTruncation: Data truncation: Incorrect datetime value: \'0\' for column \'qualification_audit_time\' at row 1', '2023-07-11 16:14:36', 571);
INSERT INTO `sys_oper_log` VALUES (158, '企业信息', 1, 'com.ruoyi.web.controller.carbon.back.EnterpriseController.add()', 'POST', 1, 'admin', NULL, '/carbon/enterprise', '127.0.0.1', '内网IP', '{\"enterpriseEmail\":\"123@qq.com\",\"enterpriseName\":\"woshishabi\",\"enterpriseNickName\":\"广州分公司\",\"enterprisePass\":\"123456\",\"params\":{}}', '{\"msg\":\"操作成功\",\"code\":200}', 0, NULL, '2023-07-11 16:21:29', 710);
INSERT INTO `sys_oper_log` VALUES (159, '企业资质信息', 1, 'com.ruoyi.web.controller.carbon.back.QualificationController.add()', 'POST', 1, 'admin', NULL, '/carbon/qualification', '127.0.0.1', '内网IP', '{\"params\":{},\"qualificationAddress\":\"0x9d64822fabd1ca69f3d1ab54d9741c62edeb1cb2\",\"qualificationAuditTime\":\"0000-0-0\",\"qualificationContent\":\"暂未认证\",\"qualificationEmissionLimit\":0,\"qualificationId\":4,\"qualificationIndustry\":\"手打\",\"qualificationLeader\":\"zyh\",\"qualificationName\":\"广州分公司\",\"qualificationUploadTime\":\"2023-07-11 16:22:08\",\"qualificationUserEmail\":\"123@qq.com\",\"qualificationUserName\":\"张宇豪\"}', '{\"msg\":\"操作成功\",\"code\":200}', 0, NULL, '2023-07-11 16:22:08', 697);
INSERT INTO `sys_oper_log` VALUES (160, '企业信息', 1, 'com.ruoyi.web.controller.carbon.back.EnterpriseController.add()', 'POST', 1, 'admin', NULL, '/carbon/enterprise', '127.0.0.1', '内网IP', '{\"enterpriseEmail\":\"123@qq.com\",\"enterpriseName\":\"test\",\"enterpriseNickName\":\"东莞有限公司\",\"enterprisePass\":\"123456\",\"params\":{}}', '{\"msg\":\"操作成功\",\"code\":200}', 0, NULL, '2023-07-11 16:33:13', 650);
INSERT INTO `sys_oper_log` VALUES (161, '企业资质信息', 1, 'com.ruoyi.web.controller.carbon.back.QualificationController.add()', 'POST', 1, 'admin', NULL, '/carbon/qualification', '127.0.0.1', '内网IP', '{\"params\":{},\"qualificationAddress\":\"dfsfs\",\"qualificationContent\":\"463646\",\"qualificationIndustry\":\"sfsf\",\"qualificationLeader\":\"dskf\",\"qualificationName\":\"东莞有限公司\",\"qualificationUserEmail\":\"232@qq.com\",\"qualificationUserName\":\"fsf\"}', NULL, 1, '\n### Error querying database.  Cause: java.sql.SQLSyntaxErrorException: You have an error in your SQL syntax; check the manual that corresponds to your MySQL server version for the right syntax to use near \'and qualification_name like concat(\'%\', \'东莞有限公司\', \'%\')\' at line 3\n### The error may exist in file [/home/yyz/Desktop/SZTL/CarbonAsset_Code/CarbonAsset-Admin/carbon-asset/target/classes/mapper/carbon/CarbonQualificationMapper.xml]\n### The error may involve com.ruoyi.carbon.mapper.CarbonQualificationMapper.selectCarbonQualificationByName-Inline\n### The error occurred while setting parameters\n### SQL: select qualification_id, qualification_name, qualification_content, qualification_leader, qualification_address, qualification_industry, qualification_user_name, qualification_user_email, qualification_url, qualification_upload_time, qualification_audit_time, qualification_verified_regulator, qualification_emission_limit from carbon_qualification                 and qualification_name like concat(\'%\', ?, \'%\')\n### Cause: java.sql.SQLSyntaxErrorException: You have an error in your SQL syntax; check the manual that corresponds to your MySQL server version for the right syntax to use near \'and qualification_name like concat(\'%\', \'东莞有限公司\', \'%\')\' at line 3\n; bad SQL grammar []; nested exception is java.sql.SQLSyntaxErrorException: You have an error in your SQL syntax; check the manual that corresponds to your MySQL server version for the right syntax to use near \'and qualification_name like concat(\'%\', \'东莞有限公司\', \'%\')\' at line 3', '2023-07-11 16:33:36', 132);
INSERT INTO `sys_oper_log` VALUES (162, '企业资质信息', 1, 'com.ruoyi.web.controller.carbon.back.QualificationController.add()', 'POST', 1, 'admin', NULL, '/carbon/qualification', '127.0.0.1', '内网IP', '{\"params\":{},\"qualificationAddress\":\"0x9d3a7c809ee1224c60c5543bfa09968e5b33babe\",\"qualificationAuditTime\":\"0000-0-0\",\"qualificationContent\":\"463646\",\"qualificationEmissionLimit\":0,\"qualificationId\":5,\"qualificationIndustry\":\"sfsf\",\"qualificationLeader\":\"dskf\",\"qualificationName\":\"东莞有限公司\",\"qualificationUploadTime\":\"2023-07-11 16:36:54\",\"qualificationUserEmail\":\"232@qq.com\",\"qualificationUserName\":\"fsf\",\"qualificationVerifiedRegulator\":\"暂未认证\"}', '{\"msg\":\"操作成功\",\"code\":200}', 0, NULL, '2023-07-11 16:36:55', 1783);
INSERT INTO `sys_oper_log` VALUES (163, '企业资质信息', 1, 'com.ruoyi.web.controller.carbon.back.QualificationController.add()', 'POST', 1, 'admin', NULL, '/carbon/qualification', '127.0.0.1', '内网IP', '{\"params\":{},\"qualificationAddress\":\"dfsfs\",\"qualificationContent\":\"463646\",\"qualificationIndustry\":\"sfsf\",\"qualificationLeader\":\"dskf\",\"qualificationName\":\"东莞有限公司\",\"qualificationUserEmail\":\"232@qq.com\",\"qualificationUserName\":\"fsf\"}', '{\"msg\":\"操作失败\",\"code\":500}', 0, NULL, '2023-07-11 16:36:55', 56);
INSERT INTO `sys_oper_log` VALUES (164, '审核企业的资质', 2, 'com.ruoyi.web.controller.carbon.back.QualificationController.verifyQualification()', 'PUT', 1, 'admin', NULL, '/carbon/qualification/verfyqualification', '127.0.0.1', '内网IP', '{\"isApprove\":true,\"params\":{},\"qualificationAddress\":\"0x9d3a7c809ee1224c60c5543bfa09968e5b33babe\",\"qualificationContent\":\"463646\",\"qualificationId\":5,\"qualificationIndustry\":\"sfsf\",\"qualificationLeader\":\"dskf\",\"qualificationName\":\"东莞有限公司\",\"qualificationUploadTime\":\"2023-07-11\",\"qualificationUserEmail\":\"232@qq.com\",\"qualificationUserName\":\"fsf\",\"qualificationVerifiedRegulator\":\"0x4c06523b5c27d9ed0218e76baa2e1ad34e4371a6\"}', NULL, 1, 'java.lang.NullPointerException', '2023-07-12 10:52:33', 69);
INSERT INTO `sys_oper_log` VALUES (165, '审核企业的资质', 2, 'com.ruoyi.web.controller.carbon.back.QualificationController.verifyQualification()', 'PUT', 1, 'admin', NULL, '/carbon/qualification/verfyqualification', '127.0.0.1', '内网IP', '{\"isApprove\":true,\"params\":{},\"qualificationAddress\":\"0x9d3a7c809ee1224c60c5543bfa09968e5b33babe\",\"qualificationContent\":\"463646\",\"qualificationId\":5,\"qualificationIndustry\":\"sfsf\",\"qualificationLeader\":\"dskf\",\"qualificationName\":\"东莞有限公司\",\"qualificationUploadTime\":\"2023-07-11\",\"qualificationUserEmail\":\"232@qq.com\",\"qualificationUserName\":\"fsf\",\"qualificationVerifiedRegulator\":\"0x4c06523b5c27d9ed0218e76baa2e1ad34e4371a6\"}', NULL, 1, 'java.lang.NullPointerException', '2023-07-12 10:56:02', 36);
INSERT INTO `sys_oper_log` VALUES (166, '审核企业的资质', 2, 'com.ruoyi.web.controller.carbon.back.QualificationController.verifyQualification()', 'PUT', 1, 'admin', NULL, '/carbon/qualification/verfyqualification', '127.0.0.1', '内网IP', '{\"isApprove\":true,\"params\":{},\"qualificationAddress\":\"0x9d3a7c809ee1224c60c5543bfa09968e5b33babe\",\"qualificationContent\":\"463646\",\"qualificationId\":5,\"qualificationIndustry\":\"sfsf\",\"qualificationLeader\":\"dskf\",\"qualificationName\":\"东莞有限公司\",\"qualificationUploadTime\":\"2023-07-11\",\"qualificationUserEmail\":\"232@qq.com\",\"qualificationUserName\":\"fsf\",\"qualificationVerifiedRegulator\":\"0x4c06523b5c27d9ed0218e76baa2e1ad34e4371a6\"}', NULL, 1, 'java.lang.NullPointerException', '2023-07-12 10:56:20', 52);
INSERT INTO `sys_oper_log` VALUES (167, '审核企业的资质', 2, 'com.ruoyi.web.controller.carbon.back.QualificationController.verifyQualification()', 'PUT', 1, 'admin', NULL, '/carbon/qualification/verfyqualification', '127.0.0.1', '内网IP', '{\"isApprove\":true,\"params\":{},\"qualificationAddress\":\"0x9d3a7c809ee1224c60c5543bfa09968e5b33babe\",\"qualificationContent\":\"463646\",\"qualificationId\":5,\"qualificationIndustry\":\"sfsf\",\"qualificationLeader\":\"dskf\",\"qualificationName\":\"东莞有限公司\",\"qualificationUploadTime\":\"2023-07-11\",\"qualificationUserEmail\":\"232@qq.com\",\"qualificationUserName\":\"fsf\",\"qualificationVerifiedRegulator\":\"0x4c06523b5c27d9ed0218e76baa2e1ad34e4371a6\"}', NULL, 1, 'java.lang.NullPointerException', '2023-07-12 10:59:28', 138);
INSERT INTO `sys_oper_log` VALUES (168, '审核企业的资质', 2, 'com.ruoyi.web.controller.carbon.back.QualificationController.verifyQualification()', 'PUT', 1, 'admin', NULL, '/carbon/qualification/verfyqualification', '127.0.0.1', '内网IP', '{\"isApprove\":true,\"params\":{},\"qualificationAddress\":\"0x9d3a7c809ee1224c60c5543bfa09968e5b33babe\",\"qualificationContent\":\"463646\",\"qualificationId\":5,\"qualificationIndustry\":\"sfsf\",\"qualificationLeader\":\"dskf\",\"qualificationName\":\"东莞有限公司\",\"qualificationUploadTime\":\"2023-07-11\",\"qualificationUserEmail\":\"232@qq.com\",\"qualificationUserName\":\"fsf\",\"qualificationVerifiedRegulator\":\"0x4c06523b5c27d9ed0218e76baa2e1ad34e4371a6\"}', NULL, 1, 'java.lang.NullPointerException', '2023-07-12 11:03:00', 147);
INSERT INTO `sys_oper_log` VALUES (169, '审核企业的资质', 2, 'com.ruoyi.web.controller.carbon.back.QualificationController.verifyQualification()', 'PUT', 1, 'admin', NULL, '/carbon/qualification/verfyqualification', '127.0.0.1', '内网IP', '{\"isApprove\":true,\"params\":{},\"qualificationAddress\":\"0x9d3a7c809ee1224c60c5543bfa09968e5b33babe\",\"qualificationContent\":\"463646\",\"qualificationId\":5,\"qualificationIndustry\":\"sfsf\",\"qualificationLeader\":\"dskf\",\"qualificationName\":\"东莞有限公司\",\"qualificationUploadTime\":\"2023-07-11\",\"qualificationUserEmail\":\"232@qq.com\",\"qualificationUserName\":\"fsf\",\"qualificationVerifiedRegulator\":\"0x4c06523b5c27d9ed0218e76baa2e1ad34e4371a6\"}', NULL, 1, 'java.lang.NullPointerException', '2023-07-12 11:15:31', 314537);
INSERT INTO `sys_oper_log` VALUES (170, '审核企业的资质', 2, 'com.ruoyi.web.controller.carbon.back.QualificationController.verifyQualification()', 'PUT', 1, 'admin', NULL, '/carbon/qualification/verfyqualification', '127.0.0.1', '内网IP', '{\"isApprove\":true,\"params\":{},\"qualificationAddress\":\"0x9d3a7c809ee1224c60c5543bfa09968e5b33babe\",\"qualificationContent\":\"463646\",\"qualificationId\":5,\"qualificationIndustry\":\"sfsf\",\"qualificationLeader\":\"dskf\",\"qualificationName\":\"东莞有限公司\",\"qualificationUploadTime\":\"2023-07-11\",\"qualificationUserEmail\":\"232@qq.com\",\"qualificationUserName\":\"fsf\",\"qualificationVerifiedRegulator\":\"0x4c06523b5c27d9ed0218e76baa2e1ad34e4371a6\"}', NULL, 1, 'java.lang.NullPointerException', '2023-07-12 11:17:16', 60756);
INSERT INTO `sys_oper_log` VALUES (171, '审核企业的资质', 2, 'com.ruoyi.web.controller.carbon.back.QualificationController.verifyQualification()', 'PUT', 1, 'admin', NULL, '/carbon/qualification/verfyqualification', '127.0.0.1', '内网IP', '{\"isApprove\":true,\"params\":{},\"qualificationAddress\":\"0x9d3a7c809ee1224c60c5543bfa09968e5b33babe\",\"qualificationAuditTime\":\"2023-07-12 11:17:48\",\"qualificationContent\":\"463646\",\"qualificationEmissionLimit\":1000,\"qualificationId\":5,\"qualificationIndustry\":\"sfsf\",\"qualificationLeader\":\"dskf\",\"qualificationName\":\"东莞有限公司\",\"qualificationUploadTime\":\"2023-07-11\",\"qualificationUserEmail\":\"232@qq.com\",\"qualificationUserName\":\"fsf\",\"qualificationVerifiedRegulator\":\"0x4c06523b5c27d9ed0218e76baa2e1ad34e4371a6\"}', '{\"msg\":\"审核成功\",\"code\":200}', 0, NULL, '2023-07-12 11:17:49', 907);
INSERT INTO `sys_oper_log` VALUES (172, '企业资质信息', 1, 'com.ruoyi.web.controller.carbon.back.QualificationController.add()', 'POST', 1, 'zhangyuhao', NULL, '/carbon/qualification', '127.0.0.1', '内网IP', '{\"params\":{}}', '{\"msg\":\"操作失败\",\"code\":500}', 0, NULL, '2023-07-12 13:11:39', 36);
INSERT INTO `sys_oper_log` VALUES (173, '企业资质信息', 1, 'com.ruoyi.web.controller.carbon.back.QualificationController.add()', 'POST', 1, 'zhangyuhao', NULL, '/carbon/qualification', '127.0.0.1', '内网IP', '{\"params\":{}}', '{\"msg\":\"操作失败\",\"code\":500}', 0, NULL, '2023-07-12 13:11:52', 5);
INSERT INTO `sys_oper_log` VALUES (174, '审核企业的资质', 2, 'com.ruoyi.web.controller.carbon.back.QualificationController.verifyQualification()', 'PUT', 1, 'admin', NULL, '/carbon/qualification/verfyqualification', '127.0.0.1', '内网IP', '{\"isApprove\":true,\"params\":{},\"qualificationAddress\":\"0x9d3a7c809ee1224c60c5543bfa09968e5b33babe\",\"qualificationAuditTime\":\"2023-07-12 14:20:29\",\"qualificationContent\":\"463646\",\"qualificationEmissionLimit\":1000,\"qualificationId\":5,\"qualificationIndustry\":\"sfsf\",\"qualificationLeader\":\"dskf\",\"qualificationName\":\"广州分公司\",\"qualificationUploadTime\":\"2023-07-11\",\"qualificationUserEmail\":\"232@qq.com\",\"qualificationUserName\":\"fsf\",\"qualificationVerifiedRegulator\":\"0x4c06523b5c27d9ed0218e76baa2e1ad34e4371a6\"}', NULL, 1, 'java.lang.NullPointerException', '2023-07-12 14:20:30', 742);
INSERT INTO `sys_oper_log` VALUES (175, '审核企业的资质', 2, 'com.ruoyi.web.controller.carbon.back.QualificationController.verifyQualification()', 'PUT', 1, 'admin', NULL, '/carbon/qualification/verfyqualification', '127.0.0.1', '内网IP', '{\"isApprove\":true,\"params\":{},\"qualificationAddress\":\"0x9d64822fabd1ca69f3d1ab54d9741c62edeb1cb2\",\"qualificationAuditTime\":\"2023-07-12 14:20:29\",\"qualificationContent\":\"463646\",\"qualificationEmissionLimit\":1000,\"qualificationId\":5,\"qualificationIndustry\":\"sfsf\",\"qualificationLeader\":\"dskf\",\"qualificationName\":\"广州分公司\",\"qualificationUploadTime\":\"2023-07-11\",\"qualificationUserEmail\":\"232@qq.com\",\"qualificationUserName\":\"fsf\",\"qualificationVerifiedRegulator\":\"0x4c06523b5c27d9ed0218e76baa2e1ad34e4371a6\"}', NULL, 1, 'java.lang.NullPointerException', '2023-07-12 14:21:01', 322);
INSERT INTO `sys_oper_log` VALUES (176, '审核企业的资质', 2, 'com.ruoyi.web.controller.carbon.back.QualificationController.verifyQualification()', 'PUT', 1, 'admin', NULL, '/carbon/qualification/verfyqualification', '127.0.0.1', '内网IP', '{\"isApprove\":true,\"params\":{},\"qualificationAddress\":\"0x9d64822fabd1ca69f3d1ab54d9741c62edeb1cb2\",\"qualificationAuditTime\":\"2023-07-12 14:20:29\",\"qualificationContent\":\"463646\",\"qualificationEmissionLimit\":1000,\"qualificationId\":4,\"qualificationIndustry\":\"sfsf\",\"qualificationLeader\":\"dskf\",\"qualificationName\":\"广州分公司\",\"qualificationUploadTime\":\"2023-07-11\",\"qualificationUserEmail\":\"232@qq.com\",\"qualificationUserName\":\"fsf\",\"qualificationVerifiedRegulator\":\"0x4c06523b5c27d9ed0218e76baa2e1ad34e4371a6\"}', NULL, 1, 'java.lang.NullPointerException', '2023-07-12 14:21:16', 397);
INSERT INTO `sys_oper_log` VALUES (177, '企业信息', 1, 'com.ruoyi.web.controller.carbon.back.EnterpriseController.add()', 'POST', 1, 'admin', NULL, '/carbon/enterprise', '127.0.0.1', '内网IP', '{\"enterpriseEmail\":\"123@qq.com\",\"enterpriseName\":\"zsf\",\"enterpriseNickName\":\"zsf\",\"enterprisePass\":\"123456\",\"params\":{}}', '{\"msg\":\"操作成功\",\"code\":200}', 0, NULL, '2023-07-12 14:26:57', 698);
INSERT INTO `sys_oper_log` VALUES (178, '企业资质信息', 1, 'com.ruoyi.web.controller.carbon.back.QualificationController.add()', 'POST', 1, 'admin', NULL, '/carbon/qualification', '127.0.0.1', '内网IP', '{\"params\":{},\"qualificationAddress\":\"北京天安门广场\",\"qualificationAuditTime\":\"0000-0-0\",\"qualificationContent\":\"441622200305132857\",\"qualificationEmissionLimit\":0,\"qualificationId\":6,\"qualificationIndustry\":\"垃圾环卫\",\"qualificationLeader\":\"张宇豪\",\"qualificationName\":\"zsf\",\"qualificationUploadTime\":\"2023-07-12 14:27:43\",\"qualificationUserEmail\":\"123@qq.com\",\"qualificationUserName\":\"张宇豪\",\"qualificationVerifiedRegulator\":\"暂未认证\"}', '{\"msg\":\"操作成功\",\"code\":200}', 0, NULL, '2023-07-12 14:27:43', 246);
INSERT INTO `sys_oper_log` VALUES (179, '审核企业的资质', 2, 'com.ruoyi.web.controller.carbon.back.QualificationController.verifyQualification()', 'PUT', 1, 'admin', NULL, '/carbon/qualification/verfyqualification', '127.0.0.1', '内网IP', '{\"isApprove\":true,\"params\":{},\"qualificationAddress\":\"北京天安门广场\",\"qualificationAuditTime\":\"2023-07-12 14:29:03\",\"qualificationContent\":\"441622200305132857\",\"qualificationEmissionLimit\":1000,\"qualificationId\":6,\"qualificationIndustry\":\"垃圾环卫\",\"qualificationLeader\":\"张宇豪\",\"qualificationName\":\"zsf\",\"qualificationUploadTime\":\"2023-07-12\",\"qualificationUserEmail\":\"123@qq.com\",\"qualificationUserName\":\"张宇豪\",\"qualificationVerifiedRegulator\":\"0x4c06523b5c27d9ed0218e76baa2e1ad34e4371a6\"}', '{\"msg\":\"审核成功\",\"code\":200}', 0, NULL, '2023-07-12 14:29:04', 334);
INSERT INTO `sys_oper_log` VALUES (180, '用户头像', 2, 'com.ruoyi.web.controller.system.SysProfileController.avatar()', 'POST', 1, 'admin', NULL, '/system/user/profile/avatar', '127.0.0.1', '内网IP', '', '{\"msg\":\"操作成功\",\"imgUrl\":\"/profile/avatar/2023/07/12/blob_20230712152057A001.png\",\"code\":200}', 0, NULL, '2023-07-12 15:20:57', 143);
INSERT INTO `sys_oper_log` VALUES (181, '企业上传资质', 1, 'com.ruoyi.web.controller.carbon.back.QualificationController.upload()', 'POST', 1, 'admin', NULL, '/carbon/qualification/upload', '127.0.0.1', '内网IP', '', NULL, 1, '', '2023-07-12 16:23:59', 272);
INSERT INTO `sys_oper_log` VALUES (182, '企业上传资质', 1, 'com.ruoyi.web.controller.carbon.back.QualificationController.uploadFile()', 'POST', 1, 'admin', NULL, '/carbon/qualification/upload', '127.0.0.1', '内网IP', '', '{\"msg\":\"操作成功\",\"imgUrl\":\"https://blog-1304715799.cos.ap-nanjing.myqcloud.com/imgs/64181689150363653.png\",\"code\":200}', 0, NULL, '2023-07-12 16:26:03', 363);
INSERT INTO `sys_oper_log` VALUES (183, '企业上传资质', 1, 'com.ruoyi.web.controller.carbon.back.QualificationController.uploadFile()', 'POST', 1, 'admin', NULL, '/carbon/qualification/upload', '127.0.0.1', '内网IP', '', '{\"msg\":\"操作成功\",\"imgUrl\":\"https://blog-1304715799.cos.ap-nanjing.myqcloud.com/imgs/12371689150907521.png\",\"code\":200}', 0, NULL, '2023-07-12 16:35:07', 339);
INSERT INTO `sys_oper_log` VALUES (184, '企业上传资质', 1, 'com.ruoyi.web.controller.carbon.back.QualificationController.uploadFile()', 'POST', 1, 'admin', NULL, '/carbon/qualification/upload', '127.0.0.1', '内网IP', '', '{\"msg\":\"操作成功\",\"imgUrl\":\"https://blog-1304715799.cos.ap-nanjing.myqcloud.com/imgs/28271689151824370.png\",\"code\":200}', 0, NULL, '2023-07-12 16:50:25', 1678);
INSERT INTO `sys_oper_log` VALUES (185, '角色管理', 2, 'com.ruoyi.web.controller.system.SysRoleController.edit()', 'PUT', 1, 'admin', NULL, '/system/role', '127.0.0.1', '内网IP', '{\"admin\":false,\"createTime\":\"2023-07-11 09:17:48\",\"dataScope\":\"2\",\"delFlag\":\"0\",\"deptCheckStrictly\":true,\"flag\":false,\"menuCheckStrictly\":true,\"menuIds\":[3,1,100,1000,1001,1002,1003,1004,1005,1006,101,1007,1008,1009,1010,1011,102,1012,1013,1014,1015,103,1016,1017,1018,1019,104,1020,1021,1022,1023,1024,105,1025,1026,1027,1028,1029,106,1030,1031,1032,1033,1034,107,1035,1036,1037,1038,108,500,1039,1040,1041,501,1042,1043,1044,1045,2,109,1046,1047,1048,110,1049,1050,1051,1052,1053,1054,111,112,113,114,115,116,1055,1056,1057,1058,1059,1060,117],\"params\":{},\"remark\":\"普通角色\",\"roleId\":2,\"roleKey\":\"common\",\"roleName\":\"普通角色\",\"roleSort\":2,\"status\":\"0\",\"updateBy\":\"admin\"}', '{\"msg\":\"操作成功\",\"code\":200}', 0, NULL, '2023-07-12 17:04:11', 88);
INSERT INTO `sys_oper_log` VALUES (186, '菜单管理', 3, 'com.ruoyi.web.controller.system.SysMenuController.remove()', 'DELETE', 1, 'admin', NULL, '/system/menu/4', '127.0.0.1', '内网IP', '{}', '{\"msg\":\"操作成功\",\"code\":200}', 0, NULL, '2023-07-12 17:04:21', 44);
INSERT INTO `sys_oper_log` VALUES (187, '菜单管理', 1, 'com.ruoyi.web.controller.system.SysMenuController.add()', 'POST', 1, 'admin', NULL, '/system/menu', '127.0.0.1', '内网IP', '{\"children\":[],\"createBy\":\"admin\",\"icon\":\"druid\",\"isCache\":\"0\",\"isFrame\":\"1\",\"menuName\":\"交易管理\",\"menuType\":\"M\",\"orderNum\":5,\"params\":{},\"parentId\":0,\"path\":\"transaction\",\"status\":\"0\",\"visible\":\"0\"}', '{\"msg\":\"操作成功\",\"code\":200}', 0, NULL, '2023-07-12 17:05:16', 37);
INSERT INTO `sys_oper_log` VALUES (188, '菜单管理', 1, 'com.ruoyi.web.controller.system.SysMenuController.add()', 'POST', 1, 'admin', NULL, '/system/menu', '127.0.0.1', '内网IP', '{\"children\":[],\"createBy\":\"admin\",\"icon\":\"guide\",\"isCache\":\"0\",\"isFrame\":\"1\",\"menuName\":\"监管部门\",\"menuType\":\"M\",\"orderNum\":6,\"params\":{},\"parentId\":0,\"path\":\"regulator\",\"status\":\"0\",\"visible\":\"0\"}', '{\"msg\":\"操作成功\",\"code\":200}', 0, NULL, '2023-07-12 17:05:42', 28);
INSERT INTO `sys_oper_log` VALUES (189, '菜单管理', 2, 'com.ruoyi.web.controller.system.SysMenuController.edit()', 'PUT', 1, 'admin', NULL, '/system/menu', '127.0.0.1', '内网IP', '{\"children\":[],\"component\":\"carbon/regulator/index\",\"createTime\":\"2023-07-11 09:35:44\",\"icon\":\"#\",\"isCache\":\"0\",\"isFrame\":\"1\",\"menuId\":2019,\"menuName\":\"监管机构信息\",\"menuType\":\"C\",\"orderNum\":1,\"params\":{},\"parentId\":2038,\"path\":\"regulator\",\"perms\":\"carbon:regulator:list\",\"status\":\"0\",\"updateBy\":\"admin\",\"visible\":\"0\"}', '{\"msg\":\"操作成功\",\"code\":200}', 0, NULL, '2023-07-12 17:06:47', 30);
INSERT INTO `sys_oper_log` VALUES (190, '菜单管理', 2, 'com.ruoyi.web.controller.system.SysMenuController.edit()', 'PUT', 1, 'admin', NULL, '/system/menu', '127.0.0.1', '内网IP', '{\"children\":[],\"component\":\"carbon/transaction/index\",\"createTime\":\"2023-07-11 09:35:44\",\"icon\":\"#\",\"isCache\":\"0\",\"isFrame\":\"1\",\"menuId\":2031,\"menuName\":\"交易碳额度记录\",\"menuType\":\"C\",\"orderNum\":1,\"params\":{},\"parentId\":2037,\"path\":\"transaction\",\"perms\":\"carbon:transaction:list\",\"status\":\"0\",\"updateBy\":\"admin\",\"visible\":\"0\"}', '{\"msg\":\"操作成功\",\"code\":200}', 0, NULL, '2023-07-12 17:07:01', 30);
INSERT INTO `sys_oper_log` VALUES (191, '菜单管理', 2, 'com.ruoyi.web.controller.system.SysMenuController.edit()', 'PUT', 1, 'admin', NULL, '/system/menu', '127.0.0.1', '内网IP', '{\"children\":[],\"component\":\"carbon/asset/index\",\"createTime\":\"2023-07-11 09:35:43\",\"icon\":\"#\",\"isCache\":\"0\",\"isFrame\":\"1\",\"menuId\":2001,\"menuName\":\"企业出售资产\",\"menuType\":\"C\",\"orderNum\":1,\"params\":{},\"parentId\":2037,\"path\":\"asset\",\"perms\":\"carbon:asset:list\",\"status\":\"0\",\"updateBy\":\"admin\",\"visible\":\"0\"}', '{\"msg\":\"操作成功\",\"code\":200}', 0, NULL, '2023-07-12 17:07:10', 28);
INSERT INTO `sys_oper_log` VALUES (192, '菜单管理', 2, 'com.ruoyi.web.controller.system.SysMenuController.edit()', 'PUT', 1, 'admin', NULL, '/system/menu', '127.0.0.1', '内网IP', '{\"children\":[],\"component\":\"carbon/qualification/index\",\"createTime\":\"2023-07-11 09:35:43\",\"icon\":\"#\",\"isCache\":\"0\",\"isFrame\":\"1\",\"menuId\":2013,\"menuName\":\"企业资质信息\",\"menuType\":\"C\",\"orderNum\":1,\"params\":{},\"parentId\":2000,\"path\":\"qualification\",\"perms\":\"carbon:qualification:list\",\"status\":\"0\",\"updateBy\":\"admin\",\"visible\":\"0\"}', '{\"msg\":\"操作成功\",\"code\":200}', 0, NULL, '2023-07-12 17:07:42', 31);
INSERT INTO `sys_oper_log` VALUES (193, '菜单管理', 2, 'com.ruoyi.web.controller.system.SysMenuController.edit()', 'PUT', 1, 'admin', NULL, '/system/menu', '127.0.0.1', '内网IP', '{\"children\":[],\"component\":\"carbon/resource/index\",\"createTime\":\"2023-07-11 09:35:44\",\"icon\":\"#\",\"isCache\":\"0\",\"isFrame\":\"1\",\"menuId\":2025,\"menuName\":\"企业排放资源\",\"menuType\":\"C\",\"orderNum\":1,\"params\":{},\"parentId\":2000,\"path\":\"resource\",\"perms\":\"carbon:resource:list\",\"status\":\"0\",\"updateBy\":\"admin\",\"visible\":\"0\"}', '{\"msg\":\"操作成功\",\"code\":200}', 0, NULL, '2023-07-12 17:07:53', 25);
INSERT INTO `sys_oper_log` VALUES (194, '交易碳额度记录', 5, 'com.ruoyi.web.controller.carbon.back.TransactionController.export()', 'POST', 1, 'admin', NULL, '/carbon/transaction/export', '127.0.0.1', '内网IP', '{\"pageSize\":\"10\",\"pageNum\":\"1\"}', NULL, 0, NULL, '2023-07-12 17:10:58', 3399);
INSERT INTO `sys_oper_log` VALUES (195, '企业资质信息', 1, 'com.ruoyi.web.controller.carbon.back.QualificationController.add()', 'POST', 1, 'admin', NULL, '/carbon/qualification', '127.0.0.1', '内网IP', '{\"params\":{}}', '{\"msg\":\"操作失败\",\"code\":500}', 0, NULL, '2023-07-12 17:26:34', 17);
INSERT INTO `sys_oper_log` VALUES (196, '企业资质信息', 1, 'com.ruoyi.web.controller.carbon.back.QualificationController.add()', 'POST', 1, 'admin', NULL, '/carbon/qualification', '127.0.0.1', '内网IP', '{\"params\":{}}', '{\"msg\":\"操作失败\",\"code\":500}', 0, NULL, '2023-07-12 17:26:38', 3);
INSERT INTO `sys_oper_log` VALUES (197, '企业资质信息', 1, 'com.ruoyi.web.controller.carbon.back.QualificationController.add()', 'POST', 1, 'admin', NULL, '/carbon/qualification', '127.0.0.1', '内网IP', '{\"params\":{}}', '{\"msg\":\"操作失败\",\"code\":500}', 0, NULL, '2023-07-12 17:26:39', 3);
INSERT INTO `sys_oper_log` VALUES (198, '企业资质信息', 1, 'com.ruoyi.web.controller.carbon.back.QualificationController.add()', 'POST', 1, 'admin', NULL, '/carbon/qualification', '127.0.0.1', '内网IP', '{\"params\":{}}', '{\"msg\":\"操作失败\",\"code\":500}', 0, NULL, '2023-07-12 17:27:35', 2);
INSERT INTO `sys_oper_log` VALUES (199, '企业上传资质', 1, 'com.ruoyi.web.controller.carbon.back.QualificationController.uploadFile()', 'POST', 1, 'admin', NULL, '/carbon/qualification/upload', '127.0.0.1', '内网IP', '{\"onProgress\":\"(evt) => {\\r\\n          onProgress(evt, rawFile);\\r\\n        }\",\"filename\":\"file\",\"onError\":\"(err) => {\\r\\n          onError(err, rawFile);\\r\\n          delete requests.value[uid2];\\r\\n        }\",\"method\":\"post\",\"withCredentials\":\"false\",\"action\":\"\",\"onSuccess\":\"(res) => {\\r\\n          onSuccess(res, rawFile);\\r\\n          delete requests.value[uid2];\\r\\n        }\"}', '{\"msg\":\"操作成功\",\"imgUrl\":\"https://blog-1304715799.cos.ap-nanjing.myqcloud.com/imgs/17421689213105326.png\",\"code\":200}', 0, NULL, '2023-07-13 09:51:46', 1663);
INSERT INTO `sys_oper_log` VALUES (200, '企业上传资质', 1, 'com.ruoyi.web.controller.carbon.back.QualificationController.uploadFile()', 'POST', 1, 'admin', NULL, '/carbon/qualification/upload', '127.0.0.1', '内网IP', '{\"onProgress\":\"(evt) => {\\r\\n          onProgress(evt, rawFile);\\r\\n        }\",\"filename\":\"file\",\"onError\":\"(err) => {\\r\\n          onError(err, rawFile);\\r\\n          delete requests.value[uid2];\\r\\n        }\",\"method\":\"post\",\"withCredentials\":\"false\",\"action\":\"\",\"onSuccess\":\"(res) => {\\r\\n          onSuccess(res, rawFile);\\r\\n          delete requests.value[uid2];\\r\\n        }\"}', '{\"msg\":\"操作成功\",\"imgUrl\":\"https://blog-1304715799.cos.ap-nanjing.myqcloud.com/imgs/90751689213498027.png\",\"code\":200}', 0, NULL, '2023-07-13 09:58:18', 541);
INSERT INTO `sys_oper_log` VALUES (201, '企业上传资质', 1, 'com.ruoyi.web.controller.carbon.back.QualificationController.uploadFile()', 'POST', 1, 'admin', NULL, '/carbon/qualification/upload', '127.0.0.1', '内网IP', '{\"onProgress\":\"(evt) => {\\r\\n          onProgress(evt, rawFile);\\r\\n        }\",\"filename\":\"file\",\"onError\":\"(err) => {\\r\\n          onError(err, rawFile);\\r\\n          delete requests.value[uid2];\\r\\n        }\",\"method\":\"post\",\"withCredentials\":\"false\",\"action\":\"\",\"onSuccess\":\"(res) => {\\r\\n          onSuccess(res, rawFile);\\r\\n          delete requests.value[uid2];\\r\\n        }\"}', '{\"msg\":\"操作成功\",\"imgUrl\":\"https://blog-1304715799.cos.ap-nanjing.myqcloud.com/imgs/42311689213729890.png\",\"code\":200}', 0, NULL, '2023-07-13 10:02:10', 661);
INSERT INTO `sys_oper_log` VALUES (202, '企业上传资质', 1, 'com.ruoyi.web.controller.carbon.back.QualificationController.uploadFile()', 'POST', 1, 'admin', NULL, '/carbon/qualification/upload', '127.0.0.1', '内网IP', '{\"onProgress\":\"(evt) => {\\r\\n          onProgress(evt, rawFile);\\r\\n        }\",\"filename\":\"file\",\"onError\":\"(err) => {\\r\\n          onError(err, rawFile);\\r\\n          delete requests.value[uid2];\\r\\n        }\",\"method\":\"post\",\"withCredentials\":\"false\",\"action\":\"\",\"onSuccess\":\"(res) => {\\r\\n          onSuccess(res, rawFile);\\r\\n          delete requests.value[uid2];\\r\\n        }\"}', '{\"msg\":\"操作成功\",\"imgUrl\":\"https://blog-1304715799.cos.ap-nanjing.myqcloud.com/imgs/49141689213904721.png\",\"code\":200}', 0, NULL, '2023-07-13 10:05:05', 560);
INSERT INTO `sys_oper_log` VALUES (203, '企业上传资质', 1, 'com.ruoyi.web.controller.carbon.back.QualificationController.uploadFile()', 'POST', 1, 'admin', NULL, '/carbon/qualification/upload', '127.0.0.1', '内网IP', '{\"onProgress\":\"(evt) => {\\r\\n          onProgress(evt, rawFile);\\r\\n        }\",\"filename\":\"file\",\"onError\":\"(err) => {\\r\\n          onError(err, rawFile);\\r\\n          delete requests.value[uid2];\\r\\n        }\",\"method\":\"post\",\"withCredentials\":\"false\",\"action\":\"\",\"onSuccess\":\"(res) => {\\r\\n          onSuccess(res, rawFile);\\r\\n          delete requests.value[uid2];\\r\\n        }\"}', '{\"msg\":\"操作成功\",\"imgUrl\":\"https://blog-1304715799.cos.ap-nanjing.myqcloud.com/imgs/20551689214017512.png\",\"code\":200}', 0, NULL, '2023-07-13 10:06:58', 748);
INSERT INTO `sys_oper_log` VALUES (204, '企业上传资质', 1, 'com.ruoyi.web.controller.carbon.back.QualificationController.uploadFile()', 'POST', 1, 'admin', NULL, '/carbon/qualification/upload', '127.0.0.1', '内网IP', '{\"onProgress\":\"(evt) => {\\r\\n          onProgress(evt, rawFile);\\r\\n        }\",\"filename\":\"file\",\"onError\":\"(err) => {\\r\\n          onError(err, rawFile);\\r\\n          delete requests.value[uid2];\\r\\n        }\",\"method\":\"post\",\"withCredentials\":\"false\",\"action\":\"\",\"onSuccess\":\"(res) => {\\r\\n          onSuccess(res, rawFile);\\r\\n          delete requests.value[uid2];\\r\\n        }\"}', '{\"msg\":\"操作成功\",\"imgUrl\":\"https://blog-1304715799.cos.ap-nanjing.myqcloud.com/imgs/35621689214249244.jpg\",\"code\":200}', 0, NULL, '2023-07-13 10:10:51', 1952);
INSERT INTO `sys_oper_log` VALUES (205, '企业上传资质', 1, 'com.ruoyi.web.controller.carbon.back.QualificationController.uploadFile()', 'POST', 1, 'admin', NULL, '/carbon/qualification/upload', '127.0.0.1', '内网IP', '{\"onProgress\":\"(evt) => {\\r\\n          onProgress(evt, rawFile);\\r\\n        }\",\"filename\":\"file\",\"onError\":\"(err) => {\\r\\n          onError(err, rawFile);\\r\\n          delete requests.value[uid2];\\r\\n        }\",\"method\":\"post\",\"withCredentials\":\"false\",\"action\":\"\",\"onSuccess\":\"(res) => {\\r\\n          onSuccess(res, rawFile);\\r\\n          delete requests.value[uid2];\\r\\n        }\"}', '{\"msg\":\"操作成功\",\"imgUrl\":\"https://blog-1304715799.cos.ap-nanjing.myqcloud.com/imgs/51411689215921511.png\",\"code\":200}', 0, NULL, '2023-07-13 10:38:42', 1213);
INSERT INTO `sys_oper_log` VALUES (206, '企业信息', 1, 'com.ruoyi.web.controller.carbon.back.EnterpriseController.add()', 'POST', 1, 'admin', NULL, '/carbon/enterprise', '127.0.0.1', '内网IP', '{\"enterpriseEmail\":\"414242241@qq.com\",\"enterpriseName\":\"zhangyh\",\"enterpriseNickName\":\"深圳市万达科技\",\"enterprisePass\":\"123456\",\"params\":{}}', '{\"msg\":\"操作成功\",\"code\":200}', 0, NULL, '2023-07-13 10:39:43', 676);
INSERT INTO `sys_oper_log` VALUES (207, '企业上传资质', 1, 'com.ruoyi.web.controller.carbon.back.QualificationController.uploadFile()', 'POST', 1, 'admin', NULL, '/carbon/qualification/upload', '127.0.0.1', '内网IP', '{\"onProgress\":\"(evt) => {\\r\\n          onProgress(evt, rawFile);\\r\\n        }\",\"filename\":\"file\",\"onError\":\"(err) => {\\r\\n          onError(err, rawFile);\\r\\n          delete requests.value[uid2];\\r\\n        }\",\"method\":\"post\",\"withCredentials\":\"false\",\"action\":\"\",\"onSuccess\":\"(res) => {\\r\\n          onSuccess(res, rawFile);\\r\\n          delete requests.value[uid2];\\r\\n        }\"}', '{\"msg\":\"操作成功\",\"imgUrl\":\"https://blog-1304715799.cos.ap-nanjing.myqcloud.com/imgs/98291689216012041.png\",\"code\":200}', 0, NULL, '2023-07-13 10:40:12', 570);
INSERT INTO `sys_oper_log` VALUES (208, '企业资质信息', 1, 'com.ruoyi.web.controller.carbon.back.QualificationController.add()', 'POST', 1, 'admin', NULL, '/carbon/qualification', '127.0.0.1', '内网IP', '{\"params\":{},\"qualificationAddress\":\"南京\",\"qualificationAuditTime\":\"0000-0-0\",\"qualificationContent\":\"302536652735\",\"qualificationEmissionLimit\":0,\"qualificationId\":7,\"qualificationIndustry\":\"计算机\",\"qualificationLeader\":\"zyh\",\"qualificationName\":\"深圳市万达科技\",\"qualificationUploadTime\":\"2023-07-13 10:40:18\",\"qualificationUserEmail\":\"27563042@qq.com\",\"qualificationUserName\":\"张宇豪\",\"qualificationVerifiedRegulator\":\"暂未认证\"}', '{\"msg\":\"操作成功\",\"code\":200}', 0, NULL, '2023-07-13 10:40:18', 295);
INSERT INTO `sys_oper_log` VALUES (209, '企业信息', 1, 'com.ruoyi.web.controller.carbon.back.EnterpriseController.add()', 'POST', 1, 'admin', NULL, '/carbon/enterprise', '127.0.0.1', '内网IP', '{\"enterpriseEmail\":\"123@qq.com\",\"enterpriseName\":\"wjj\",\"enterpriseNickName\":\"珠海科技\",\"enterprisePass\":\"123456\",\"params\":{}}', '{\"msg\":\"操作成功\",\"code\":200}', 0, NULL, '2023-07-13 10:43:59', 949);
INSERT INTO `sys_oper_log` VALUES (210, '企业上传资质', 1, 'com.ruoyi.web.controller.carbon.back.QualificationController.uploadFile()', 'POST', 1, 'admin', NULL, '/carbon/qualification/upload', '127.0.0.1', '内网IP', '{\"onProgress\":\"(evt) => {\\r\\n          onProgress(evt, rawFile);\\r\\n        }\",\"filename\":\"file\",\"onError\":\"(err) => {\\r\\n          onError(err, rawFile);\\r\\n          delete requests.value[uid2];\\r\\n        }\",\"method\":\"post\",\"withCredentials\":\"false\",\"action\":\"\",\"onSuccess\":\"(res) => {\\r\\n          onSuccess(res, rawFile);\\r\\n          delete requests.value[uid2];\\r\\n        }\"}', '{\"msg\":\"操作成功\",\"imgUrl\":\"https://blog-1304715799.cos.ap-nanjing.myqcloud.com/imgs/86701689216271033.png\",\"code\":200}', 0, NULL, '2023-07-13 10:44:31', 629);
INSERT INTO `sys_oper_log` VALUES (211, '企业资质信息', 1, 'com.ruoyi.web.controller.carbon.back.QualificationController.add()', 'POST', 1, 'admin', NULL, '/carbon/qualification', '127.0.0.1', '内网IP', '{\"params\":{},\"qualificationAddress\":\"南京\",\"qualificationAuditTime\":\"0000-0-0\",\"qualificationContent\":\"3253\",\"qualificationEmissionLimit\":0,\"qualificationId\":8,\"qualificationIndustry\":\"计算机\",\"qualificationLeader\":\"wjj\",\"qualificationName\":\"珠海科技\",\"qualificationUploadTime\":\"2023-07-13 10:44:41\",\"qualificationUserEmail\":\"2124@qq.com\",\"qualificationUserName\":\"王jj\",\"qualificationVerifiedRegulator\":\"暂未认证\"}', '{\"msg\":\"操作成功\",\"code\":200}', 0, NULL, '2023-07-13 10:44:42', 247);
INSERT INTO `sys_oper_log` VALUES (212, '企业资质信息', 3, 'com.ruoyi.web.controller.carbon.back.QualificationController.remove()', 'DELETE', 1, 'admin', NULL, '/carbon/qualification/8', '127.0.0.1', '内网IP', '{}', '{\"msg\":\"操作成功\",\"code\":200}', 0, NULL, '2023-07-13 10:49:30', 31);
INSERT INTO `sys_oper_log` VALUES (213, '企业上传资质', 1, 'com.ruoyi.web.controller.carbon.back.QualificationController.uploadFile()', 'POST', 1, 'admin', NULL, '/carbon/qualification/upload', '127.0.0.1', '内网IP', '{\"onProgress\":\"(evt) => {\\r\\n          onProgress(evt, rawFile);\\r\\n        }\",\"filename\":\"file\",\"onError\":\"(err) => {\\r\\n          onError(err, rawFile);\\r\\n          delete requests.value[uid2];\\r\\n        }\",\"method\":\"post\",\"withCredentials\":\"false\",\"action\":\"\",\"onSuccess\":\"(res) => {\\r\\n          onSuccess(res, rawFile);\\r\\n          delete requests.value[uid2];\\r\\n        }\"}', '{\"msg\":\"操作成功\",\"imgUrl\":\"https://blog-1304715799.cos.ap-nanjing.myqcloud.com/imgs/12911689216603040.png\",\"code\":200}', 0, NULL, '2023-07-13 10:50:03', 692);
INSERT INTO `sys_oper_log` VALUES (214, '企业资质信息', 1, 'com.ruoyi.web.controller.carbon.back.QualificationController.add()', 'POST', 1, 'admin', NULL, '/carbon/qualification', '127.0.0.1', '内网IP', '{\"params\":{},\"qualificationAddress\":\"北京\",\"qualificationAuditTime\":\"0000-0-0\",\"qualificationContent\":\"21131\",\"qualificationEmissionLimit\":0,\"qualificationId\":8,\"qualificationIndustry\":\"计算机\",\"qualificationLeader\":\"zyh\",\"qualificationName\":\"珠海科技\",\"qualificationUploadTime\":\"2023-07-13 10:50:09\",\"qualificationUrl\":\"https://blog-1304715799.cos.ap-nanjing.myqcloud.com/imgs/12911689216603040.png\",\"qualificationUserEmail\":\"231@qq.com\",\"qualificationUserName\":\"杭州银行\",\"qualificationVerifiedRegulator\":\"暂未认证\"}', '{\"msg\":\"操作成功\",\"code\":200}', 0, NULL, '2023-07-13 10:50:09', 322);
INSERT INTO `sys_oper_log` VALUES (215, '企业信息', 1, 'com.ruoyi.web.controller.carbon.back.EnterpriseController.add()', 'POST', 1, 'admin', NULL, '/carbon/enterprise', '127.0.0.1', '内网IP', '{\"enterpriseEmail\":\"2756864799@qq.com\",\"enterpriseName\":\"zhangyuhao\",\"enterpriseNickName\":\"深圳市有限公司\",\"enterprisePass\":\"123456\",\"params\":{}}', '{\"msg\":\"操作成功\",\"code\":200}', 0, NULL, '2023-07-13 12:48:55', 678);
INSERT INTO `sys_oper_log` VALUES (216, '监管机构信息', 1, 'com.ruoyi.web.controller.carbon.back.RegulatorController.add()', 'POST', 1, 'admin', NULL, '/carbon/regulator', '127.0.0.1', '内网IP', '{\"params\":{},\"privateKey\":\"6baae62cd3f2d8a6d1c6b948c09eee0d1bc0ab199e69352f2bd231db747660ae\",\"regulatorAddress\":\"0x6211b71c26c65e54e7b2bba1bd926168f90056b6\",\"regulatorId\":1,\"regulatorName\":\"食品安全监管机构\",\"regulatorPass\":\"123456\",\"regulatorUser\":\"zwh\",\"userType\":2}', '{\"msg\":\"操作成功\",\"code\":200}', 0, NULL, '2023-07-13 12:49:18', 610);
INSERT INTO `sys_oper_log` VALUES (217, '企业上传资质', 1, 'com.ruoyi.web.controller.carbon.back.QualificationController.uploadFile()', 'POST', 1, 'admin', NULL, '/carbon/qualification/upload', '127.0.0.1', '内网IP', '{\"onProgress\":\"(evt) => {\\r\\n          onProgress(evt, rawFile);\\r\\n        }\",\"filename\":\"file\",\"onError\":\"(err) => {\\r\\n          onError(err, rawFile);\\r\\n          delete requests.value[uid2];\\r\\n        }\",\"method\":\"post\",\"withCredentials\":\"false\",\"action\":\"\",\"onSuccess\":\"(res) => {\\r\\n          onSuccess(res, rawFile);\\r\\n          delete requests.value[uid2];\\r\\n        }\"}', '{\"msg\":\"操作成功\",\"imgUrl\":\"https://blog-1304715799.cos.ap-nanjing.myqcloud.com/imgs/43981689223806321.png\",\"code\":200}', 0, NULL, '2023-07-13 12:50:07', 1059);
INSERT INTO `sys_oper_log` VALUES (218, '企业资质信息', 1, 'com.ruoyi.web.controller.carbon.back.QualificationController.add()', 'POST', 1, 'admin', NULL, '/carbon/qualification', '127.0.0.1', '内网IP', '{\"params\":{},\"qualificationAddress\":\"北京\",\"qualificationAuditTime\":\"0000-0-0\",\"qualificationContent\":\"441622299212121421\",\"qualificationEmissionLimit\":0,\"qualificationId\":1,\"qualificationIndustry\":\"计算机\",\"qualificationLeader\":\"zyh\",\"qualificationName\":\"深圳市有限公司\",\"qualificationUploadTime\":\"2023-07-13 12:50:09\",\"qualificationUrl\":\"https://blog-1304715799.cos.ap-nanjing.myqcloud.com/imgs/43981689223806321.png\",\"qualificationUserEmail\":\"123@qq.com\",\"qualificationUserName\":\"zyh\",\"qualificationVerifiedRegulator\":\"暂未认证\"}', '{\"msg\":\"操作成功\",\"code\":200}', 0, NULL, '2023-07-13 12:50:09', 214);
INSERT INTO `sys_oper_log` VALUES (219, '企业信息', 1, 'com.ruoyi.web.controller.carbon.back.EnterpriseController.add()', 'POST', 1, 'admin', NULL, '/carbon/enterprise', '127.0.0.1', '内网IP', '{\"enterpriseEmail\":\"12@qq.com\",\"enterpriseName\":\"zwh\",\"enterpriseNickName\":\"珠海市有限科技公司\",\"enterprisePass\":\"123456\",\"params\":{}}', '{\"msg\":\"操作失败\",\"code\":500}', 0, NULL, '2023-07-13 14:28:38', 229);
INSERT INTO `sys_oper_log` VALUES (220, '企业信息', 1, 'com.ruoyi.web.controller.carbon.back.EnterpriseController.add()', 'POST', 1, 'admin', NULL, '/carbon/enterprise', '127.0.0.1', '内网IP', '{\"enterpriseEmail\":\"12@qq.com\",\"enterpriseName\":\"zop\",\"enterpriseNickName\":\"珠海市有限科技公司\",\"enterprisePass\":\"123456\",\"params\":{}}', '{\"msg\":\"操作成功\",\"code\":200}', 0, NULL, '2023-07-13 14:28:45', 469);
INSERT INTO `sys_oper_log` VALUES (221, '企业上传资质', 1, 'com.ruoyi.web.controller.carbon.back.QualificationController.uploadFile()', 'POST', 1, 'admin', NULL, '/carbon/qualification/upload', '127.0.0.1', '内网IP', '{\"onProgress\":\"(evt) => {\\r\\n          onProgress(evt, rawFile);\\r\\n        }\",\"filename\":\"file\",\"onError\":\"(err) => {\\r\\n          onError(err, rawFile);\\r\\n          delete requests.value[uid2];\\r\\n        }\",\"method\":\"post\",\"withCredentials\":\"false\",\"action\":\"\",\"onSuccess\":\"(res) => {\\r\\n          onSuccess(res, rawFile);\\r\\n          delete requests.value[uid2];\\r\\n        }\"}', '{\"msg\":\"操作成功\",\"imgUrl\":\"https://blog-1304715799.cos.ap-nanjing.myqcloud.com/imgs/29391689229780036.png\",\"code\":200}', 0, NULL, '2023-07-13 14:29:41', 1201);
INSERT INTO `sys_oper_log` VALUES (222, '企业资质信息', 1, 'com.ruoyi.web.controller.carbon.back.QualificationController.add()', 'POST', 1, 'admin', NULL, '/carbon/qualification', '127.0.0.1', '内网IP', '{\"params\":{},\"qualificationAddress\":\"南京\",\"qualificationAuditTime\":\"0000-0-0\",\"qualificationContent\":\"940834060\",\"qualificationEmissionLimit\":0,\"qualificationId\":2,\"qualificationIndustry\":\"环境材料\",\"qualificationLeader\":\"zop\",\"qualificationName\":\"珠海市有限科技公司\",\"qualificationUploadTime\":\"2023-07-13 14:29:43\",\"qualificationUrl\":\"https://blog-1304715799.cos.ap-nanjing.myqcloud.com/imgs/29391689229780036.png\",\"qualificationUserEmail\":\"162@qq.com\",\"qualificationUserName\":\"zyh\",\"qualificationVerifiedRegulator\":\"暂未认证\"}', '{\"msg\":\"操作成功\",\"code\":200}', 0, NULL, '2023-07-13 14:29:43', 273);
INSERT INTO `sys_oper_log` VALUES (223, '代码生成', 3, 'com.ruoyi.generator.controller.GenController.remove()', 'DELETE', 1, 'admin', NULL, '/tool/gen/6', '127.0.0.1', '内网IP', '{}', '{\"msg\":\"操作成功\",\"code\":200}', 0, NULL, '2023-07-13 16:57:19', 71);
INSERT INTO `sys_oper_log` VALUES (224, '代码生成', 6, 'com.ruoyi.generator.controller.GenController.importTableSave()', 'POST', 1, 'admin', NULL, '/tool/gen/importTable', '127.0.0.1', '内网IP', '{\"tables\":\"carbon_transaction\"}', '{\"msg\":\"操作成功\",\"code\":200}', 0, NULL, '2023-07-13 16:57:30', 295);
INSERT INTO `sys_oper_log` VALUES (225, '交易碳额度记录', 5, 'com.ruoyi.web.controller.carbon.back.TransactionController.export()', 'POST', 1, 'admin', NULL, '/carbon/transaction/export', '127.0.0.1', '内网IP', '{\"pageSize\":\"10\",\"pageNum\":\"1\"}', NULL, 0, NULL, '2023-07-13 17:00:06', 1405);
INSERT INTO `sys_oper_log` VALUES (226, '企业更新总排放量', 2, 'com.ruoyi.web.controller.carbon.front.IsEnterpriseController.updateTotalEmission()', 'POST', 1, 'admin', NULL, '/enterprise/updateTotalEmission', '127.0.0.1', '内网IP', '{\"address\":\"0x32d45563a364b56ba2d8fb73b1970399b23d3330\",\"count\":\"203400\"}', '{\"msg\":\"更新成功\",\"code\":200}', 0, NULL, '2023-07-14 14:03:29', 49);
INSERT INTO `sys_oper_log` VALUES (227, '企业更新总排放量', 2, 'com.ruoyi.web.controller.carbon.front.IsEnterpriseController.updateTotalEmission()', 'POST', 1, 'admin', NULL, '/enterprise/updateTotalEmission', '127.0.0.1', '内网IP', '{\"address\":\"0x32d45563a364b56ba2d8fb73b1970399b23d3330\",\"count\":\"203400\"}', '{\"msg\":\"更新成功\",\"code\":200}', 0, NULL, '2023-07-14 14:11:56', 822);
INSERT INTO `sys_oper_log` VALUES (228, '企业更新总排放量', 2, 'com.ruoyi.web.controller.carbon.front.IsEnterpriseController.updateTotalEmission()', 'POST', 1, 'admin', NULL, '/enterprise/updateTotalEmission', '127.0.0.1', '内网IP', '{\"address\":\"0x32d45563a364b56ba2d8fb73b1970399b23d3330\",\"count\":\"203400\"}', '{\"msg\":\"更新成功\",\"code\":200}', 0, NULL, '2023-07-14 14:12:02', 478);
INSERT INTO `sys_oper_log` VALUES (229, '监管机构信息', 3, 'com.ruoyi.web.controller.carbon.back.RegulatorController.remove()', 'DELETE', 1, 'admin', NULL, '/carbon/regulator/1', '127.0.0.1', '内网IP', '{}', '{\"msg\":\"操作成功\",\"code\":200}', 0, NULL, '2023-07-14 14:49:09', 80);
INSERT INTO `sys_oper_log` VALUES (230, '监管机构信息', 1, 'com.ruoyi.web.controller.carbon.back.RegulatorController.add()', 'POST', 1, 'admin', NULL, '/carbon/regulator', '127.0.0.1', '内网IP', '{\"params\":{},\"privateKey\":\"8f12b1747600bdd5085a6cfe57138915a8db2ff8f6080436965af4e155ca21d0\",\"regulatorAddress\":\"0x4c2c4b2ae31a7becbf072f865af1bc7e35c1e2b3\",\"regulatorId\":2,\"regulatorName\":\"世界卫生组织\",\"regulatorPass\":\"123456\",\"regulatorUser\":\"zyh\",\"userType\":2}', '{\"msg\":\"操作成功\",\"code\":200}', 0, NULL, '2023-07-14 14:49:39', 1053);
INSERT INTO `sys_oper_log` VALUES (231, '角色管理', 2, 'com.ruoyi.web.controller.system.SysRoleController.edit()', 'PUT', 1, 'admin', NULL, '/system/role', '127.0.0.1', '内网IP', '{\"admin\":false,\"createTime\":\"2023-07-11 10:46:23\",\"dataScope\":\"1\",\"delFlag\":\"0\",\"deptCheckStrictly\":true,\"flag\":false,\"menuCheckStrictly\":true,\"menuIds\":[1,100,1000,1001,1002,1003,1004,1005,1006,101,1007,1008,1009,1010,1011,102,1012,1013,1014,1015,103,1016,1017,1018,1019,104,1020,1021,1022,1023,1024,3,115,116,1055,1056,1057,1058,1059,1060,117,2000,2007,2008,2009,2010,2011,2012,2013,2014,2015,2016,2017,2018,2025,2026,2027,2028,2029,2030,2037,2001,2002,2003,2004,2005,2006,2031,2032,2033,2034,2035,2036,2038,2019,2020,2021,2022,2023,2024],\"params\":{},\"remark\":\"监管部门\",\"roleId\":100,\"roleKey\":\"regulator\",\"roleName\":\"监管机构\",\"roleSort\":3,\"status\":\"0\",\"updateBy\":\"admin\"}', '{\"msg\":\"操作成功\",\"code\":200}', 0, NULL, '2023-07-14 15:14:27', 87);
INSERT INTO `sys_oper_log` VALUES (232, '企业信息', 1, 'com.ruoyi.web.controller.carbon.back.EnterpriseController.add()', 'POST', 1, 'admin', NULL, '/carbon/enterprise', '127.0.0.1', '内网IP', '{\"enterpriseEmail\":\"11214@qq.com\",\"enterpriseName\":\"lisi\",\"enterpriseNickName\":\"人力资源有限公司\",\"enterprisePass\":\"123456\",\"params\":{}}', '{\"msg\":\"操作成功\",\"code\":200}', 0, NULL, '2023-07-14 15:48:13', 989);
INSERT INTO `sys_oper_log` VALUES (233, '企业上传资质', 1, 'com.ruoyi.web.controller.carbon.back.QualificationController.uploadFile()', 'POST', 1, 'admin', NULL, '/carbon/qualification/upload', '127.0.0.1', '内网IP', '{\"onProgress\":\"(evt) => {\\r\\n          onProgress(evt, rawFile);\\r\\n        }\",\"filename\":\"file\",\"onError\":\"(err) => {\\r\\n          onError(err, rawFile);\\r\\n          delete requests.value[uid2];\\r\\n        }\",\"method\":\"post\",\"withCredentials\":\"false\",\"action\":\"\",\"onSuccess\":\"(res) => {\\r\\n          onSuccess(res, rawFile);\\r\\n          delete requests.value[uid2];\\r\\n        }\"}', '{\"msg\":\"操作成功\",\"imgUrl\":\"https://blog-1304715799.cos.ap-nanjing.myqcloud.com/imgs/68801689320940387.png\",\"code\":200}', 0, NULL, '2023-07-14 15:49:01', 1480);
INSERT INTO `sys_oper_log` VALUES (234, '企业资质信息', 1, 'com.ruoyi.web.controller.carbon.back.QualificationController.add()', 'POST', 1, 'admin', NULL, '/carbon/qualification', '127.0.0.1', '内网IP', '{\"params\":{},\"qualificationAddress\":\"北京 四合院\",\"qualificationAuditTime\":\"0000-0-0\",\"qualificationContent\":\"496369674398\",\"qualificationEmissionLimit\":0,\"qualificationId\":3,\"qualificationIndustry\":\"建筑\",\"qualificationLeader\":\"李强\",\"qualificationName\":\"人力资源有限公司\",\"qualificationUploadTime\":\"2023-07-14 15:49:10\",\"qualificationUrl\":\"https://blog-1304715799.cos.ap-nanjing.myqcloud.com/imgs/68801689320940387.png\",\"qualificationUserEmail\":\"23532990532@qq.com\",\"qualificationUserName\":\"lq\",\"qualificationVerifiedRegulator\":\"暂未认证\"}', '{\"msg\":\"操作成功\",\"code\":200}', 0, NULL, '2023-07-14 15:49:10', 424);
INSERT INTO `sys_oper_log` VALUES (235, '审核企业的资质', 2, 'com.ruoyi.web.controller.carbon.back.QualificationController.verifyQualification()', 'PUT', 1, 'zyh', NULL, '/carbon/qualification/verifyQualification', '127.0.0.1', '内网IP', '{\"params\":{}}', NULL, 1, '', '2023-07-14 15:57:34', 49);
INSERT INTO `sys_oper_log` VALUES (236, '审核企业的资质', 2, 'com.ruoyi.web.controller.carbon.back.QualificationController.verifyQualification()', 'PUT', 1, 'zyh', NULL, '/carbon/qualification/verifyQualification', '127.0.0.1', '内网IP', '{\"params\":{}}', NULL, 1, '', '2023-07-14 16:01:43', 67914);
INSERT INTO `sys_oper_log` VALUES (237, '审核企业的资质', 2, 'com.ruoyi.web.controller.carbon.back.QualificationController.verifyQualification()', 'POST', 1, 'zyh', NULL, '/carbon/qualification/verifyQualification', '127.0.0.1', '内网IP', '{\"params\":{}}', NULL, 1, '', '2023-07-14 16:05:57', 183729);
INSERT INTO `sys_oper_log` VALUES (238, '审核企业的资质', 2, 'com.ruoyi.web.controller.carbon.back.QualificationController.verifyQualification()', 'POST', 1, 'zyh', NULL, '/carbon/qualification/verifyQualification', '127.0.0.1', '内网IP', '{\"params\":{},\"qualificationAddress\":\"北京 四合院\",\"qualificationAuditTime\":\"0000-00-00 00:00:00\",\"qualificationContent\":\"496369674398\",\"qualificationEmissionLimit\":0,\"qualificationId\":3,\"qualificationIndustry\":\"建筑\",\"qualificationLeader\":\"李强\",\"qualificationName\":\"人力资源有限公司\",\"qualificationUploadTime\":\"2023-07-14 15:49:10\",\"qualificationUrl\":\"https://blog-1304715799.cos.ap-nanjing.myqcloud.com/imgs/68801689320940387.png\",\"qualificationUserEmail\":\"23532990532@qq.com\",\"qualificationUserName\":\"lq\",\"qualificationVerifiedRegulator\":\"0x4c2c4b2ae31a7becbf072f865af1bc7e35c1e2b3\"}', NULL, 1, 'org.fisco.bcos.sdk.abi.ABICodecException: Cann\'t encode in encodeMethodFromObject with appropriate interface ABI, please check your method name or ABI file', '2023-07-14 16:07:19', 237);
INSERT INTO `sys_oper_log` VALUES (239, '审核企业的资质', 2, 'com.ruoyi.web.controller.carbon.back.QualificationController.verifyQualification()', 'POST', 1, 'zyh', NULL, '/carbon/qualification/verifyQualification', '127.0.0.1', '内网IP', '{\"isApprove\":true,\"params\":{},\"qualificationAddress\":\"北京 四合院\",\"qualificationAuditTime\":\"2023-07-14 16:10:29\",\"qualificationContent\":\"496369674398\",\"qualificationEmissionLimit\":1000,\"qualificationId\":3,\"qualificationIndustry\":\"建筑\",\"qualificationLeader\":\"李强\",\"qualificationName\":\"人力资源有限公司\",\"qualificationUploadTime\":\"2023-07-14 15:49:10\",\"qualificationUrl\":\"https://blog-1304715799.cos.ap-nanjing.myqcloud.com/imgs/68801689320940387.png\",\"qualificationUserEmail\":\"23532990532@qq.com\",\"qualificationUserName\":\"lq\",\"qualificationVerifiedRegulator\":\"0x4c2c4b2ae31a7becbf072f865af1bc7e35c1e2b3\"}', '{\"msg\":\"审核成功\",\"code\":200}', 0, NULL, '2023-07-14 16:10:30', 769);
INSERT INTO `sys_oper_log` VALUES (240, '审核企业的资质', 2, 'com.ruoyi.web.controller.carbon.back.QualificationController.verifyQualification()', 'POST', 1, 'zyh', NULL, '/carbon/qualification/verifyQualification', '127.0.0.1', '内网IP', '{\"params\":{},\"qualificationAddress\":\"北京 四合院\",\"qualificationAuditTime\":\"2023-07-14 16:10:29\",\"qualificationContent\":\"496369674398\",\"qualificationEmissionLimit\":1000,\"qualificationId\":3,\"qualificationIndustry\":\"建筑\",\"qualificationLeader\":\"李强\",\"qualificationName\":\"人力资源有限公司\",\"qualificationUploadTime\":\"2023-07-14 15:49:10\",\"qualificationUrl\":\"https://blog-1304715799.cos.ap-nanjing.myqcloud.com/imgs/68801689320940387.png\",\"qualificationUserEmail\":\"23532990532@qq.com\",\"qualificationUserName\":\"lq\",\"qualificationVerifiedRegulator\":\"0x4c2c4b2ae31a7becbf072f865af1bc7e35c1e2b3\"}', NULL, 1, 'org.fisco.bcos.sdk.abi.ABICodecException: Cann\'t encode in encodeMethodFromObject with appropriate interface ABI, please check your method name or ABI file', '2023-07-14 16:22:52', 148);
INSERT INTO `sys_oper_log` VALUES (241, '审核企业的资质', 2, 'com.ruoyi.web.controller.carbon.back.QualificationController.verifyQualification()', 'POST', 1, 'zyh', NULL, '/carbon/qualification/verifyQualification', '127.0.0.1', '内网IP', '{\"params\":{},\"qualificationAddress\":\"北京 四合院\",\"qualificationAuditTime\":\"2023-07-14 16:10:29\",\"qualificationContent\":\"496369674398\",\"qualificationEmissionLimit\":1000,\"qualificationId\":3,\"qualificationIndustry\":\"建筑\",\"qualificationLeader\":\"李强\",\"qualificationName\":\"人力资源有限公司\",\"qualificationUploadTime\":\"2023-07-14 15:49:10\",\"qualificationUrl\":\"https://blog-1304715799.cos.ap-nanjing.myqcloud.com/imgs/68801689320940387.png\",\"qualificationUserEmail\":\"23532990532@qq.com\",\"qualificationUserName\":\"lq\",\"qualificationVerifiedRegulator\":\"0x4c2c4b2ae31a7becbf072f865af1bc7e35c1e2b3\"}', NULL, 1, 'org.fisco.bcos.sdk.abi.ABICodecException: Cann\'t encode in encodeMethodFromObject with appropriate interface ABI, please check your method name or ABI file', '2023-07-14 16:25:40', 407);
INSERT INTO `sys_oper_log` VALUES (242, '审核企业的资质', 2, 'com.ruoyi.web.controller.carbon.back.QualificationController.verifyQualification()', 'POST', 1, 'zyh', NULL, '/carbon/qualification/verifyQualification', '127.0.0.1', '内网IP', '{\"params\":{},\"qualificationAddress\":\"北京 四合院\",\"qualificationAuditTime\":\"2023-07-14 16:10:29\",\"qualificationContent\":\"496369674398\",\"qualificationEmissionLimit\":1000,\"qualificationId\":3,\"qualificationIndustry\":\"建筑\",\"qualificationLeader\":\"李强\",\"qualificationName\":\"人力资源有限公司\",\"qualificationUploadTime\":\"2023-07-14 15:49:10\",\"qualificationUrl\":\"https://blog-1304715799.cos.ap-nanjing.myqcloud.com/imgs/68801689320940387.png\",\"qualificationUserEmail\":\"23532990532@qq.com\",\"qualificationUserName\":\"lq\",\"qualificationVerifiedRegulator\":\"0x4c2c4b2ae31a7becbf072f865af1bc7e35c1e2b3\"}', NULL, 1, 'org.fisco.bcos.sdk.abi.ABICodecException: Cann\'t encode in encodeMethodFromObject with appropriate interface ABI, please check your method name or ABI file', '2023-07-14 16:26:30', 107);
INSERT INTO `sys_oper_log` VALUES (243, '企业申请碳排放', 1, 'com.ruoyi.web.controller.carbon.front.IsResourceController.uploadEmissionResource()', 'POST', 1, 'admin', NULL, '/emissions/upload', '127.0.0.1', '内网IP', '{\"description\":\"废料排放\",\"emissionEmission\":100,\"emissionWay\":\"直接排放\",\"enterpriseAddress\":\"0x32d45563a364b56ba2d8fb73b1970399b23d3330\"}', '{\"msg\":\"申请成功\",\"code\":200}', 0, NULL, '2023-07-15 13:57:22', 663);
INSERT INTO `sys_oper_log` VALUES (244, '企业申请碳排放', 1, 'com.ruoyi.web.controller.carbon.front.IsResourceController.uploadEmissionResource()', 'POST', 1, 'admin', NULL, '/emissions/upload', '127.0.0.1', '内网IP', '{\"description\":\"环保垃圾\",\"emissionEmission\":100,\"emissionWay\":\"焚烧排放\",\"enterpriseAddress\":\"0x32d45563a364b56ba2d8fb73b1970399b23d3330\"}', '{\"msg\":\"申请成功\",\"code\":200}', 0, NULL, '2023-07-15 13:58:02', 745);
INSERT INTO `sys_oper_log` VALUES (245, '审核企业的碳排放', 2, 'com.ruoyi.web.controller.carbon.front.IsResourceController.verifyEnterpriseEmission()', 'POST', 1, 'admin', NULL, '/emissions/verify', '127.0.0.1', '内网IP', '{\"emissionId\":1,\"enterpriseAddress\":\"0x32d45563a364b56ba2d8fb73b1970399b23d3330\",\"isApprove\":true,\"regulatorAddress\":\"0x4c2c4b2ae31a7becbf072f865af1bc7e35c1e2b3\"}', '{\"msg\":\"当前已完成审核\",\"code\":500}', 0, NULL, '2023-07-15 14:45:35', 54);
INSERT INTO `sys_oper_log` VALUES (246, '审核企业的碳排放', 2, 'com.ruoyi.web.controller.carbon.front.IsResourceController.verifyEnterpriseEmission()', 'POST', 1, 'admin', NULL, '/emissions/verify', '127.0.0.1', '内网IP', '{\"emissionId\":2,\"enterpriseAddress\":\"0x32d45563a364b56ba2d8fb73b1970399b23d3330\",\"isApprove\":true,\"regulatorAddress\":\"0x4c2c4b2ae31a7becbf072f865af1bc7e35c1e2b3\"}', '{\"msg\":\"审核成功\",\"code\":200}', 0, NULL, '2023-07-15 14:47:49', 556);
INSERT INTO `sys_oper_log` VALUES (247, '企业碳排放', 2, 'com.ruoyi.web.controller.carbon.front.IsResourceController.enterpriseEmission()', 'POST', 1, 'admin', NULL, '/emissions/executed', '127.0.0.1', '内网IP', '{\"emissionId\":1,\"emissionLimit\":100,\"enterpriseAddress\":\"0x32d45563a364b56ba2d8fb73b1970399b23d3330\"}', NULL, 1, 'org.fisco.bcos.sdk.abi.ABICodecException: Cann\'t encode in encodeMethodFromObject with appropriate interface ABI, please check your method name or ABI file', '2023-07-15 15:26:50', 172);
INSERT INTO `sys_oper_log` VALUES (248, '企业碳排放', 2, 'com.ruoyi.web.controller.carbon.front.IsResourceController.enterpriseEmission()', 'POST', 1, 'admin', NULL, '/emissions/executed', '127.0.0.1', '内网IP', '{\"emissionId\":1,\"emissionLimit\":100,\"enterpriseAddress\":\"0x32d45563a364b56ba2d8fb73b1970399b23d3330\"}', NULL, 1, 'org.fisco.bcos.sdk.abi.ABICodecException: Cann\'t encode in encodeMethodFromObject with appropriate interface ABI, please check your method name or ABI file', '2023-07-15 15:27:00', 97);
INSERT INTO `sys_oper_log` VALUES (249, '企业碳排放', 2, 'com.ruoyi.web.controller.carbon.front.IsResourceController.enterpriseEmission()', 'POST', 1, 'admin', NULL, '/emissions/executed', '127.0.0.1', '内网IP', '{\"emissionId\":1,\"emissionLimit\":100,\"enterpriseAddress\":\"0x32d45563a364b56ba2d8fb73b1970399b23d3330\"}', '{\"msg\":\"排放成功\",\"code\":200}', 0, NULL, '2023-07-15 15:28:31', 801);
INSERT INTO `sys_oper_log` VALUES (250, '企业碳排放', 2, 'com.ruoyi.web.controller.carbon.front.IsResourceController.enterpriseEmission()', 'POST', 1, 'admin', NULL, '/emissions/executed', '127.0.0.1', '内网IP', '{\"emissionId\":2,\"emissionLimit\":100,\"enterpriseAddress\":\"0x32d45563a364b56ba2d8fb73b1970399b23d3330\"}', '{\"msg\":\"排放成功\",\"code\":200}', 0, NULL, '2023-07-15 15:28:40', 529);
INSERT INTO `sys_oper_log` VALUES (251, '企业申请碳排放', 1, 'com.ruoyi.web.controller.carbon.front.IsResourceController.uploadEmissionResource()', 'POST', 1, 'admin', NULL, '/emissions/upload', '127.0.0.1', '内网IP', '{\"description\":\"工厂废水\",\"emissionEmission\":100,\"emissionWay\":\"直接排放\",\"enterpriseAddress\":\"0x32d45563a364b56ba2d8fb73b1970399b23d3330\"}', '{\"msg\":\"申请成功\",\"code\":200}', 0, NULL, '2023-07-15 15:41:31', 570);
INSERT INTO `sys_oper_log` VALUES (252, '审核企业的碳排放', 2, 'com.ruoyi.web.controller.carbon.front.IsResourceController.verifyEnterpriseEmission()', 'POST', 1, 'admin', NULL, '/emissions/verify', '127.0.0.1', '内网IP', '{\"emissionId\":3,\"enterpriseAddress\":\"0x32d45563a364b56ba2d8fb73b1970399b23d3330\",\"isApprove\":true,\"regulatorAddress\":\"0x4c2c4b2ae31a7becbf072f865af1bc7e35c1e2b3\"}', '{\"msg\":\"审核成功\",\"code\":200}', 0, NULL, '2023-07-15 15:41:44', 731);
INSERT INTO `sys_oper_log` VALUES (253, '企业碳排放', 2, 'com.ruoyi.web.controller.carbon.front.IsResourceController.enterpriseEmission()', 'POST', 1, 'admin', NULL, '/emissions/executed', '127.0.0.1', '内网IP', '{\"emissionId\":3,\"emissionLimit\":100,\"enterpriseAddress\":\"0x32d45563a364b56ba2d8fb73b1970399b23d3330\"}', '{\"msg\":\"排放成功\",\"code\":200}', 0, NULL, '2023-07-15 15:41:52', 266);
INSERT INTO `sys_oper_log` VALUES (254, '查询企业的所有交易', 0, 'com.ruoyi.web.controller.carbon.front.IsQueryController.queryEnterpriseTxList()', 'GET', 1, 'admin', NULL, '/query/enterpriseTxList', '127.0.0.1', '内网IP', '{\"enterprise\":\"0xd2a1f6706dfddf00a11a035a1fc5eae35b4d7551\"}', NULL, 1, '', '2023-07-15 17:46:03', 30);
INSERT INTO `sys_oper_log` VALUES (255, '查询企业的所有交易', 0, 'com.ruoyi.web.controller.carbon.front.IsQueryController.queryEnterpriseTxList()', 'GET', 1, 'admin', NULL, '/query/enterpriseTxList', '127.0.0.1', '内网IP', '{\"enterprise\":\"珠海市有限科技公司\"}', '{\"msg\":\"该企业还未交易\",\"code\":500}', 0, NULL, '2023-07-15 17:46:56', 28);
INSERT INTO `sys_oper_log` VALUES (256, '查询企业的所有交易', 0, 'com.ruoyi.web.controller.carbon.front.IsQueryController.queryEnterpriseTxList()', 'GET', 1, 'admin', NULL, '/query/enterpriseTxList', '127.0.0.1', '内网IP', '{\"enterprise\":\"深圳市有限公司\"}', '{\"msg\":\"txList\",\"code\":200,\"data\":[{\"buyAddress\":\"0x32d45563a364b56ba2d8fb73b1970399b23d3330\",\"buyerId\":1,\"params\":{},\"sellerAddress\":\"0xd2a1f6706dfddf00a11a035a1fc5eae35b4d7551\",\"sellerId\":2,\"transactionId\":2,\"transactionOrderName\":\"碳额度交易\",\"transactionQuantity\":5,\"transactionTime\":\"2023-07-13 16:45:57\"},{\"buyAddress\":\"0x32d45563a364b56ba2d8fb73b1970399b23d3330\",\"buyerId\":1,\"params\":{},\"sellerAddress\":\"0xd2a1f6706dfddf00a11a035a1fc5eae35b4d7551\",\"sellerId\":2,\"transactionId\":3,\"transactionOrderName\":\"碳额度交易\",\"transactionQuantity\":5,\"transactionTime\":\"2023-07-13 16:52:36\"},{\"buyAddress\":\"0x32d45563a364b56ba2d8fb73b1970399b23d3330\",\"buyerId\":1,\"params\":{},\"sellerAddress\":\"0xd2a1f6706dfddf00a11a035a1fc5eae35b4d7551\",\"sellerId\":2,\"transactionId\":4,\"transactionOrderName\":\"碳额度交易\",\"transactionQuantity\":5,\"transactionTime\":\"2023-07-13 16:59:26\",\"txHash\":\"0x1ba717da8af41c888306bb372a35b5b70c88c114d6bca9224f04534afa289990\"},{\"buyAddress\":\"0x32d45563a364b56ba2d8fb73b1970399b23d3330\",\"buyerId\":1,\"params\":{},\"sellerAddress\":\"0xd2a1f6706dfddf00a11a035a1fc5eae35b4d7551\",\"sellerId\":2,\"transactionId\":6,\"transactionOrderName\":\"碳额度交易\",\"transactionQuantity\":1,\"transactionTime\":\"2023-07-13 17:12:24\",\"txHash\":\"0xacc9049aad48a930836b595a9be5e170d047380a62ff4e65b1c8cb742d63eec5\"},{\"buyAddress\":\"0x32d45563a364b56ba2d8fb73b1970399b23d3330\",\"buyerId\":1,\"params\":{},\"sellerAddress\":\"0xd2a1f6706dfddf00a11a035a1fc5eae35b4d7551\",\"sellerId\":2,\"transactionId\":7,\"transactionOrderName\":\"碳额度交易\",\"transactionQuantity\":1,\"transactionTime\":\"2023-07-13 17:12:30\",\"txHash\":\"0x069ebd09b03282177149e583644b27ee007168b07cd173cf8468706f1a6cd6c8\"},{\"buyAddress\":\"0x32d45563a364b56ba2d8fb73b1970399b23d3330\",\"buyerId\":1,\"params\":{},\"sellerAddress\":\"0xd2a1f6706dfddf00a11a035a1fc5eae35b4d7551\",\"sellerId\":2,\"transactionId\":8,\"transactionOrderName\":\"碳额度交易\",\"transactionQuantity\":1,\"transactionTime\":\"2023-07-13 17:12:32\",\"txHash\":\"0x146403a6dca7d93a18f585b2efec047b227c73971e17ddfadb7bb08792aeea4c\"},{\"buyAddress\":\"0x32d45563a3', 0, NULL, '2023-07-15 17:48:34', 79);
INSERT INTO `sys_oper_log` VALUES (257, '查询企业的所有交易', 0, 'com.ruoyi.web.controller.carbon.front.IsQueryController.queryEnterpriseTxList()', 'GET', 1, 'admin', NULL, '/query/enterpriseTxList', '127.0.0.1', '内网IP', '{\"enterprise\":\"深圳市有限公司\"}', '{\"msg\":\"txList\",\"total\":11,\"code\":200,\"data\":[{\"buyAddress\":\"0x32d45563a364b56ba2d8fb73b1970399b23d3330\",\"buyerId\":1,\"params\":{},\"sellerAddress\":\"0xd2a1f6706dfddf00a11a035a1fc5eae35b4d7551\",\"sellerId\":2,\"transactionId\":2,\"transactionOrderName\":\"碳额度交易\",\"transactionQuantity\":5,\"transactionTime\":\"2023-07-13 16:45:57\"},{\"buyAddress\":\"0x32d45563a364b56ba2d8fb73b1970399b23d3330\",\"buyerId\":1,\"params\":{},\"sellerAddress\":\"0xd2a1f6706dfddf00a11a035a1fc5eae35b4d7551\",\"sellerId\":2,\"transactionId\":3,\"transactionOrderName\":\"碳额度交易\",\"transactionQuantity\":5,\"transactionTime\":\"2023-07-13 16:52:36\"},{\"buyAddress\":\"0x32d45563a364b56ba2d8fb73b1970399b23d3330\",\"buyerId\":1,\"params\":{},\"sellerAddress\":\"0xd2a1f6706dfddf00a11a035a1fc5eae35b4d7551\",\"sellerId\":2,\"transactionId\":4,\"transactionOrderName\":\"碳额度交易\",\"transactionQuantity\":5,\"transactionTime\":\"2023-07-13 16:59:26\",\"txHash\":\"0x1ba717da8af41c888306bb372a35b5b70c88c114d6bca9224f04534afa289990\"},{\"buyAddress\":\"0x32d45563a364b56ba2d8fb73b1970399b23d3330\",\"buyerId\":1,\"params\":{},\"sellerAddress\":\"0xd2a1f6706dfddf00a11a035a1fc5eae35b4d7551\",\"sellerId\":2,\"transactionId\":6,\"transactionOrderName\":\"碳额度交易\",\"transactionQuantity\":1,\"transactionTime\":\"2023-07-13 17:12:24\",\"txHash\":\"0xacc9049aad48a930836b595a9be5e170d047380a62ff4e65b1c8cb742d63eec5\"},{\"buyAddress\":\"0x32d45563a364b56ba2d8fb73b1970399b23d3330\",\"buyerId\":1,\"params\":{},\"sellerAddress\":\"0xd2a1f6706dfddf00a11a035a1fc5eae35b4d7551\",\"sellerId\":2,\"transactionId\":7,\"transactionOrderName\":\"碳额度交易\",\"transactionQuantity\":1,\"transactionTime\":\"2023-07-13 17:12:30\",\"txHash\":\"0x069ebd09b03282177149e583644b27ee007168b07cd173cf8468706f1a6cd6c8\"},{\"buyAddress\":\"0x32d45563a364b56ba2d8fb73b1970399b23d3330\",\"buyerId\":1,\"params\":{},\"sellerAddress\":\"0xd2a1f6706dfddf00a11a035a1fc5eae35b4d7551\",\"sellerId\":2,\"transactionId\":8,\"transactionOrderName\":\"碳额度交易\",\"transactionQuantity\":1,\"transactionTime\":\"2023-07-13 17:12:32\",\"txHash\":\"0x146403a6dca7d93a18f585b2efec047b227c73971e17ddfadb7bb08792aeea4c\"},{\"buyAddress\":\"0', 0, NULL, '2023-07-15 17:50:28', 70);
INSERT INTO `sys_oper_log` VALUES (258, '查询企业的所有排放记录', 0, 'com.ruoyi.web.controller.carbon.front.IsQueryController.queryEnterpriseErList()', 'GET', 1, 'admin', NULL, '/query/enterpriseErList', '127.0.0.1', '内网IP', '{\"enterprise\":\"深圳市有限公司\"}', '{\"msg\":\"erList\",\"total\":3,\"code\":200,\"data\":[{\"description\":\"废料排放\",\"emissionId\":1,\"emissionTime\":\"2023-07-15 15:28:31\",\"emissionWay\":\"直接排放\",\"emissions\":100,\"enterpriseAddress\":\"0x32d45563a364b56ba2d8fb73b1970399b23d3330\",\"enterpriseId\":1,\"isApprove\":1,\"params\":{}},{\"description\":\"环保垃圾\",\"emissionId\":2,\"emissionTime\":\"2023-07-15 15:28:40\",\"emissionWay\":\"焚烧排放\",\"emissions\":100,\"enterpriseAddress\":\"0x32d45563a364b56ba2d8fb73b1970399b23d3330\",\"enterpriseId\":1,\"isApprove\":1,\"params\":{}},{\"description\":\"工厂废水\",\"emissionId\":3,\"emissionTime\":\"2023-07-15 15:41:52\",\"emissionWay\":\"直接排放\",\"emissions\":100,\"enterpriseAddress\":\"0x32d45563a364b56ba2d8fb73b1970399b23d3330\",\"enterpriseId\":1,\"isApprove\":1,\"params\":{}}]}', 0, NULL, '2023-07-16 10:33:18', 56);
INSERT INTO `sys_oper_log` VALUES (259, '查询企业的所有排放记录', 0, 'com.ruoyi.web.controller.carbon.front.IsQueryController.queryEnterpriseErList()', 'GET', 1, 'admin', NULL, '/query/enterpriseErList', '127.0.0.1', '内网IP', '{\"enterprise\":\"深圳市有限公司\"}', '{\"msg\":\"erList\",\"total\":3,\"code\":200,\"data\":[{\"description\":\"废料排放\",\"emissionId\":1,\"emissionTime\":\"2023-07-15 15:28:31\",\"emissionWay\":\"直接排放\",\"emissions\":100,\"enterpriseAddress\":\"0x32d45563a364b56ba2d8fb73b1970399b23d3330\",\"enterpriseId\":1,\"isApprove\":1,\"params\":{}},{\"description\":\"环保垃圾\",\"emissionId\":2,\"emissionTime\":\"2023-07-15 15:28:40\",\"emissionWay\":\"焚烧排放\",\"emissions\":100,\"enterpriseAddress\":\"0x32d45563a364b56ba2d8fb73b1970399b23d3330\",\"enterpriseId\":1,\"isApprove\":1,\"params\":{}},{\"description\":\"工厂废水\",\"emissionId\":3,\"emissionTime\":\"2023-07-15 15:41:52\",\"emissionWay\":\"直接排放\",\"emissions\":100,\"enterpriseAddress\":\"0x32d45563a364b56ba2d8fb73b1970399b23d3330\",\"enterpriseId\":1,\"isApprove\":1,\"params\":{}}]}', 0, NULL, '2023-07-16 10:37:35', 29);
INSERT INTO `sys_oper_log` VALUES (260, '查询企业的所有排放记录', 0, 'com.ruoyi.web.controller.carbon.front.IsQueryController.queryEnterpriseErList()', 'GET', 1, 'admin', NULL, '/query/enterpriseErList', '127.0.0.1', '内网IP', '{\"enterprise\":\"深圳市有限公司\"}', '{\"msg\":\"erList\",\"total\":3,\"code\":200,\"data\":[{\"description\":\"废料排放\",\"emissionId\":1,\"emissionTime\":\"2023-07-15 15:28:31\",\"emissionWay\":\"直接排放\",\"emissions\":100,\"enterpriseAddress\":\"0x32d45563a364b56ba2d8fb73b1970399b23d3330\",\"enterpriseId\":1,\"isApprove\":1,\"params\":{}},{\"description\":\"环保垃圾\",\"emissionId\":2,\"emissionTime\":\"2023-07-15 15:28:40\",\"emissionWay\":\"焚烧排放\",\"emissions\":100,\"enterpriseAddress\":\"0x32d45563a364b56ba2d8fb73b1970399b23d3330\",\"enterpriseId\":1,\"isApprove\":1,\"params\":{}},{\"description\":\"工厂废水\",\"emissionId\":3,\"emissionTime\":\"2023-07-15 15:41:52\",\"emissionWay\":\"直接排放\",\"emissions\":100,\"enterpriseAddress\":\"0x32d45563a364b56ba2d8fb73b1970399b23d3330\",\"enterpriseId\":1,\"isApprove\":1,\"params\":{}}]}', 0, NULL, '2023-07-16 10:37:40', 28);
INSERT INTO `sys_oper_log` VALUES (261, '查询企业的所有排放记录', 0, 'com.ruoyi.web.controller.carbon.front.IsQueryController.queryEnterpriseErList()', 'GET', 1, 'admin', NULL, '/query/enterpriseErList', '127.0.0.1', '内网IP', '{\"enterprise\":\"深圳市有限公司\"}', '{\"msg\":\"erList\",\"total\":3,\"code\":200,\"data\":[{\"description\":\"废料排放\",\"emissionId\":1,\"emissionTime\":\"2023-07-15 15:28:31\",\"emissionWay\":\"直接排放\",\"emissions\":100,\"enterpriseAddress\":\"0x32d45563a364b56ba2d8fb73b1970399b23d3330\",\"enterpriseId\":1,\"isApprove\":1,\"params\":{}},{\"description\":\"环保垃圾\",\"emissionId\":2,\"emissionTime\":\"2023-07-15 15:28:40\",\"emissionWay\":\"焚烧排放\",\"emissions\":100,\"enterpriseAddress\":\"0x32d45563a364b56ba2d8fb73b1970399b23d3330\",\"enterpriseId\":1,\"isApprove\":1,\"params\":{}},{\"description\":\"工厂废水\",\"emissionId\":3,\"emissionTime\":\"2023-07-15 15:41:52\",\"emissionWay\":\"直接排放\",\"emissions\":100,\"enterpriseAddress\":\"0x32d45563a364b56ba2d8fb73b1970399b23d3330\",\"enterpriseId\":1,\"isApprove\":1,\"params\":{}}]}', 0, NULL, '2023-07-16 10:37:43', 23);
INSERT INTO `sys_oper_log` VALUES (262, '查询企业的所有排放记录', 0, 'com.ruoyi.web.controller.carbon.front.IsQueryController.queryEnterpriseErList()', 'GET', 1, 'admin', NULL, '/query/enterpriseErList', '127.0.0.1', '内网IP', '{\"enterprise\":\"深圳市有限公司\"}', '{\"msg\":\"erList\",\"total\":3,\"code\":200,\"data\":[{\"description\":\"废料排放\",\"emissionId\":1,\"emissionTime\":\"2023-07-15 15:28:31\",\"emissionWay\":\"直接排放\",\"emissions\":100,\"enterpriseAddress\":\"0x32d45563a364b56ba2d8fb73b1970399b23d3330\",\"enterpriseId\":1,\"isApprove\":1,\"params\":{}},{\"description\":\"环保垃圾\",\"emissionId\":2,\"emissionTime\":\"2023-07-15 15:28:40\",\"emissionWay\":\"焚烧排放\",\"emissions\":100,\"enterpriseAddress\":\"0x32d45563a364b56ba2d8fb73b1970399b23d3330\",\"enterpriseId\":1,\"isApprove\":1,\"params\":{}},{\"description\":\"工厂废水\",\"emissionId\":3,\"emissionTime\":\"2023-07-15 15:41:52\",\"emissionWay\":\"直接排放\",\"emissions\":100,\"enterpriseAddress\":\"0x32d45563a364b56ba2d8fb73b1970399b23d3330\",\"enterpriseId\":1,\"isApprove\":1,\"params\":{}}]}', 0, NULL, '2023-07-16 10:37:48', 28);
INSERT INTO `sys_oper_log` VALUES (263, '查询企业的所有排放记录', 0, 'com.ruoyi.web.controller.carbon.front.IsQueryController.queryEnterpriseErList()', 'GET', 1, 'admin', NULL, '/query/enterpriseErList', '127.0.0.1', '内网IP', '{\"enterprise\":\"深圳市有限公司\"}', '{\"msg\":\"erList\",\"total\":3,\"code\":200,\"data\":[{\"description\":\"废料排放\",\"emissionId\":1,\"emissionTime\":\"2023-07-15 15:28:31\",\"emissionWay\":\"直接排放\",\"emissions\":100,\"enterpriseAddress\":\"0x32d45563a364b56ba2d8fb73b1970399b23d3330\",\"enterpriseId\":1,\"isApprove\":1,\"params\":{}},{\"description\":\"环保垃圾\",\"emissionId\":2,\"emissionTime\":\"2023-07-15 15:28:40\",\"emissionWay\":\"焚烧排放\",\"emissions\":100,\"enterpriseAddress\":\"0x32d45563a364b56ba2d8fb73b1970399b23d3330\",\"enterpriseId\":1,\"isApprove\":1,\"params\":{}},{\"description\":\"工厂废水\",\"emissionId\":3,\"emissionTime\":\"2023-07-15 15:41:52\",\"emissionWay\":\"直接排放\",\"emissions\":100,\"enterpriseAddress\":\"0x32d45563a364b56ba2d8fb73b1970399b23d3330\",\"enterpriseId\":1,\"isApprove\":1,\"params\":{}}]}', 0, NULL, '2023-07-16 10:37:49', 19);
INSERT INTO `sys_oper_log` VALUES (264, '查询企业的所有排放记录', 0, 'com.ruoyi.web.controller.carbon.front.IsQueryController.queryEnterpriseErList()', 'GET', 1, 'admin', NULL, '/query/enterpriseErList', '127.0.0.1', '内网IP', '{\"enterprise\":\"深圳市有限公司\"}', '{\"msg\":\"erList\",\"total\":3,\"code\":200,\"data\":[{\"description\":\"废料排放\",\"emissionId\":1,\"emissionTime\":\"2023-07-15 15:28:31\",\"emissionWay\":\"直接排放\",\"emissions\":100,\"enterpriseAddress\":\"0x32d45563a364b56ba2d8fb73b1970399b23d3330\",\"enterpriseId\":1,\"isApprove\":1,\"params\":{}},{\"description\":\"环保垃圾\",\"emissionId\":2,\"emissionTime\":\"2023-07-15 15:28:40\",\"emissionWay\":\"焚烧排放\",\"emissions\":100,\"enterpriseAddress\":\"0x32d45563a364b56ba2d8fb73b1970399b23d3330\",\"enterpriseId\":1,\"isApprove\":1,\"params\":{}},{\"description\":\"工厂废水\",\"emissionId\":3,\"emissionTime\":\"2023-07-15 15:41:52\",\"emissionWay\":\"直接排放\",\"emissions\":100,\"enterpriseAddress\":\"0x32d45563a364b56ba2d8fb73b1970399b23d3330\",\"enterpriseId\":1,\"isApprove\":1,\"params\":{}}]}', 0, NULL, '2023-07-16 10:37:50', 30);
INSERT INTO `sys_oper_log` VALUES (265, '查询企业的所有排放记录', 0, 'com.ruoyi.web.controller.carbon.front.IsQueryController.queryEnterpriseErList()', 'GET', 1, 'admin', NULL, '/query/enterpriseErList', '127.0.0.1', '内网IP', '{\"enterprise\":\"深圳市有限公司\"}', '{\"msg\":\"erList\",\"total\":3,\"code\":200,\"data\":[{\"description\":\"废料排放\",\"emissionId\":1,\"emissionTime\":\"2023-07-15 15:28:31\",\"emissionWay\":\"直接排放\",\"emissions\":100,\"enterpriseAddress\":\"0x32d45563a364b56ba2d8fb73b1970399b23d3330\",\"enterpriseId\":1,\"isApprove\":1,\"params\":{}},{\"description\":\"环保垃圾\",\"emissionId\":2,\"emissionTime\":\"2023-07-15 15:28:40\",\"emissionWay\":\"焚烧排放\",\"emissions\":100,\"enterpriseAddress\":\"0x32d45563a364b56ba2d8fb73b1970399b23d3330\",\"enterpriseId\":1,\"isApprove\":1,\"params\":{}},{\"description\":\"工厂废水\",\"emissionId\":3,\"emissionTime\":\"2023-07-15 15:41:52\",\"emissionWay\":\"直接排放\",\"emissions\":100,\"enterpriseAddress\":\"0x32d45563a364b56ba2d8fb73b1970399b23d3330\",\"enterpriseId\":1,\"isApprove\":1,\"params\":{}}]}', 0, NULL, '2023-07-16 10:37:52', 19);
INSERT INTO `sys_oper_log` VALUES (266, '查询企业的所有排放记录', 0, 'com.ruoyi.web.controller.carbon.front.IsQueryController.queryEnterpriseErList()', 'GET', 1, 'admin', NULL, '/query/enterpriseErList', '127.0.0.1', '内网IP', '{\"enterprise\":\"深圳市有限公司\"}', '{\"msg\":\"erList\",\"total\":3,\"code\":200,\"data\":[{\"description\":\"废料排放\",\"emissionId\":1,\"emissionTime\":\"2023-07-15 15:28:31\",\"emissionWay\":\"直接排放\",\"emissions\":100,\"enterpriseAddress\":\"0x32d45563a364b56ba2d8fb73b1970399b23d3330\",\"enterpriseId\":1,\"isApprove\":1,\"params\":{}},{\"description\":\"环保垃圾\",\"emissionId\":2,\"emissionTime\":\"2023-07-15 15:28:40\",\"emissionWay\":\"焚烧排放\",\"emissions\":100,\"enterpriseAddress\":\"0x32d45563a364b56ba2d8fb73b1970399b23d3330\",\"enterpriseId\":1,\"isApprove\":1,\"params\":{}},{\"description\":\"工厂废水\",\"emissionId\":3,\"emissionTime\":\"2023-07-15 15:41:52\",\"emissionWay\":\"直接排放\",\"emissions\":100,\"enterpriseAddress\":\"0x32d45563a364b56ba2d8fb73b1970399b23d3330\",\"enterpriseId\":1,\"isApprove\":1,\"params\":{}}]}', 0, NULL, '2023-07-16 10:37:52', 25);
INSERT INTO `sys_oper_log` VALUES (267, '查询企业的所有排放记录', 0, 'com.ruoyi.web.controller.carbon.front.IsQueryController.queryEnterpriseErList()', 'GET', 1, 'admin', NULL, '/query/enterpriseErList', '127.0.0.1', '内网IP', '{\"enterprise\":\"深圳市有限公司\"}', '{\"msg\":\"erList\",\"total\":3,\"code\":200,\"data\":[{\"description\":\"废料排放\",\"emissionId\":1,\"emissionTime\":\"2023-07-15 15:28:31\",\"emissionWay\":\"直接排放\",\"emissions\":100,\"enterpriseAddress\":\"0x32d45563a364b56ba2d8fb73b1970399b23d3330\",\"enterpriseId\":1,\"isApprove\":1,\"params\":{}},{\"description\":\"环保垃圾\",\"emissionId\":2,\"emissionTime\":\"2023-07-15 15:28:40\",\"emissionWay\":\"焚烧排放\",\"emissions\":100,\"enterpriseAddress\":\"0x32d45563a364b56ba2d8fb73b1970399b23d3330\",\"enterpriseId\":1,\"isApprove\":1,\"params\":{}},{\"description\":\"工厂废水\",\"emissionId\":3,\"emissionTime\":\"2023-07-15 15:41:52\",\"emissionWay\":\"直接排放\",\"emissions\":100,\"enterpriseAddress\":\"0x32d45563a364b56ba2d8fb73b1970399b23d3330\",\"enterpriseId\":1,\"isApprove\":1,\"params\":{}}]}', 0, NULL, '2023-07-16 10:37:53', 23);
INSERT INTO `sys_oper_log` VALUES (268, '查询企业的所有排放记录', 0, 'com.ruoyi.web.controller.carbon.front.IsQueryController.queryEnterpriseErList()', 'GET', 1, 'admin', NULL, '/query/enterpriseErList', '127.0.0.1', '内网IP', '{\"enterprise\":\"深圳市有限公司\"}', '{\"msg\":\"erList\",\"total\":3,\"code\":200,\"data\":[{\"description\":\"废料排放\",\"emissionId\":1,\"emissionTime\":\"2023-07-15 15:28:31\",\"emissionWay\":\"直接排放\",\"emissions\":100,\"enterpriseAddress\":\"0x32d45563a364b56ba2d8fb73b1970399b23d3330\",\"enterpriseId\":1,\"isApprove\":1,\"params\":{}},{\"description\":\"环保垃圾\",\"emissionId\":2,\"emissionTime\":\"2023-07-15 15:28:40\",\"emissionWay\":\"焚烧排放\",\"emissions\":100,\"enterpriseAddress\":\"0x32d45563a364b56ba2d8fb73b1970399b23d3330\",\"enterpriseId\":1,\"isApprove\":1,\"params\":{}},{\"description\":\"工厂废水\",\"emissionId\":3,\"emissionTime\":\"2023-07-15 15:41:52\",\"emissionWay\":\"直接排放\",\"emissions\":100,\"enterpriseAddress\":\"0x32d45563a364b56ba2d8fb73b1970399b23d3330\",\"enterpriseId\":1,\"isApprove\":1,\"params\":{}}]}', 0, NULL, '2023-07-16 10:37:53', 21);
INSERT INTO `sys_oper_log` VALUES (269, '查询企业的所有排放记录', 0, 'com.ruoyi.web.controller.carbon.front.IsQueryController.queryEnterpriseErList()', 'GET', 1, 'admin', NULL, '/query/enterpriseErList', '127.0.0.1', '内网IP', '{\"enterprise\":\"深圳市有限公司\"}', '{\"msg\":\"erList\",\"total\":3,\"code\":200,\"data\":[{\"description\":\"废料排放\",\"emissionId\":1,\"emissionTime\":\"2023-07-15 15:28:31\",\"emissionWay\":\"直接排放\",\"emissions\":100,\"enterpriseAddress\":\"0x32d45563a364b56ba2d8fb73b1970399b23d3330\",\"enterpriseId\":1,\"isApprove\":1,\"params\":{}},{\"description\":\"环保垃圾\",\"emissionId\":2,\"emissionTime\":\"2023-07-15 15:28:40\",\"emissionWay\":\"焚烧排放\",\"emissions\":100,\"enterpriseAddress\":\"0x32d45563a364b56ba2d8fb73b1970399b23d3330\",\"enterpriseId\":1,\"isApprove\":1,\"params\":{}},{\"description\":\"工厂废水\",\"emissionId\":3,\"emissionTime\":\"2023-07-15 15:41:52\",\"emissionWay\":\"直接排放\",\"emissions\":100,\"enterpriseAddress\":\"0x32d45563a364b56ba2d8fb73b1970399b23d3330\",\"enterpriseId\":1,\"isApprove\":1,\"params\":{}}]}', 0, NULL, '2023-07-16 10:37:53', 27);
INSERT INTO `sys_oper_log` VALUES (270, '查询企业的所有排放记录', 0, 'com.ruoyi.web.controller.carbon.front.IsQueryController.queryEnterpriseErList()', 'GET', 1, 'admin', NULL, '/query/enterpriseErList', '127.0.0.1', '内网IP', '{\"enterprise\":\"深圳市有限公司\"}', '{\"msg\":\"erList\",\"total\":3,\"code\":200,\"data\":[{\"description\":\"废料排放\",\"emissionId\":1,\"emissionTime\":\"2023-07-15 15:28:31\",\"emissionWay\":\"直接排放\",\"emissions\":100,\"enterpriseAddress\":\"0x32d45563a364b56ba2d8fb73b1970399b23d3330\",\"enterpriseId\":1,\"isApprove\":1,\"params\":{}},{\"description\":\"环保垃圾\",\"emissionId\":2,\"emissionTime\":\"2023-07-15 15:28:40\",\"emissionWay\":\"焚烧排放\",\"emissions\":100,\"enterpriseAddress\":\"0x32d45563a364b56ba2d8fb73b1970399b23d3330\",\"enterpriseId\":1,\"isApprove\":1,\"params\":{}},{\"description\":\"工厂废水\",\"emissionId\":3,\"emissionTime\":\"2023-07-15 15:41:52\",\"emissionWay\":\"直接排放\",\"emissions\":100,\"enterpriseAddress\":\"0x32d45563a364b56ba2d8fb73b1970399b23d3330\",\"enterpriseId\":1,\"isApprove\":1,\"params\":{}}]}', 0, NULL, '2023-07-16 10:37:54', 27);
INSERT INTO `sys_oper_log` VALUES (271, '查询企业的所有排放记录', 0, 'com.ruoyi.web.controller.carbon.front.IsQueryController.queryEnterpriseErList()', 'GET', 1, 'admin', NULL, '/query/enterpriseErList', '127.0.0.1', '内网IP', '{\"enterprise\":\"深圳市有限公司\"}', '{\"msg\":\"erList\",\"total\":3,\"code\":200,\"data\":[{\"description\":\"废料排放\",\"emissionId\":1,\"emissionTime\":\"2023-07-15 15:28:31\",\"emissionWay\":\"直接排放\",\"emissions\":100,\"enterpriseAddress\":\"0x32d45563a364b56ba2d8fb73b1970399b23d3330\",\"enterpriseId\":1,\"isApprove\":1,\"params\":{}},{\"description\":\"环保垃圾\",\"emissionId\":2,\"emissionTime\":\"2023-07-15 15:28:40\",\"emissionWay\":\"焚烧排放\",\"emissions\":100,\"enterpriseAddress\":\"0x32d45563a364b56ba2d8fb73b1970399b23d3330\",\"enterpriseId\":1,\"isApprove\":1,\"params\":{}},{\"description\":\"工厂废水\",\"emissionId\":3,\"emissionTime\":\"2023-07-15 15:41:52\",\"emissionWay\":\"直接排放\",\"emissions\":100,\"enterpriseAddress\":\"0x32d45563a364b56ba2d8fb73b1970399b23d3330\",\"enterpriseId\":1,\"isApprove\":1,\"params\":{}}]}', 0, NULL, '2023-07-16 10:37:54', 20);
INSERT INTO `sys_oper_log` VALUES (272, '查询企业的所有排放记录', 0, 'com.ruoyi.web.controller.carbon.front.IsQueryController.queryEnterpriseErList()', 'GET', 1, 'admin', NULL, '/query/enterpriseErList', '127.0.0.1', '内网IP', '{\"enterprise\":\"深圳市有限公司\"}', '{\"msg\":\"erList\",\"total\":3,\"code\":200,\"data\":[{\"description\":\"废料排放\",\"emissionId\":1,\"emissionTime\":\"2023-07-15 15:28:31\",\"emissionWay\":\"直接排放\",\"emissions\":100,\"enterpriseAddress\":\"0x32d45563a364b56ba2d8fb73b1970399b23d3330\",\"enterpriseId\":1,\"isApprove\":1,\"params\":{}},{\"description\":\"环保垃圾\",\"emissionId\":2,\"emissionTime\":\"2023-07-15 15:28:40\",\"emissionWay\":\"焚烧排放\",\"emissions\":100,\"enterpriseAddress\":\"0x32d45563a364b56ba2d8fb73b1970399b23d3330\",\"enterpriseId\":1,\"isApprove\":1,\"params\":{}},{\"description\":\"工厂废水\",\"emissionId\":3,\"emissionTime\":\"2023-07-15 15:41:52\",\"emissionWay\":\"直接排放\",\"emissions\":100,\"enterpriseAddress\":\"0x32d45563a364b56ba2d8fb73b1970399b23d3330\",\"enterpriseId\":1,\"isApprove\":1,\"params\":{}}]}', 0, NULL, '2023-07-16 10:37:55', 19);
INSERT INTO `sys_oper_log` VALUES (273, '企业更新余额', 2, 'com.ruoyi.web.controller.carbon.front.IsEnterpriseController.getEnterpriseInfo()', 'POST', 1, 'admin', NULL, '/enterprise/info', '127.0.0.1', '内网IP', '{\"address\":\"0x32d45563a364b56ba2d8fb73b1970399b23d3330\"}', '{\"msg\":\"操作成功\",\"code\":200,\"enterprise\":{\"enterpriseAddress\":\"0x32d45563a364b56ba2d8fb73b1970399b23d3330\",\"enterpriseBalance\":17800,\"enterpriseCarbonCredits\":0,\"enterpriseId\":1,\"enterpriseName\":\"深圳市有限公司\",\"enterpriseOverEmission\":300,\"enterpriseTotalEmission\":406800,\"enterpriseVerified\":1,\"params\":{},\"priavateKey\":\"7bc1ebc48fc3de78d7fc1cbf38b181a528dcbfad412a61b06e9009cbd5631787\",\"qualificationId\":1,\"userType\":1}}', 0, NULL, '2023-07-25 13:08:42', 156);
INSERT INTO `sys_oper_log` VALUES (274, '企业更新余额', 2, 'com.ruoyi.web.controller.carbon.front.IsEnterpriseController.getEnterpriseInfo()', 'POST', 1, 'admin', NULL, '/enterprise/info', '127.0.0.1', '内网IP', '{\"address\":\"0x32d45563a364b56ba2d8fb73b1970399b23d3330\"}', '{\"msg\":\"操作成功\",\"code\":200,\"enterprise\":{\"enterpriseAddress\":\"0x32d45563a364b56ba2d8fb73b1970399b23d3330\",\"enterpriseBalance\":17800,\"enterpriseCarbonCredits\":0,\"enterpriseId\":1,\"enterpriseName\":\"深圳市有限公司\",\"enterpriseOverEmission\":300,\"enterpriseTotalEmission\":406800,\"enterpriseVerified\":1,\"params\":{},\"priavateKey\":\"7bc1ebc48fc3de78d7fc1cbf38b181a528dcbfad412a61b06e9009cbd5631787\",\"qualificationId\":1,\"userType\":1}}', 0, NULL, '2023-07-25 13:09:00', 130);
INSERT INTO `sys_oper_log` VALUES (275, '查询企业的详细信息', 0, 'com.ruoyi.web.controller.carbon.front.IsQueryController.queryEnterpriseInfo()', 'POST', 1, 'admin', NULL, '/query/enterpriseInfo', '127.0.0.1', '内网IP', '{\"address\":\"0x32d45563a364b56ba2d8fb73b1970399b23d3330\"}', '{\"msg\":\"操作成功\",\"code\":200,\"enterprise\":{\"avatar\":\"\",\"email\":\"2756864799@qq.com\",\"enterprise_address\":\"0x32d45563a364b56ba2d8fb73b1970399b23d3330\",\"enterprise_balance\":17800,\"enterprise_carbon_credits\":0,\"enterprise_id\":1,\"enterprise_name\":\"深圳市有限公司\",\"enterprise_over_emission\":300,\"enterprise_total_emission\":406800,\"enterprise_verified\":1,\"password\":\"$2a$10$Y0VfH7q8bNYnB/lrBnzMSuaUn5ecELtkHGiej/RNXoJcrF9HJCXaK\",\"qualification_id\":1,\"user_name\":\"zhangyuhao\",\"user_type\":1}}', 0, NULL, '2023-07-25 13:17:47', 28);
INSERT INTO `sys_oper_log` VALUES (276, '查询企业的详细信息', 0, 'com.ruoyi.web.controller.carbon.front.IsQueryController.queryEnterpriseInfo()', 'POST', 1, 'admin', NULL, '/query/enterpriseInfo', '127.0.0.1', '内网IP', '{\"address\":\"0x32d45563a364b56ba2d8fb73b1970399b23d3330\"}', '{\"msg\":\"操作成功\",\"code\":200,\"enterprise\":{\"avatar\":\"\",\"email\":\"2756864799@qq.com\",\"enterprise_address\":\"0x32d45563a364b56ba2d8fb73b1970399b23d3330\",\"enterprise_balance\":17800,\"enterprise_carbon_credits\":0,\"enterprise_id\":1,\"enterprise_name\":\"深圳市有限公司\",\"enterprise_over_emission\":300,\"enterprise_total_emission\":406800,\"enterprise_verified\":1,\"password\":\"$2a$10$Y0VfH7q8bNYnB/lrBnzMSuaUn5ecELtkHGiej/RNXoJcrF9HJCXaK\",\"qualification_id\":1,\"user_name\":\"zhangyuhao\",\"user_type\":1}}', 0, NULL, '2023-07-25 13:17:52', 11);
INSERT INTO `sys_oper_log` VALUES (277, '查询企业的详细信息', 0, 'com.ruoyi.web.controller.carbon.front.IsQueryController.queryEnterpriseInfo()', 'POST', 1, 'admin', NULL, '/query/enterpriseInfo', '127.0.0.1', '内网IP', '{\"address\":\"0x32d45563a364b56ba2d8fb73b1970399b23d3330\"}', '{\"msg\":\"操作成功\",\"code\":200,\"enterprise\":{\"avatar\":\"\",\"email\":\"2756864799@qq.com\",\"enterprise_address\":\"0x32d45563a364b56ba2d8fb73b1970399b23d3330\",\"enterprise_balance\":17800,\"enterprise_carbon_credits\":0,\"enterprise_id\":1,\"enterprise_name\":\"深圳市有限公司\",\"enterprise_over_emission\":300,\"enterprise_total_emission\":406800,\"enterprise_verified\":1,\"password\":\"$2a$10$Y0VfH7q8bNYnB/lrBnzMSuaUn5ecELtkHGiej/RNXoJcrF9HJCXaK\",\"qualification_id\":1,\"user_name\":\"zhangyuhao\",\"user_type\":1}}', 0, NULL, '2023-07-25 13:17:53', 12);
INSERT INTO `sys_oper_log` VALUES (278, '查询企业的详细信息', 0, 'com.ruoyi.web.controller.carbon.front.IsQueryController.queryEnterpriseInfo()', 'POST', 1, 'admin', NULL, '/query/enterpriseInfo', '127.0.0.1', '内网IP', '{\"address\":\"0x32d45563a364b56ba2d8fb73b1970399b23d3330\"}', '{\"msg\":\"操作成功\",\"code\":200,\"enterprise\":{\"avatar\":\"\",\"email\":\"2756864799@qq.com\",\"enterprise_address\":\"0x32d45563a364b56ba2d8fb73b1970399b23d3330\",\"enterprise_balance\":17800,\"enterprise_carbon_credits\":0,\"enterprise_id\":1,\"enterprise_name\":\"深圳市有限公司\",\"enterprise_over_emission\":300,\"enterprise_total_emission\":406800,\"enterprise_verified\":1,\"password\":\"$2a$10$Y0VfH7q8bNYnB/lrBnzMSuaUn5ecELtkHGiej/RNXoJcrF9HJCXaK\",\"qualification_id\":1,\"user_name\":\"zhangyuhao\",\"user_type\":1}}', 0, NULL, '2023-07-25 13:17:54', 13);
INSERT INTO `sys_oper_log` VALUES (279, '查询企业的详细信息', 0, 'com.ruoyi.web.controller.carbon.front.IsQueryController.queryEnterpriseInfo()', 'POST', 1, 'admin', NULL, '/query/enterpriseInfo', '127.0.0.1', '内网IP', '{\"address\":\"0x32d45563a364b56ba2d8fb73b1970399b23d3330\"}', '{\"msg\":\"操作成功\",\"code\":200,\"enterprise\":{\"avatar\":\"\",\"email\":\"2756864799@qq.com\",\"enterprise_address\":\"0x32d45563a364b56ba2d8fb73b1970399b23d3330\",\"enterprise_balance\":17800,\"enterprise_carbon_credits\":0,\"enterprise_id\":1,\"enterprise_name\":\"深圳市有限公司\",\"enterprise_over_emission\":300,\"enterprise_total_emission\":406800,\"enterprise_verified\":1,\"password\":\"$2a$10$Y0VfH7q8bNYnB/lrBnzMSuaUn5ecELtkHGiej/RNXoJcrF9HJCXaK\",\"qualification_id\":1,\"user_name\":\"zhangyuhao\",\"user_type\":1}}', 0, NULL, '2023-07-25 13:17:56', 12);
INSERT INTO `sys_oper_log` VALUES (280, '查询企业的详细信息', 0, 'com.ruoyi.web.controller.carbon.front.IsQueryController.queryEnterpriseInfo()', 'POST', 1, 'admin', NULL, '/query/enterpriseInfo', '127.0.0.1', '内网IP', '{\"address\":\"0x32d45563a364b56ba2d8fb73b1970399b23d3330\"}', '{\"msg\":\"操作成功\",\"code\":200,\"enterprise\":{\"avatar\":\"\",\"email\":\"2756864799@qq.com\",\"enterprise_address\":\"0x32d45563a364b56ba2d8fb73b1970399b23d3330\",\"enterprise_balance\":17800,\"enterprise_carbon_credits\":0,\"enterprise_id\":1,\"enterprise_name\":\"深圳市有限公司\",\"enterprise_over_emission\":300,\"enterprise_total_emission\":406800,\"enterprise_verified\":1,\"password\":\"$2a$10$Y0VfH7q8bNYnB/lrBnzMSuaUn5ecELtkHGiej/RNXoJcrF9HJCXaK\",\"qualification_id\":1,\"user_name\":\"zhangyuhao\",\"user_type\":1}}', 0, NULL, '2023-07-25 13:17:58', 13);
INSERT INTO `sys_oper_log` VALUES (281, '查询企业的资质信息', 0, 'com.ruoyi.web.controller.carbon.front.IsQueryController.queryQualificationInfo()', 'POST', 1, 'admin', NULL, '/query/qualificationInfo', '127.0.0.1', '内网IP', '{\"address\":\"0xc1cce2168f9eedf146fb2659f5e200314f2ba25f\"}', '{\"msg\":\"qualification\",\"code\":200,\"data\":{\"params\":{},\"qualificationAddress\":\"北京 四合院\",\"qualificationAuditTime\":\"2023-07-14 16:10:29\",\"qualificationContent\":\"496369674398\",\"qualificationEmissionLimit\":1000,\"qualificationId\":3,\"qualificationIndustry\":\"建筑\",\"qualificationLeader\":\"李强\",\"qualificationName\":\"人力资源有限公司\",\"qualificationUploadTime\":\"2023-07-14 15:49:10\",\"qualificationUrl\":\"https://blog-1304715799.cos.ap-nanjing.myqcloud.com/imgs/68801689320940387.png\",\"qualificationUserEmail\":\"23532990532@qq.com\",\"qualificationUserName\":\"lq\",\"qualificationVerifiedRegulator\":\"0x4c2c4b2ae31a7becbf072f865af1bc7e35c1e2b3\"}}', 0, NULL, '2023-07-25 13:19:26', 45);
INSERT INTO `sys_oper_log` VALUES (282, '查询企业的所有交易', 0, 'com.ruoyi.web.controller.carbon.front.IsQueryController.queryEnterpriseTxList()', 'GET', 1, 'admin', NULL, '/query/enterpriseTxList', '127.0.0.1', '内网IP', '{\"enterprise\":\"深圳市有限公司\"}', '{\"msg\":\"txList\",\"total\":11,\"code\":200,\"data\":[{\"buyAddress\":\"0x32d45563a364b56ba2d8fb73b1970399b23d3330\",\"buyerId\":1,\"params\":{},\"sellerAddress\":\"0xd2a1f6706dfddf00a11a035a1fc5eae35b4d7551\",\"sellerId\":2,\"transactionId\":2,\"transactionOrderName\":\"碳额度交易\",\"transactionQuantity\":5,\"transactionTime\":\"2023-07-13 16:45:57\"},{\"buyAddress\":\"0x32d45563a364b56ba2d8fb73b1970399b23d3330\",\"buyerId\":1,\"params\":{},\"sellerAddress\":\"0xd2a1f6706dfddf00a11a035a1fc5eae35b4d7551\",\"sellerId\":2,\"transactionId\":3,\"transactionOrderName\":\"碳额度交易\",\"transactionQuantity\":5,\"transactionTime\":\"2023-07-13 16:52:36\"},{\"buyAddress\":\"0x32d45563a364b56ba2d8fb73b1970399b23d3330\",\"buyerId\":1,\"params\":{},\"sellerAddress\":\"0xd2a1f6706dfddf00a11a035a1fc5eae35b4d7551\",\"sellerId\":2,\"transactionId\":4,\"transactionOrderName\":\"碳额度交易\",\"transactionQuantity\":5,\"transactionTime\":\"2023-07-13 16:59:26\",\"txHash\":\"0x1ba717da8af41c888306bb372a35b5b70c88c114d6bca9224f04534afa289990\"},{\"buyAddress\":\"0x32d45563a364b56ba2d8fb73b1970399b23d3330\",\"buyerId\":1,\"params\":{},\"sellerAddress\":\"0xd2a1f6706dfddf00a11a035a1fc5eae35b4d7551\",\"sellerId\":2,\"transactionId\":6,\"transactionOrderName\":\"碳额度交易\",\"transactionQuantity\":1,\"transactionTime\":\"2023-07-13 17:12:24\",\"txHash\":\"0xacc9049aad48a930836b595a9be5e170d047380a62ff4e65b1c8cb742d63eec5\"},{\"buyAddress\":\"0x32d45563a364b56ba2d8fb73b1970399b23d3330\",\"buyerId\":1,\"params\":{},\"sellerAddress\":\"0xd2a1f6706dfddf00a11a035a1fc5eae35b4d7551\",\"sellerId\":2,\"transactionId\":7,\"transactionOrderName\":\"碳额度交易\",\"transactionQuantity\":1,\"transactionTime\":\"2023-07-13 17:12:30\",\"txHash\":\"0x069ebd09b03282177149e583644b27ee007168b07cd173cf8468706f1a6cd6c8\"},{\"buyAddress\":\"0x32d45563a364b56ba2d8fb73b1970399b23d3330\",\"buyerId\":1,\"params\":{},\"sellerAddress\":\"0xd2a1f6706dfddf00a11a035a1fc5eae35b4d7551\",\"sellerId\":2,\"transactionId\":8,\"transactionOrderName\":\"碳额度交易\",\"transactionQuantity\":1,\"transactionTime\":\"2023-07-13 17:12:32\",\"txHash\":\"0x146403a6dca7d93a18f585b2efec047b227c73971e17ddfadb7bb08792aeea4c\"},{\"buyAddress\":\"0', 0, NULL, '2023-07-25 13:27:28', 49);
INSERT INTO `sys_oper_log` VALUES (283, '查询企业的所有交易', 0, 'com.ruoyi.web.controller.carbon.front.IsQueryController.queryEnterpriseTxList()', 'GET', 1, 'admin', NULL, '/query/enterpriseTxList', '127.0.0.1', '内网IP', '{\"enterprise\":\"深圳市有限公司\"}', '{\"msg\":\"txList\",\"total\":11,\"code\":200,\"data\":[{\"buyAddress\":\"0x32d45563a364b56ba2d8fb73b1970399b23d3330\",\"buyerId\":1,\"params\":{},\"sellerAddress\":\"0xd2a1f6706dfddf00a11a035a1fc5eae35b4d7551\",\"sellerId\":2,\"transactionId\":2,\"transactionOrderName\":\"碳额度交易\",\"transactionQuantity\":5,\"transactionTime\":\"2023-07-13 16:45:57\"},{\"buyAddress\":\"0x32d45563a364b56ba2d8fb73b1970399b23d3330\",\"buyerId\":1,\"params\":{},\"sellerAddress\":\"0xd2a1f6706dfddf00a11a035a1fc5eae35b4d7551\",\"sellerId\":2,\"transactionId\":3,\"transactionOrderName\":\"碳额度交易\",\"transactionQuantity\":5,\"transactionTime\":\"2023-07-13 16:52:36\"},{\"buyAddress\":\"0x32d45563a364b56ba2d8fb73b1970399b23d3330\",\"buyerId\":1,\"params\":{},\"sellerAddress\":\"0xd2a1f6706dfddf00a11a035a1fc5eae35b4d7551\",\"sellerId\":2,\"transactionId\":4,\"transactionOrderName\":\"碳额度交易\",\"transactionQuantity\":5,\"transactionTime\":\"2023-07-13 16:59:26\",\"txHash\":\"0x1ba717da8af41c888306bb372a35b5b70c88c114d6bca9224f04534afa289990\"},{\"buyAddress\":\"0x32d45563a364b56ba2d8fb73b1970399b23d3330\",\"buyerId\":1,\"params\":{},\"sellerAddress\":\"0xd2a1f6706dfddf00a11a035a1fc5eae35b4d7551\",\"sellerId\":2,\"transactionId\":6,\"transactionOrderName\":\"碳额度交易\",\"transactionQuantity\":1,\"transactionTime\":\"2023-07-13 17:12:24\",\"txHash\":\"0xacc9049aad48a930836b595a9be5e170d047380a62ff4e65b1c8cb742d63eec5\"},{\"buyAddress\":\"0x32d45563a364b56ba2d8fb73b1970399b23d3330\",\"buyerId\":1,\"params\":{},\"sellerAddress\":\"0xd2a1f6706dfddf00a11a035a1fc5eae35b4d7551\",\"sellerId\":2,\"transactionId\":7,\"transactionOrderName\":\"碳额度交易\",\"transactionQuantity\":1,\"transactionTime\":\"2023-07-13 17:12:30\",\"txHash\":\"0x069ebd09b03282177149e583644b27ee007168b07cd173cf8468706f1a6cd6c8\"},{\"buyAddress\":\"0x32d45563a364b56ba2d8fb73b1970399b23d3330\",\"buyerId\":1,\"params\":{},\"sellerAddress\":\"0xd2a1f6706dfddf00a11a035a1fc5eae35b4d7551\",\"sellerId\":2,\"transactionId\":8,\"transactionOrderName\":\"碳额度交易\",\"transactionQuantity\":1,\"transactionTime\":\"2023-07-13 17:12:32\",\"txHash\":\"0x146403a6dca7d93a18f585b2efec047b227c73971e17ddfadb7bb08792aeea4c\"},{\"buyAddress\":\"0', 0, NULL, '2023-07-25 13:27:36', 23);
INSERT INTO `sys_oper_log` VALUES (284, '查询企业的所有排放记录', 0, 'com.ruoyi.web.controller.carbon.front.IsQueryController.queryEnterpriseErList()', 'GET', 1, 'admin', NULL, '/query/enterpriseErList', '127.0.0.1', '内网IP', '{\"enterprise\":\"深圳市有限公司\"}', '{\"msg\":\"erList\",\"total\":3,\"code\":200,\"data\":[{\"description\":\"废料排放\",\"emissionId\":1,\"emissionTime\":\"2023-07-15 15:28:31\",\"emissionWay\":\"直接排放\",\"emissions\":100,\"enterpriseAddress\":\"0x32d45563a364b56ba2d8fb73b1970399b23d3330\",\"enterpriseId\":1,\"isApprove\":1,\"params\":{}},{\"description\":\"环保垃圾\",\"emissionId\":2,\"emissionTime\":\"2023-07-15 15:28:40\",\"emissionWay\":\"焚烧排放\",\"emissions\":100,\"enterpriseAddress\":\"0x32d45563a364b56ba2d8fb73b1970399b23d3330\",\"enterpriseId\":1,\"isApprove\":1,\"params\":{}},{\"description\":\"工厂废水\",\"emissionId\":3,\"emissionTime\":\"2023-07-15 15:41:52\",\"emissionWay\":\"直接排放\",\"emissions\":100,\"enterpriseAddress\":\"0x32d45563a364b56ba2d8fb73b1970399b23d3330\",\"enterpriseId\":1,\"isApprove\":1,\"params\":{}}]}', 0, NULL, '2023-07-25 13:28:35', 40);
INSERT INTO `sys_oper_log` VALUES (285, '企业更新总排放量', 2, 'com.ruoyi.web.controller.carbon.front.IsEnterpriseController.updateTotalEmission()', 'POST', 1, 'admin', NULL, '/enterprise/updateTotalEmission', '127.0.0.1', '内网IP', '{\"address\":\"0x91d77bcdfc22359700b61d573d98e41be684be7b\",\"count\":\"35252535\"}', '{\"msg\":\"更新成功\",\"code\":200}', 0, NULL, '2023-07-25 13:30:39', 396);
INSERT INTO `sys_oper_log` VALUES (286, '代码生成', 6, 'com.ruoyi.generator.controller.GenController.importTableSave()', 'POST', 1, 'admin', NULL, '/tool/gen/importTable', '127.0.0.1', '内网IP', '{\"tables\":\"carbon_industry\"}', '{\"msg\":\"操作成功\",\"code\":200}', 0, NULL, '2023-07-25 14:00:39', 128);
INSERT INTO `sys_oper_log` VALUES (287, '代码生成', 2, 'com.ruoyi.generator.controller.GenController.editSave()', 'PUT', 1, 'admin', NULL, '/tool/gen', '127.0.0.1', '内网IP', '{\"businessName\":\"industry\",\"className\":\"CarbonIndustry\",\"columns\":[{\"capJavaField\":\"Id\",\"columnComment\":\"分类ID\",\"columnId\":79,\"columnName\":\"id\",\"columnType\":\"int\",\"createBy\":\"admin\",\"createTime\":\"2023-07-25 14:00:39\",\"dictType\":\"\",\"edit\":false,\"htmlType\":\"input\",\"increment\":true,\"insert\":true,\"isIncrement\":\"1\",\"isInsert\":\"1\",\"isPk\":\"1\",\"javaField\":\"id\",\"javaType\":\"Long\",\"list\":false,\"params\":{},\"pk\":true,\"query\":false,\"queryType\":\"EQ\",\"required\":false,\"sort\":1,\"superColumn\":false,\"tableId\":10,\"updateBy\":\"\",\"usableColumn\":false},{\"capJavaField\":\"Name\",\"columnComment\":\"行业名称\",\"columnId\":80,\"columnName\":\"name\",\"columnType\":\"varchar(100)\",\"createBy\":\"admin\",\"createTime\":\"2023-07-25 14:00:39\",\"dictType\":\"\",\"edit\":true,\"htmlType\":\"input\",\"increment\":false,\"insert\":true,\"isEdit\":\"1\",\"isIncrement\":\"0\",\"isInsert\":\"1\",\"isList\":\"1\",\"isPk\":\"0\",\"isQuery\":\"1\",\"javaField\":\"name\",\"javaType\":\"String\",\"list\":true,\"params\":{},\"pk\":false,\"query\":true,\"queryType\":\"LIKE\",\"required\":false,\"sort\":2,\"superColumn\":false,\"tableId\":10,\"updateBy\":\"\",\"usableColumn\":false},{\"capJavaField\":\"Description\",\"columnComment\":\"行业描述\",\"columnId\":81,\"columnName\":\"description\",\"columnType\":\"varchar(255)\",\"createBy\":\"admin\",\"createTime\":\"2023-07-25 14:00:39\",\"dictType\":\"\",\"edit\":true,\"htmlType\":\"input\",\"increment\":false,\"insert\":true,\"isEdit\":\"1\",\"isIncrement\":\"0\",\"isInsert\":\"1\",\"isList\":\"1\",\"isPk\":\"0\",\"isQuery\":\"1\",\"javaField\":\"description\",\"javaType\":\"String\",\"list\":true,\"params\":{},\"pk\":false,\"query\":true,\"queryType\":\"EQ\",\"required\":false,\"sort\":3,\"superColumn\":false,\"tableId\":10,\"updateBy\":\"\",\"usableColumn\":false}],\"crud\":true,\"functionAuthor\":\"张宇豪\",\"functionName\":\"行业分类单\",\"genPath\":\"/\",\"genType\":\"0\",\"moduleName\":\"carbon\",\"options\":\"{\\\"parentMenuId\\\":\\\"\\\"}\",\"packageName\":\"com.ruoyi.carbon\",\"params\":{\"parentMenuId\":\"\"},\"parentMenuId\":\"\",\"remark\":\"\",\"sub\":false,\"tableComment\":\"行业分类表单\",\"tableId\":10,\"tableName\":\"carbon_industry\",\"tplCategory\":\"crud\",\"tree\":false}', '{\"msg\":\"操作成功\",\"code\":200}', 0, NULL, '2023-07-25 14:01:34', 42);
INSERT INTO `sys_oper_log` VALUES (288, '代码生成', 2, 'com.ruoyi.generator.controller.GenController.editSave()', 'PUT', 1, 'admin', NULL, '/tool/gen', '127.0.0.1', '内网IP', '{\"businessName\":\"industry\",\"className\":\"CarbonIndustry\",\"columns\":[{\"capJavaField\":\"Id\",\"columnComment\":\"分类ID\",\"columnId\":79,\"columnName\":\"id\",\"columnType\":\"int\",\"createBy\":\"admin\",\"createTime\":\"2023-07-25 14:00:39\",\"dictType\":\"\",\"edit\":false,\"htmlType\":\"input\",\"increment\":true,\"insert\":true,\"isIncrement\":\"1\",\"isInsert\":\"1\",\"isPk\":\"1\",\"javaField\":\"id\",\"javaType\":\"Long\",\"list\":false,\"params\":{},\"pk\":true,\"query\":false,\"queryType\":\"EQ\",\"required\":false,\"sort\":1,\"superColumn\":false,\"tableId\":10,\"updateBy\":\"\",\"updateTime\":\"2023-07-25 14:01:34\",\"usableColumn\":false},{\"capJavaField\":\"Name\",\"columnComment\":\"行业名称\",\"columnId\":80,\"columnName\":\"name\",\"columnType\":\"varchar(100)\",\"createBy\":\"admin\",\"createTime\":\"2023-07-25 14:00:39\",\"dictType\":\"\",\"edit\":true,\"htmlType\":\"input\",\"increment\":false,\"insert\":true,\"isEdit\":\"1\",\"isIncrement\":\"0\",\"isInsert\":\"1\",\"isList\":\"1\",\"isPk\":\"0\",\"isQuery\":\"1\",\"javaField\":\"name\",\"javaType\":\"String\",\"list\":true,\"params\":{},\"pk\":false,\"query\":true,\"queryType\":\"LIKE\",\"required\":false,\"sort\":2,\"superColumn\":false,\"tableId\":10,\"updateBy\":\"\",\"updateTime\":\"2023-07-25 14:01:34\",\"usableColumn\":false},{\"capJavaField\":\"Description\",\"columnComment\":\"行业描述\",\"columnId\":81,\"columnName\":\"description\",\"columnType\":\"varchar(255)\",\"createBy\":\"admin\",\"createTime\":\"2023-07-25 14:00:39\",\"dictType\":\"\",\"edit\":true,\"htmlType\":\"input\",\"increment\":false,\"insert\":true,\"isEdit\":\"1\",\"isIncrement\":\"0\",\"isInsert\":\"1\",\"isList\":\"1\",\"isPk\":\"0\",\"isQuery\":\"1\",\"javaField\":\"description\",\"javaType\":\"String\",\"list\":true,\"params\":{},\"pk\":false,\"query\":true,\"queryType\":\"EQ\",\"required\":false,\"sort\":3,\"superColumn\":false,\"tableId\":10,\"updateBy\":\"\",\"updateTime\":\"2023-07-25 14:01:34\",\"usableColumn\":false}],\"crud\":true,\"functionAuthor\":\"张宇豪\",\"functionName\":\"行业分类单\",\"genPath\":\"/\",\"genType\":\"0\",\"moduleName\":\"carbon\",\"options\":\"{\\\"parentMenuId\\\":\\\"\\\"}\",\"packageName\":\"com.ruoyi.carbon\",\"params\":{\"parentMenuId\":\"\"},\"parentMenuId\":\"\",\"remark\":\"\",\"sub\":false,\"tableComment\":\"行业分类表单\",\"tableId\":10,\"tableNam', '{\"msg\":\"操作成功\",\"code\":200}', 0, NULL, '2023-07-25 14:01:51', 56);
INSERT INTO `sys_oper_log` VALUES (289, '代码生成', 2, 'com.ruoyi.generator.controller.GenController.editSave()', 'PUT', 1, 'admin', NULL, '/tool/gen', '127.0.0.1', '内网IP', '{\"businessName\":\"industry\",\"className\":\"CarbonIndustry\",\"columns\":[{\"capJavaField\":\"Id\",\"columnComment\":\"分类ID\",\"columnId\":79,\"columnName\":\"id\",\"columnType\":\"int\",\"createBy\":\"admin\",\"createTime\":\"2023-07-25 14:00:39\",\"dictType\":\"\",\"edit\":false,\"htmlType\":\"input\",\"increment\":true,\"insert\":true,\"isIncrement\":\"1\",\"isInsert\":\"1\",\"isPk\":\"1\",\"javaField\":\"id\",\"javaType\":\"Long\",\"list\":false,\"params\":{},\"pk\":true,\"query\":false,\"queryType\":\"EQ\",\"required\":false,\"sort\":1,\"superColumn\":false,\"tableId\":10,\"updateBy\":\"\",\"updateTime\":\"2023-07-25 14:01:51\",\"usableColumn\":false},{\"capJavaField\":\"Name\",\"columnComment\":\"行业名称\",\"columnId\":80,\"columnName\":\"name\",\"columnType\":\"varchar(100)\",\"createBy\":\"admin\",\"createTime\":\"2023-07-25 14:00:39\",\"dictType\":\"\",\"edit\":true,\"htmlType\":\"input\",\"increment\":false,\"insert\":true,\"isEdit\":\"1\",\"isIncrement\":\"0\",\"isInsert\":\"1\",\"isList\":\"1\",\"isPk\":\"0\",\"isQuery\":\"1\",\"javaField\":\"name\",\"javaType\":\"String\",\"list\":true,\"params\":{},\"pk\":false,\"query\":true,\"queryType\":\"LIKE\",\"required\":false,\"sort\":2,\"superColumn\":false,\"tableId\":10,\"updateBy\":\"\",\"updateTime\":\"2023-07-25 14:01:51\",\"usableColumn\":false},{\"capJavaField\":\"Description\",\"columnComment\":\"行业描述\",\"columnId\":81,\"columnName\":\"description\",\"columnType\":\"varchar(255)\",\"createBy\":\"admin\",\"createTime\":\"2023-07-25 14:00:39\",\"dictType\":\"\",\"edit\":true,\"htmlType\":\"input\",\"increment\":false,\"insert\":true,\"isEdit\":\"1\",\"isIncrement\":\"0\",\"isInsert\":\"1\",\"isList\":\"1\",\"isPk\":\"0\",\"isQuery\":\"1\",\"javaField\":\"description\",\"javaType\":\"String\",\"list\":true,\"params\":{},\"pk\":false,\"query\":true,\"queryType\":\"EQ\",\"required\":false,\"sort\":3,\"superColumn\":false,\"tableId\":10,\"updateBy\":\"\",\"updateTime\":\"2023-07-25 14:01:51\",\"usableColumn\":false}],\"crud\":true,\"functionAuthor\":\"张宇豪\",\"functionName\":\"行业分类单\",\"genPath\":\"/\",\"genType\":\"0\",\"moduleName\":\"carbon\",\"options\":\"{\\\"parentMenuId\\\":2000}\",\"packageName\":\"com.ruoyi.carbon\",\"params\":{\"parentMenuId\":2000},\"parentMenuId\":\"2000\",\"remark\":\"\",\"sub\":false,\"tableComment\":\"行业分类表单\",\"tableId\":10,\"ta', '{\"msg\":\"操作成功\",\"code\":200}', 0, NULL, '2023-07-25 14:02:03', 50);
INSERT INTO `sys_oper_log` VALUES (290, '代码生成', 8, 'com.ruoyi.generator.controller.GenController.batchGenCode()', 'GET', 1, 'admin', NULL, '/tool/gen/batchGenCode', '127.0.0.1', '内网IP', '{\"tables\":\"carbon_industry\"}', NULL, 0, NULL, '2023-07-25 14:19:37', 98);
INSERT INTO `sys_oper_log` VALUES (291, '代码生成', 8, 'com.ruoyi.generator.controller.GenController.batchGenCode()', 'GET', 1, 'admin', NULL, '/tool/gen/batchGenCode', '127.0.0.1', '内网IP', '{\"tables\":\"carbon_industry\"}', NULL, 0, NULL, '2023-07-25 14:20:55', 73);
INSERT INTO `sys_oper_log` VALUES (292, '行业分类单', 1, 'com.ruoyi.web.controller.carbon.back.CarbonIndustryController.add()', 'POST', 1, 'admin', NULL, '/carbon/industry', '127.0.0.1', '内网IP', '{\"description\":\"电子信息技术类\",\"id\":1,\"name\":\"计算机\",\"params\":{}}', '{\"msg\":\"操作成功\",\"code\":200}', 0, NULL, '2023-07-25 14:24:05', 43);
INSERT INTO `sys_oper_log` VALUES (293, '行业分类单', 1, 'com.ruoyi.web.controller.carbon.back.CarbonIndustryController.add()', 'POST', 1, 'admin', NULL, '/carbon/industry', '127.0.0.1', '内网IP', '{\"description\":\"卫生环境\",\"id\":2,\"name\":\"环境\",\"params\":{}}', '{\"msg\":\"操作成功\",\"code\":200}', 0, NULL, '2023-07-25 14:24:20', 14);
INSERT INTO `sys_oper_log` VALUES (294, '行业分类单', 2, 'com.ruoyi.web.controller.carbon.back.CarbonIndustryController.edit()', 'PUT', 1, 'admin', NULL, '/carbon/industry', '127.0.0.1', '内网IP', '{\"description\":\"电子信息技术类 + 人工智能\",\"id\":1,\"name\":\"计算机\",\"params\":{}}', '{\"msg\":\"操作成功\",\"code\":200}', 0, NULL, '2023-07-25 14:24:44', 34);
INSERT INTO `sys_oper_log` VALUES (295, '行业分类单', 3, 'com.ruoyi.web.controller.carbon.back.CarbonIndustryController.remove()', 'DELETE', 1, 'admin', NULL, '/carbon/industry/2', '127.0.0.1', '内网IP', '{}', '{\"msg\":\"操作成功\",\"code\":200}', 0, NULL, '2023-07-25 14:24:50', 46);
INSERT INTO `sys_oper_log` VALUES (296, '行业分类单', 1, 'com.ruoyi.web.controller.carbon.back.CarbonIndustryController.add()', 'POST', 1, 'admin', NULL, '/carbon/industry', '127.0.0.1', '内网IP', '{\"description\":\"电子商务 直播\",\"id\":3,\"name\":\"电子商务\",\"params\":{}}', '{\"msg\":\"操作成功\",\"code\":200}', 0, NULL, '2023-07-25 14:25:18', 85);
INSERT INTO `sys_oper_log` VALUES (297, '代码生成', 6, 'com.ruoyi.generator.controller.GenController.importTableSave()', 'POST', 1, 'admin', NULL, '/tool/gen/importTable', '127.0.0.1', '内网IP', '{\"tables\":\"carbon_resource_type\"}', '{\"msg\":\"操作成功\",\"code\":200}', 0, NULL, '2023-07-25 14:52:25', 150);
INSERT INTO `sys_oper_log` VALUES (298, '代码生成', 2, 'com.ruoyi.generator.controller.GenController.editSave()', 'PUT', 1, 'admin', NULL, '/tool/gen', '127.0.0.1', '内网IP', '{\"businessName\":\"type\",\"className\":\"CarbonResourceType\",\"columns\":[{\"capJavaField\":\"Id\",\"columnComment\":\"资源类型ID\",\"columnId\":82,\"columnName\":\"id\",\"columnType\":\"int\",\"createBy\":\"admin\",\"createTime\":\"2023-07-25 14:52:25\",\"dictType\":\"\",\"edit\":false,\"htmlType\":\"input\",\"increment\":true,\"insert\":true,\"isIncrement\":\"1\",\"isInsert\":\"1\",\"isPk\":\"1\",\"javaField\":\"id\",\"javaType\":\"Long\",\"list\":false,\"params\":{},\"pk\":true,\"query\":false,\"queryType\":\"EQ\",\"required\":false,\"sort\":1,\"superColumn\":false,\"tableId\":11,\"updateBy\":\"\",\"usableColumn\":false},{\"capJavaField\":\"ResourceType\",\"columnComment\":\"资源类型\",\"columnId\":83,\"columnName\":\"resource_type\",\"columnType\":\"varchar(50)\",\"createBy\":\"admin\",\"createTime\":\"2023-07-25 14:52:25\",\"dictType\":\"\",\"edit\":true,\"htmlType\":\"input\",\"increment\":false,\"insert\":true,\"isEdit\":\"1\",\"isIncrement\":\"0\",\"isInsert\":\"1\",\"isList\":\"1\",\"isPk\":\"0\",\"isQuery\":\"1\",\"isRequired\":\"1\",\"javaField\":\"resourceType\",\"javaType\":\"String\",\"list\":true,\"params\":{},\"pk\":false,\"query\":true,\"queryType\":\"EQ\",\"required\":true,\"sort\":2,\"superColumn\":false,\"tableId\":11,\"updateBy\":\"\",\"usableColumn\":false},{\"capJavaField\":\"Category\",\"columnComment\":\"资源大类\",\"columnId\":84,\"columnName\":\"category\",\"columnType\":\"varchar(50)\",\"createBy\":\"admin\",\"createTime\":\"2023-07-25 14:52:25\",\"dictType\":\"\",\"edit\":true,\"htmlType\":\"input\",\"increment\":false,\"insert\":true,\"isEdit\":\"1\",\"isIncrement\":\"0\",\"isInsert\":\"1\",\"isList\":\"1\",\"isPk\":\"0\",\"isQuery\":\"1\",\"isRequired\":\"1\",\"javaField\":\"category\",\"javaType\":\"String\",\"list\":true,\"params\":{},\"pk\":false,\"query\":true,\"queryType\":\"EQ\",\"required\":true,\"sort\":3,\"superColumn\":false,\"tableId\":11,\"updateBy\":\"\",\"usableColumn\":false},{\"capJavaField\":\"Description\",\"columnComment\":\"描述\",\"columnId\":85,\"columnName\":\"description\",\"columnType\":\"text\",\"createBy\":\"admin\",\"createTime\":\"2023-07-25 14:52:25\",\"dictType\":\"\",\"edit\":true,\"htmlType\":\"textarea\",\"increment\":false,\"insert\":true,\"isEdit\":\"1\",\"isIncrement\":\"0\",\"isInsert\":\"1\",\"isList\":\"1\",\"isPk\":\"0\",\"isQuery\":\"1\",\"javaField\":\"description', '{\"msg\":\"操作成功\",\"code\":200}', 0, NULL, '2023-07-25 14:53:04', 67);
INSERT INTO `sys_oper_log` VALUES (299, '代码生成', 2, 'com.ruoyi.generator.controller.GenController.editSave()', 'PUT', 1, 'admin', NULL, '/tool/gen', '127.0.0.1', '内网IP', '{\"businessName\":\"type\",\"className\":\"CarbonResourceType\",\"columns\":[{\"capJavaField\":\"Id\",\"columnComment\":\"资源类型ID\",\"columnId\":82,\"columnName\":\"id\",\"columnType\":\"int\",\"createBy\":\"admin\",\"createTime\":\"2023-07-25 14:52:25\",\"dictType\":\"\",\"edit\":false,\"htmlType\":\"input\",\"increment\":true,\"insert\":true,\"isIncrement\":\"1\",\"isInsert\":\"1\",\"isPk\":\"1\",\"javaField\":\"id\",\"javaType\":\"Long\",\"list\":false,\"params\":{},\"pk\":true,\"query\":false,\"queryType\":\"EQ\",\"required\":false,\"sort\":1,\"superColumn\":false,\"tableId\":11,\"updateBy\":\"\",\"updateTime\":\"2023-07-25 14:53:04\",\"usableColumn\":false},{\"capJavaField\":\"ResourceType\",\"columnComment\":\"资源类型\",\"columnId\":83,\"columnName\":\"resource_type\",\"columnType\":\"varchar(50)\",\"createBy\":\"admin\",\"createTime\":\"2023-07-25 14:52:25\",\"dictType\":\"\",\"edit\":true,\"htmlType\":\"input\",\"increment\":false,\"insert\":true,\"isEdit\":\"1\",\"isIncrement\":\"0\",\"isInsert\":\"1\",\"isList\":\"1\",\"isPk\":\"0\",\"isQuery\":\"1\",\"isRequired\":\"1\",\"javaField\":\"resourceType\",\"javaType\":\"String\",\"list\":true,\"params\":{},\"pk\":false,\"query\":true,\"queryType\":\"EQ\",\"required\":true,\"sort\":2,\"superColumn\":false,\"tableId\":11,\"updateBy\":\"\",\"updateTime\":\"2023-07-25 14:53:04\",\"usableColumn\":false},{\"capJavaField\":\"Category\",\"columnComment\":\"资源大类\",\"columnId\":84,\"columnName\":\"category\",\"columnType\":\"varchar(50)\",\"createBy\":\"admin\",\"createTime\":\"2023-07-25 14:52:25\",\"dictType\":\"\",\"edit\":true,\"htmlType\":\"input\",\"increment\":false,\"insert\":true,\"isEdit\":\"1\",\"isIncrement\":\"0\",\"isInsert\":\"1\",\"isList\":\"1\",\"isPk\":\"0\",\"isQuery\":\"1\",\"isRequired\":\"1\",\"javaField\":\"category\",\"javaType\":\"String\",\"list\":true,\"params\":{},\"pk\":false,\"query\":true,\"queryType\":\"EQ\",\"required\":true,\"sort\":3,\"superColumn\":false,\"tableId\":11,\"updateBy\":\"\",\"updateTime\":\"2023-07-25 14:53:04\",\"usableColumn\":false},{\"capJavaField\":\"Description\",\"columnComment\":\"描述\",\"columnId\":85,\"columnName\":\"description\",\"columnType\":\"text\",\"createBy\":\"admin\",\"createTime\":\"2023-07-25 14:52:25\",\"dictType\":\"\",\"edit\":true,\"htmlType\":\"textarea\",\"increment\":false,\"insert\":true,\"is', '{\"msg\":\"操作成功\",\"code\":200}', 0, NULL, '2023-07-25 14:53:23', 77);
INSERT INTO `sys_oper_log` VALUES (300, '代码生成', 2, 'com.ruoyi.generator.controller.GenController.editSave()', 'PUT', 1, 'admin', NULL, '/tool/gen', '127.0.0.1', '内网IP', '{\"businessName\":\"type\",\"className\":\"CarbonResourceType\",\"columns\":[{\"capJavaField\":\"Id\",\"columnComment\":\"资源类型ID\",\"columnId\":82,\"columnName\":\"id\",\"columnType\":\"int\",\"createBy\":\"admin\",\"createTime\":\"2023-07-25 14:52:25\",\"dictType\":\"\",\"edit\":false,\"htmlType\":\"input\",\"increment\":true,\"insert\":true,\"isIncrement\":\"1\",\"isInsert\":\"1\",\"isPk\":\"1\",\"javaField\":\"id\",\"javaType\":\"Long\",\"list\":false,\"params\":{},\"pk\":true,\"query\":false,\"queryType\":\"EQ\",\"required\":false,\"sort\":1,\"superColumn\":false,\"tableId\":11,\"updateBy\":\"\",\"updateTime\":\"2023-07-25 14:53:23\",\"usableColumn\":false},{\"capJavaField\":\"ResourceType\",\"columnComment\":\"资源类型\",\"columnId\":83,\"columnName\":\"resource_type\",\"columnType\":\"varchar(50)\",\"createBy\":\"admin\",\"createTime\":\"2023-07-25 14:52:25\",\"dictType\":\"\",\"edit\":true,\"htmlType\":\"input\",\"increment\":false,\"insert\":true,\"isEdit\":\"1\",\"isIncrement\":\"0\",\"isInsert\":\"1\",\"isList\":\"1\",\"isPk\":\"0\",\"isQuery\":\"1\",\"isRequired\":\"1\",\"javaField\":\"resourceType\",\"javaType\":\"String\",\"list\":true,\"params\":{},\"pk\":false,\"query\":true,\"queryType\":\"EQ\",\"required\":true,\"sort\":2,\"superColumn\":false,\"tableId\":11,\"updateBy\":\"\",\"updateTime\":\"2023-07-25 14:53:23\",\"usableColumn\":false},{\"capJavaField\":\"Category\",\"columnComment\":\"资源大类\",\"columnId\":84,\"columnName\":\"category\",\"columnType\":\"varchar(50)\",\"createBy\":\"admin\",\"createTime\":\"2023-07-25 14:52:25\",\"dictType\":\"\",\"edit\":true,\"htmlType\":\"input\",\"increment\":false,\"insert\":true,\"isEdit\":\"1\",\"isIncrement\":\"0\",\"isInsert\":\"1\",\"isList\":\"1\",\"isPk\":\"0\",\"isQuery\":\"1\",\"isRequired\":\"1\",\"javaField\":\"category\",\"javaType\":\"String\",\"list\":true,\"params\":{},\"pk\":false,\"query\":true,\"queryType\":\"EQ\",\"required\":true,\"sort\":3,\"superColumn\":false,\"tableId\":11,\"updateBy\":\"\",\"updateTime\":\"2023-07-25 14:53:23\",\"usableColumn\":false},{\"capJavaField\":\"Description\",\"columnComment\":\"描述\",\"columnId\":85,\"columnName\":\"description\",\"columnType\":\"text\",\"createBy\":\"admin\",\"createTime\":\"2023-07-25 14:52:25\",\"dictType\":\"\",\"edit\":true,\"htmlType\":\"textarea\",\"increment\":false,\"insert\":true,\"is', '{\"msg\":\"操作成功\",\"code\":200}', 0, NULL, '2023-07-25 14:53:44', 79);
INSERT INTO `sys_oper_log` VALUES (301, '代码生成', 8, 'com.ruoyi.generator.controller.GenController.batchGenCode()', 'GET', 1, 'admin', NULL, '/tool/gen/batchGenCode', '127.0.0.1', '内网IP', '{\"tables\":\"carbon_resource_type\"}', NULL, 0, NULL, '2023-07-25 14:53:54', 153);
INSERT INTO `sys_oper_log` VALUES (302, '菜单管理', 3, 'com.ruoyi.web.controller.system.SysMenuController.remove()', 'DELETE', 1, 'admin', NULL, '/system/menu/2045', '127.0.0.1', '内网IP', '{}', '{\"msg\":\"操作成功\",\"code\":200}', 0, NULL, '2023-07-25 15:07:06', 123);
INSERT INTO `sys_oper_log` VALUES (303, '菜单管理', 3, 'com.ruoyi.web.controller.system.SysMenuController.remove()', 'DELETE', 1, 'admin', NULL, '/system/menu/2046', '127.0.0.1', '内网IP', '{}', '{\"msg\":\"操作成功\",\"code\":200}', 0, NULL, '2023-07-25 15:07:11', 56);
INSERT INTO `sys_oper_log` VALUES (304, '菜单管理', 3, 'com.ruoyi.web.controller.system.SysMenuController.remove()', 'DELETE', 1, 'admin', NULL, '/system/menu/2047', '127.0.0.1', '内网IP', '{}', '{\"msg\":\"操作成功\",\"code\":200}', 0, NULL, '2023-07-25 15:07:15', 50);
INSERT INTO `sys_oper_log` VALUES (305, '菜单管理', 3, 'com.ruoyi.web.controller.system.SysMenuController.remove()', 'DELETE', 1, 'admin', NULL, '/system/menu/2048', '127.0.0.1', '内网IP', '{}', '{\"msg\":\"操作成功\",\"code\":200}', 0, NULL, '2023-07-25 15:07:19', 65);
INSERT INTO `sys_oper_log` VALUES (306, '菜单管理', 3, 'com.ruoyi.web.controller.system.SysMenuController.remove()', 'DELETE', 1, 'admin', NULL, '/system/menu/2049', '127.0.0.1', '内网IP', '{}', '{\"msg\":\"存在子菜单,不允许删除\",\"code\":601}', 0, NULL, '2023-07-25 15:07:31', 24);
INSERT INTO `sys_oper_log` VALUES (307, '菜单管理', 3, 'com.ruoyi.web.controller.system.SysMenuController.remove()', 'DELETE', 1, 'admin', NULL, '/system/menu/2050', '127.0.0.1', '内网IP', '{}', '{\"msg\":\"操作成功\",\"code\":200}', 0, NULL, '2023-07-25 15:07:36', 78);
INSERT INTO `sys_oper_log` VALUES (308, '菜单管理', 3, 'com.ruoyi.web.controller.system.SysMenuController.remove()', 'DELETE', 1, 'admin', NULL, '/system/menu/2051', '127.0.0.1', '内网IP', '{}', '{\"msg\":\"操作成功\",\"code\":200}', 0, NULL, '2023-07-25 15:07:39', 71);
INSERT INTO `sys_oper_log` VALUES (309, '菜单管理', 3, 'com.ruoyi.web.controller.system.SysMenuController.remove()', 'DELETE', 1, 'admin', NULL, '/system/menu/2052', '127.0.0.1', '内网IP', '{}', '{\"msg\":\"操作成功\",\"code\":200}', 0, NULL, '2023-07-25 15:07:43', 66);
INSERT INTO `sys_oper_log` VALUES (310, '菜单管理', 3, 'com.ruoyi.web.controller.system.SysMenuController.remove()', 'DELETE', 1, 'admin', NULL, '/system/menu/2053', '127.0.0.1', '内网IP', '{}', '{\"msg\":\"操作成功\",\"code\":200}', 0, NULL, '2023-07-25 15:07:47', 61);
INSERT INTO `sys_oper_log` VALUES (311, '菜单管理', 3, 'com.ruoyi.web.controller.system.SysMenuController.remove()', 'DELETE', 1, 'admin', NULL, '/system/menu/2054', '127.0.0.1', '内网IP', '{}', '{\"msg\":\"操作成功\",\"code\":200}', 0, NULL, '2023-07-25 15:07:51', 55);
INSERT INTO `sys_oper_log` VALUES (312, '菜单管理', 3, 'com.ruoyi.web.controller.system.SysMenuController.remove()', 'DELETE', 1, 'admin', NULL, '/system/menu/2049', '127.0.0.1', '内网IP', '{}', '{\"msg\":\"操作成功\",\"code\":200}', 0, NULL, '2023-07-25 15:07:55', 63);
INSERT INTO `sys_oper_log` VALUES (313, '菜单管理', 1, 'com.ruoyi.web.controller.system.SysMenuController.add()', 'POST', 1, 'admin', NULL, '/system/menu', '127.0.0.1', '内网IP', '{\"children\":[],\"createBy\":\"admin\",\"icon\":\"zip\",\"isCache\":\"0\",\"isFrame\":\"1\",\"menuName\":\"排放资源类型\",\"menuType\":\"M\",\"orderNum\":2,\"params\":{},\"parentId\":2000,\"path\":\"carbon/type/index\",\"status\":\"0\",\"visible\":\"0\"}', '{\"msg\":\"操作成功\",\"code\":200}', 0, NULL, '2023-07-25 15:09:53', 30);
INSERT INTO `sys_oper_log` VALUES (314, '代码生成', 2, 'com.ruoyi.generator.controller.GenController.editSave()', 'PUT', 1, 'admin', NULL, '/tool/gen', '127.0.0.1', '内网IP', '{\"businessName\":\"type\",\"className\":\"CarbonResourceType\",\"columns\":[{\"capJavaField\":\"Id\",\"columnComment\":\"资源类型ID\",\"columnId\":82,\"columnName\":\"id\",\"columnType\":\"int\",\"createBy\":\"admin\",\"createTime\":\"2023-07-25 14:52:25\",\"dictType\":\"\",\"edit\":false,\"htmlType\":\"input\",\"increment\":true,\"insert\":true,\"isIncrement\":\"1\",\"isInsert\":\"1\",\"isPk\":\"1\",\"javaField\":\"id\",\"javaType\":\"Long\",\"list\":false,\"params\":{},\"pk\":true,\"query\":false,\"queryType\":\"EQ\",\"required\":false,\"sort\":1,\"superColumn\":false,\"tableId\":11,\"updateBy\":\"\",\"updateTime\":\"2023-07-25 14:53:44\",\"usableColumn\":false},{\"capJavaField\":\"ResourceType\",\"columnComment\":\"资源类型\",\"columnId\":83,\"columnName\":\"resource_type\",\"columnType\":\"varchar(50)\",\"createBy\":\"admin\",\"createTime\":\"2023-07-25 14:52:25\",\"dictType\":\"\",\"edit\":true,\"htmlType\":\"input\",\"increment\":false,\"insert\":true,\"isEdit\":\"1\",\"isIncrement\":\"0\",\"isInsert\":\"1\",\"isList\":\"1\",\"isPk\":\"0\",\"isQuery\":\"1\",\"isRequired\":\"1\",\"javaField\":\"resourceType\",\"javaType\":\"String\",\"list\":true,\"params\":{},\"pk\":false,\"query\":true,\"queryType\":\"EQ\",\"required\":true,\"sort\":2,\"superColumn\":false,\"tableId\":11,\"updateBy\":\"\",\"updateTime\":\"2023-07-25 14:53:44\",\"usableColumn\":false},{\"capJavaField\":\"Category\",\"columnComment\":\"资源大类\",\"columnId\":84,\"columnName\":\"category\",\"columnType\":\"varchar(50)\",\"createBy\":\"admin\",\"createTime\":\"2023-07-25 14:52:25\",\"dictType\":\"\",\"edit\":true,\"htmlType\":\"input\",\"increment\":false,\"insert\":true,\"isEdit\":\"1\",\"isIncrement\":\"0\",\"isInsert\":\"1\",\"isList\":\"1\",\"isPk\":\"0\",\"isQuery\":\"1\",\"isRequired\":\"1\",\"javaField\":\"category\",\"javaType\":\"String\",\"list\":true,\"params\":{},\"pk\":false,\"query\":true,\"queryType\":\"EQ\",\"required\":true,\"sort\":3,\"superColumn\":false,\"tableId\":11,\"updateBy\":\"\",\"updateTime\":\"2023-07-25 14:53:44\",\"usableColumn\":false},{\"capJavaField\":\"Description\",\"columnComment\":\"描述\",\"columnId\":85,\"columnName\":\"description\",\"columnType\":\"text\",\"createBy\":\"admin\",\"createTime\":\"2023-07-25 14:52:25\",\"dictType\":\"\",\"edit\":true,\"htmlType\":\"textarea\",\"increment\":false,\"insert\":true,\"is', '{\"msg\":\"操作成功\",\"code\":200}', 0, NULL, '2023-07-25 15:11:37', 88);
INSERT INTO `sys_oper_log` VALUES (315, '菜单管理', 3, 'com.ruoyi.web.controller.system.SysMenuController.remove()', 'DELETE', 1, 'admin', NULL, '/system/menu/2055', '127.0.0.1', '内网IP', '{}', '{\"msg\":\"操作成功\",\"code\":200}', 0, NULL, '2023-07-25 15:11:51', 62);
INSERT INTO `sys_oper_log` VALUES (316, '代码生成', 2, 'com.ruoyi.generator.controller.GenController.editSave()', 'PUT', 1, 'admin', NULL, '/tool/gen', '127.0.0.1', '内网IP', '{\"businessName\":\"type\",\"className\":\"CarbonResourceType\",\"columns\":[{\"capJavaField\":\"Id\",\"columnComment\":\"资源类型ID\",\"columnId\":82,\"columnName\":\"id\",\"columnType\":\"int\",\"createBy\":\"admin\",\"createTime\":\"2023-07-25 14:52:25\",\"dictType\":\"\",\"edit\":false,\"htmlType\":\"input\",\"increment\":true,\"insert\":true,\"isIncrement\":\"1\",\"isInsert\":\"1\",\"isPk\":\"1\",\"javaField\":\"id\",\"javaType\":\"Long\",\"list\":false,\"params\":{},\"pk\":true,\"query\":false,\"queryType\":\"EQ\",\"required\":false,\"sort\":1,\"superColumn\":false,\"tableId\":11,\"updateBy\":\"\",\"updateTime\":\"2023-07-25 15:11:37\",\"usableColumn\":false},{\"capJavaField\":\"ResourceType\",\"columnComment\":\"资源类型\",\"columnId\":83,\"columnName\":\"resource_type\",\"columnType\":\"varchar(50)\",\"createBy\":\"admin\",\"createTime\":\"2023-07-25 14:52:25\",\"dictType\":\"\",\"edit\":true,\"htmlType\":\"input\",\"increment\":false,\"insert\":true,\"isEdit\":\"1\",\"isIncrement\":\"0\",\"isInsert\":\"1\",\"isList\":\"1\",\"isPk\":\"0\",\"isQuery\":\"1\",\"isRequired\":\"1\",\"javaField\":\"resourceType\",\"javaType\":\"String\",\"list\":true,\"params\":{},\"pk\":false,\"query\":true,\"queryType\":\"EQ\",\"required\":true,\"sort\":2,\"superColumn\":false,\"tableId\":11,\"updateBy\":\"\",\"updateTime\":\"2023-07-25 15:11:37\",\"usableColumn\":false},{\"capJavaField\":\"Category\",\"columnComment\":\"资源大类\",\"columnId\":84,\"columnName\":\"category\",\"columnType\":\"varchar(50)\",\"createBy\":\"admin\",\"createTime\":\"2023-07-25 14:52:25\",\"dictType\":\"\",\"edit\":true,\"htmlType\":\"input\",\"increment\":false,\"insert\":true,\"isEdit\":\"1\",\"isIncrement\":\"0\",\"isInsert\":\"1\",\"isList\":\"1\",\"isPk\":\"0\",\"isQuery\":\"1\",\"isRequired\":\"1\",\"javaField\":\"category\",\"javaType\":\"String\",\"list\":true,\"params\":{},\"pk\":false,\"query\":true,\"queryType\":\"EQ\",\"required\":true,\"sort\":3,\"superColumn\":false,\"tableId\":11,\"updateBy\":\"\",\"updateTime\":\"2023-07-25 15:11:37\",\"usableColumn\":false},{\"capJavaField\":\"Description\",\"columnComment\":\"描述\",\"columnId\":85,\"columnName\":\"description\",\"columnType\":\"text\",\"createBy\":\"admin\",\"createTime\":\"2023-07-25 14:52:25\",\"dictType\":\"\",\"edit\":true,\"htmlType\":\"textarea\",\"increment\":false,\"insert\":true,\"is', '{\"msg\":\"操作成功\",\"code\":200}', 0, NULL, '2023-07-25 15:12:38', 82);
INSERT INTO `sys_oper_log` VALUES (317, '资源类型数据', 1, 'com.ruoyi.web.controller.carbon.back.ResourceTypeController.add()', 'POST', 1, 'admin', NULL, '/carbon/type', '127.0.0.1', '内网IP', '{\"category\":\"燃烧类\",\"description\":\"难讲解的塑料袋使用燃烧的方式\",\"id\":1,\"params\":{},\"resourceType\":\"塑料袋\"}', '{\"msg\":\"操作成功\",\"code\":200}', 0, NULL, '2023-07-25 15:16:11', 56);
INSERT INTO `sys_oper_log` VALUES (318, '资源类型数据', 1, 'com.ruoyi.web.controller.carbon.back.ResourceTypeController.add()', 'POST', 1, 'admin', NULL, '/carbon/type', '127.0.0.1', '内网IP', '{\"category\":\"工业生产\",\"description\":\"废水属于是工业生产的大类\",\"id\":2,\"params\":{},\"resourceType\":\"废水\"}', '{\"msg\":\"操作成功\",\"code\":200}', 0, NULL, '2023-07-25 15:16:52', 22);
INSERT INTO `sys_oper_log` VALUES (319, '资源类型数据', 1, 'com.ruoyi.web.controller.carbon.back.ResourceTypeController.add()', 'POST', 1, 'admin', NULL, '/carbon/type', '127.0.0.1', '内网IP', '{\"category\":\"交通大类\",\"description\":\"汽车的尾气是属于交通大类\",\"id\":3,\"params\":{},\"resourceType\":\"汽车尾气\"}', '{\"msg\":\"操作成功\",\"code\":200}', 0, NULL, '2023-07-25 15:17:41', 23);
INSERT INTO `sys_oper_log` VALUES (320, '资源类型数据', 2, 'com.ruoyi.web.controller.carbon.back.ResourceTypeController.edit()', 'PUT', 1, 'admin', NULL, '/carbon/type', '127.0.0.1', '内网IP', '{\"category\":\"燃烧类\",\"createdAt\":\"2023-07-25 15:16:11\",\"description\":\"难讲解的塑料袋使用燃烧\",\"id\":1,\"params\":{},\"resourceType\":\"塑料袋\",\"updatedAt\":\"2023-07-25 15:16:11\"}', '{\"msg\":\"操作成功\",\"code\":200}', 0, NULL, '2023-07-25 15:18:38', 36);
INSERT INTO `sys_oper_log` VALUES (321, '代码生成', 6, 'com.ruoyi.generator.controller.GenController.importTableSave()', 'POST', 1, 'admin', NULL, '/tool/gen/importTable', '127.0.0.1', '内网IP', '{\"tables\":\"emission_method\"}', '{\"msg\":\"操作成功\",\"code\":200}', 0, NULL, '2023-07-25 15:22:17', 116);
INSERT INTO `sys_oper_log` VALUES (322, '代码生成', 2, 'com.ruoyi.generator.controller.GenController.editSave()', 'PUT', 1, 'admin', NULL, '/tool/gen', '127.0.0.1', '内网IP', '{\"businessName\":\"method\",\"className\":\"EmissionMethod\",\"columns\":[{\"capJavaField\":\"Id\",\"columnComment\":\"排放的方式ID\",\"columnId\":88,\"columnName\":\"id\",\"columnType\":\"int\",\"createBy\":\"admin\",\"createTime\":\"2023-07-25 15:22:17\",\"dictType\":\"\",\"edit\":false,\"htmlType\":\"input\",\"increment\":true,\"insert\":true,\"isIncrement\":\"1\",\"isInsert\":\"1\",\"isPk\":\"1\",\"javaField\":\"id\",\"javaType\":\"Long\",\"list\":false,\"params\":{},\"pk\":true,\"query\":false,\"queryType\":\"EQ\",\"required\":false,\"sort\":1,\"superColumn\":false,\"tableId\":12,\"updateBy\":\"\",\"usableColumn\":false},{\"capJavaField\":\"Name\",\"columnComment\":\"排放的方式名称\",\"columnId\":89,\"columnName\":\"name\",\"columnType\":\"varchar(100)\",\"createBy\":\"admin\",\"createTime\":\"2023-07-25 15:22:17\",\"dictType\":\"\",\"edit\":true,\"htmlType\":\"input\",\"increment\":false,\"insert\":true,\"isEdit\":\"1\",\"isIncrement\":\"0\",\"isInsert\":\"1\",\"isList\":\"1\",\"isPk\":\"0\",\"isQuery\":\"1\",\"javaField\":\"name\",\"javaType\":\"String\",\"list\":true,\"params\":{},\"pk\":false,\"query\":true,\"queryType\":\"LIKE\",\"required\":false,\"sort\":2,\"superColumn\":false,\"tableId\":12,\"updateBy\":\"\",\"usableColumn\":false},{\"capJavaField\":\"Description\",\"columnComment\":\"排放方式的描述\",\"columnId\":90,\"columnName\":\"description\",\"columnType\":\"text\",\"createBy\":\"admin\",\"createTime\":\"2023-07-25 15:22:17\",\"dictType\":\"\",\"edit\":true,\"htmlType\":\"textarea\",\"increment\":false,\"insert\":true,\"isEdit\":\"1\",\"isIncrement\":\"0\",\"isInsert\":\"1\",\"isList\":\"1\",\"isPk\":\"0\",\"isQuery\":\"1\",\"javaField\":\"description\",\"javaType\":\"String\",\"list\":true,\"params\":{},\"pk\":false,\"query\":true,\"queryType\":\"EQ\",\"required\":false,\"sort\":3,\"superColumn\":false,\"tableId\":12,\"updateBy\":\"\",\"usableColumn\":false}],\"crud\":true,\"functionAuthor\":\"张宇豪\",\"functionName\":\"排放方式的\",\"genPath\":\"/\",\"genType\":\"0\",\"moduleName\":\"carbon\",\"options\":\"{\\\"parentMenuId\\\":2000}\",\"packageName\":\"com.ruoyi.carbon\",\"params\":{\"parentMenuId\":2000},\"parentMenuId\":\"2000\",\"sub\":false,\"tableComment\":\"排放方式的表\",\"tableId\":12,\"tableName\":\"emission_method\",\"tplCategory\":\"crud\",\"tree\":false}', '{\"msg\":\"操作成功\",\"code\":200}', 0, NULL, '2023-07-25 15:22:55', 57);
INSERT INTO `sys_oper_log` VALUES (323, '代码生成', 8, 'com.ruoyi.generator.controller.GenController.batchGenCode()', 'GET', 1, 'admin', NULL, '/tool/gen/batchGenCode', '127.0.0.1', '内网IP', '{\"tables\":\"emission_method\"}', NULL, 0, NULL, '2023-07-25 15:22:58', 88);
INSERT INTO `sys_oper_log` VALUES (324, '菜单管理', 3, 'com.ruoyi.web.controller.system.SysMenuController.remove()', 'DELETE', 1, 'admin', NULL, '/system/menu/2063', '127.0.0.1', '内网IP', '{}', '{\"msg\":\"操作成功\",\"code\":200}', 0, NULL, '2023-07-25 15:35:42', 118);
INSERT INTO `sys_oper_log` VALUES (325, '菜单管理', 3, 'com.ruoyi.web.controller.system.SysMenuController.remove()', 'DELETE', 1, 'admin', NULL, '/system/menu/2067', '127.0.0.1', '内网IP', '{}', '{\"msg\":\"操作成功\",\"code\":200}', 0, NULL, '2023-07-25 15:35:46', 72);
INSERT INTO `sys_oper_log` VALUES (326, '菜单管理', 3, 'com.ruoyi.web.controller.system.SysMenuController.remove()', 'DELETE', 1, 'admin', NULL, '/system/menu/2064', '127.0.0.1', '内网IP', '{}', '{\"msg\":\"操作成功\",\"code\":200}', 0, NULL, '2023-07-25 15:35:52', 71);
INSERT INTO `sys_oper_log` VALUES (327, '菜单管理', 3, 'com.ruoyi.web.controller.system.SysMenuController.remove()', 'DELETE', 1, 'admin', NULL, '/system/menu/2062', '127.0.0.1', '内网IP', '{}', '{\"msg\":\"操作成功\",\"code\":200}', 0, NULL, '2023-07-25 15:35:56', 58);
INSERT INTO `sys_oper_log` VALUES (328, '菜单管理', 3, 'com.ruoyi.web.controller.system.SysMenuController.remove()', 'DELETE', 1, 'admin', NULL, '/system/menu/2069', '127.0.0.1', '内网IP', '{}', '{\"msg\":\"操作成功\",\"code\":200}', 0, NULL, '2023-07-25 15:36:07', 60);
INSERT INTO `sys_oper_log` VALUES (329, '菜单管理', 3, 'com.ruoyi.web.controller.system.SysMenuController.remove()', 'DELETE', 1, 'admin', NULL, '/system/menu/2070', '127.0.0.1', '内网IP', '{}', '{\"msg\":\"存在子菜单,不允许删除\",\"code\":601}', 0, NULL, '2023-07-25 15:36:10', 20);
INSERT INTO `sys_oper_log` VALUES (330, '菜单管理', 3, 'com.ruoyi.web.controller.system.SysMenuController.remove()', 'DELETE', 1, 'admin', NULL, '/system/menu/2068', '127.0.0.1', '内网IP', '{}', '{\"msg\":\"操作成功\",\"code\":200}', 0, NULL, '2023-07-25 15:36:14', 60);
INSERT INTO `sys_oper_log` VALUES (331, '菜单管理', 3, 'com.ruoyi.web.controller.system.SysMenuController.remove()', 'DELETE', 1, 'admin', NULL, '/system/menu/2085', '127.0.0.1', '内网IP', '{}', '{\"msg\":\"操作成功\",\"code\":200}', 0, NULL, '2023-07-25 15:36:22', 64);
INSERT INTO `sys_oper_log` VALUES (332, '菜单管理', 3, 'com.ruoyi.web.controller.system.SysMenuController.remove()', 'DELETE', 1, 'admin', NULL, '/system/menu/2082', '127.0.0.1', '内网IP', '{}', '{\"msg\":\"操作成功\",\"code\":200}', 0, NULL, '2023-07-25 15:36:25', 66);
INSERT INTO `sys_oper_log` VALUES (333, '菜单管理', 3, 'com.ruoyi.web.controller.system.SysMenuController.remove()', 'DELETE', 1, 'admin', NULL, '/system/menu/2076', '127.0.0.1', '内网IP', '{}', '{\"msg\":\"操作成功\",\"code\":200}', 0, NULL, '2023-07-25 15:36:28', 69);
INSERT INTO `sys_oper_log` VALUES (334, '菜单管理', 3, 'com.ruoyi.web.controller.system.SysMenuController.remove()', 'DELETE', 1, 'admin', NULL, '/system/menu/2084', '127.0.0.1', '内网IP', '{}', '{\"msg\":\"操作成功\",\"code\":200}', 0, NULL, '2023-07-25 15:36:32', 76);
INSERT INTO `sys_oper_log` VALUES (335, '菜单管理', 3, 'com.ruoyi.web.controller.system.SysMenuController.remove()', 'DELETE', 1, 'admin', NULL, '/system/menu/2083', '127.0.0.1', '内网IP', '{}', '{\"msg\":\"操作成功\",\"code\":200}', 0, NULL, '2023-07-25 15:36:35', 54);
INSERT INTO `sys_oper_log` VALUES (336, '菜单管理', 3, 'com.ruoyi.web.controller.system.SysMenuController.remove()', 'DELETE', 1, 'admin', NULL, '/system/menu/2074', '127.0.0.1', '内网IP', '{}', '{\"msg\":\"操作成功\",\"code\":200}', 0, NULL, '2023-07-25 15:36:39', 56);
INSERT INTO `sys_oper_log` VALUES (337, '菜单管理', 3, 'com.ruoyi.web.controller.system.SysMenuController.remove()', 'DELETE', 1, 'admin', NULL, '/system/menu/2071', '127.0.0.1', '内网IP', '{}', '{\"msg\":\"操作成功\",\"code\":200}', 0, NULL, '2023-07-25 15:36:42', 51);
INSERT INTO `sys_oper_log` VALUES (338, '菜单管理', 3, 'com.ruoyi.web.controller.system.SysMenuController.remove()', 'DELETE', 1, 'admin', NULL, '/system/menu/2073', '127.0.0.1', '内网IP', '{}', '{\"msg\":\"操作成功\",\"code\":200}', 0, NULL, '2023-07-25 15:36:46', 56);
INSERT INTO `sys_oper_log` VALUES (339, '菜单管理', 3, 'com.ruoyi.web.controller.system.SysMenuController.remove()', 'DELETE', 1, 'admin', NULL, '/system/menu/2070', '127.0.0.1', '内网IP', '{}', '{\"msg\":\"存在子菜单,不允许删除\",\"code\":601}', 0, NULL, '2023-07-25 15:36:49', 21);
INSERT INTO `sys_oper_log` VALUES (340, '菜单管理', 3, 'com.ruoyi.web.controller.system.SysMenuController.remove()', 'DELETE', 1, 'admin', NULL, '/system/menu/2078', '127.0.0.1', '内网IP', '{}', '{\"msg\":\"操作成功\",\"code\":200}', 0, NULL, '2023-07-25 15:36:52', 53);
INSERT INTO `sys_oper_log` VALUES (341, '菜单管理', 3, 'com.ruoyi.web.controller.system.SysMenuController.remove()', 'DELETE', 1, 'admin', NULL, '/system/menu/2075', '127.0.0.1', '内网IP', '{}', '{\"msg\":\"操作成功\",\"code\":200}', 0, NULL, '2023-07-25 15:36:55', 79);
INSERT INTO `sys_oper_log` VALUES (342, '菜单管理', 3, 'com.ruoyi.web.controller.system.SysMenuController.remove()', 'DELETE', 1, 'admin', NULL, '/system/menu/2077', '127.0.0.1', '内网IP', '{}', '{\"msg\":\"操作成功\",\"code\":200}', 0, NULL, '2023-07-25 15:36:59', 53);
INSERT INTO `sys_oper_log` VALUES (343, '菜单管理', 3, 'com.ruoyi.web.controller.system.SysMenuController.remove()', 'DELETE', 1, 'admin', NULL, '/system/menu/2081', '127.0.0.1', '内网IP', '{}', '{\"msg\":\"操作成功\",\"code\":200}', 0, NULL, '2023-07-25 15:37:02', 53);
INSERT INTO `sys_oper_log` VALUES (344, '菜单管理', 3, 'com.ruoyi.web.controller.system.SysMenuController.remove()', 'DELETE', 1, 'admin', NULL, '/system/menu/2072', '127.0.0.1', '内网IP', '{}', '{\"msg\":\"操作成功\",\"code\":200}', 0, NULL, '2023-07-25 15:37:06', 53);
INSERT INTO `sys_oper_log` VALUES (345, '菜单管理', 3, 'com.ruoyi.web.controller.system.SysMenuController.remove()', 'DELETE', 1, 'admin', NULL, '/system/menu/2079', '127.0.0.1', '内网IP', '{}', '{\"msg\":\"操作成功\",\"code\":200}', 0, NULL, '2023-07-25 15:37:09', 62);
INSERT INTO `sys_oper_log` VALUES (346, '菜单管理', 3, 'com.ruoyi.web.controller.system.SysMenuController.remove()', 'DELETE', 1, 'admin', NULL, '/system/menu/2080', '127.0.0.1', '内网IP', '{}', '{\"msg\":\"操作成功\",\"code\":200}', 0, NULL, '2023-07-25 15:37:13', 47);
INSERT INTO `sys_oper_log` VALUES (347, '菜单管理', 3, 'com.ruoyi.web.controller.system.SysMenuController.remove()', 'DELETE', 1, 'admin', NULL, '/system/menu/2070', '127.0.0.1', '内网IP', '{}', '{\"msg\":\"操作成功\",\"code\":200}', 0, NULL, '2023-07-25 15:37:17', 74);
INSERT INTO `sys_oper_log` VALUES (348, '菜单管理', 3, 'com.ruoyi.web.controller.system.SysMenuController.remove()', 'DELETE', 1, 'admin', NULL, '/system/menu/2066', '127.0.0.1', '内网IP', '{}', '{\"msg\":\"操作成功\",\"code\":200}', 0, NULL, '2023-07-25 15:37:20', 64);
INSERT INTO `sys_oper_log` VALUES (349, '菜单管理', 3, 'com.ruoyi.web.controller.system.SysMenuController.remove()', 'DELETE', 1, 'admin', NULL, '/system/menu/2065', '127.0.0.1', '内网IP', '{}', '{\"msg\":\"操作成功\",\"code\":200}', 0, NULL, '2023-07-25 15:37:24', 54);
INSERT INTO `sys_oper_log` VALUES (350, '排放方式的', 1, 'com.ruoyi.web.controller.carbon.back.EmissionMethodController.add()', 'POST', 1, 'admin', NULL, '/carbon/method', '127.0.0.1', '内网IP', '{\"description\":\"例如是废水\",\"id\":1,\"name\":\"直接排放\",\"params\":{}}', '{\"msg\":\"操作成功\",\"code\":200}', 0, NULL, '2023-07-25 15:38:29', 33);
INSERT INTO `sys_oper_log` VALUES (351, '排放方式的', 1, 'com.ruoyi.web.controller.carbon.back.EmissionMethodController.add()', 'POST', 1, 'admin', NULL, '/carbon/method', '127.0.0.1', '内网IP', '{\"description\":\"某物\",\"id\":2,\"name\":\"间接排放\",\"params\":{}}', '{\"msg\":\"操作成功\",\"code\":200}', 0, NULL, '2023-07-25 15:38:43', 12);
INSERT INTO `sys_oper_log` VALUES (352, '排放方式的', 1, 'com.ruoyi.web.controller.carbon.back.EmissionMethodController.add()', 'POST', 1, 'admin', NULL, '/carbon/method', '127.0.0.1', '内网IP', '{\"description\":\"塑料\",\"id\":3,\"name\":\"燃烧\",\"params\":{}}', '{\"msg\":\"操作成功\",\"code\":200}', 0, NULL, '2023-07-25 15:38:57', 21);
INSERT INTO `sys_oper_log` VALUES (353, '排放方式的', 2, 'com.ruoyi.web.controller.carbon.back.EmissionMethodController.edit()', 'PUT', 1, 'admin', NULL, '/carbon/method', '127.0.0.1', '内网IP', '{\"description\":\"塑料以及尼龙\",\"id\":3,\"name\":\"燃烧\",\"params\":{}}', '{\"msg\":\"操作成功\",\"code\":200}', 0, NULL, '2023-07-25 15:39:08', 39);
INSERT INTO `sys_oper_log` VALUES (354, '企业出售资产', 1, 'com.ruoyi.web.controller.carbon.front.IsEnterpriseController.sellByEnterpriseAsset()', 'POST', 1, 'admin', NULL, '/enterprise/sell', '127.0.0.1', '内网IP', '{\"amount\":100,\"quality\":50,\"userAddress\":\"0xc1cce2168f9eedf146fb2659f5e200314f2ba25f\"}', '{\"msg\":\"出售失败\",\"code\":500}', 0, NULL, '2023-07-25 16:47:27', 1449);
INSERT INTO `sys_oper_log` VALUES (355, '企业出售资产', 1, 'com.ruoyi.web.controller.carbon.front.IsEnterpriseController.sellByEnterpriseAsset()', 'POST', 1, 'admin', NULL, '/enterprise/sell', '127.0.0.1', '内网IP', '{\"amount\":100,\"quality\":50,\"userAddress\":\"0xc1cce2168f9eedf146fb2659f5e200314f2ba25f\"}', '{\"msg\":\"出售失败\",\"code\":500}', 0, NULL, '2023-07-25 16:48:07', 369);
INSERT INTO `sys_oper_log` VALUES (356, '企业出售资产', 1, 'com.ruoyi.web.controller.carbon.front.IsEnterpriseController.sellByEnterpriseAsset()', 'POST', 1, 'admin', NULL, '/enterprise/sell', '127.0.0.1', '内网IP', '{\"amount\":100,\"quality\":50,\"userAddress\":\"0xc1cce2168f9eedf146fb2659f5e200314f2ba25f\"}', '{\"msg\":\"出售成功\",\"assetOrder\":{\"assetAmount\":100,\"assetId\":5,\"assetQuantity\":50,\"enterpriseAddress\":\"0xc1cce2168f9eedf146fb2659f5e200314f2ba25f\",\"enterpriseId\":3,\"params\":{},\"status\":1,\"time\":\"2023-07-25 16:49:49\"},\"code\":200}', 0, NULL, '2023-07-25 16:49:49', 876);
INSERT INTO `sys_oper_log` VALUES (357, '查询企业的所有交易', 0, 'com.ruoyi.web.controller.carbon.front.IsQueryController.queryEnterpriseTxList()', 'GET', 1, 'admin', NULL, '/query/enterpriseTxList', '127.0.0.1', '内网IP', '{\"enterprise\":\"深圳市有限公司\"}', '{\"msg\":\"txList\",\"total\":11,\"code\":200,\"data\":[{\"buyAddress\":\"0x32d45563a364b56ba2d8fb73b1970399b23d3330\",\"buyerId\":1,\"params\":{},\"sellerAddress\":\"0xd2a1f6706dfddf00a11a035a1fc5eae35b4d7551\",\"sellerId\":2,\"transactionId\":2,\"transactionOrderName\":\"碳额度交易\",\"transactionQuantity\":5,\"transactionTime\":\"2023-07-13 16:45:57\"},{\"buyAddress\":\"0x32d45563a364b56ba2d8fb73b1970399b23d3330\",\"buyerId\":1,\"params\":{},\"sellerAddress\":\"0xd2a1f6706dfddf00a11a035a1fc5eae35b4d7551\",\"sellerId\":2,\"transactionId\":3,\"transactionOrderName\":\"碳额度交易\",\"transactionQuantity\":5,\"transactionTime\":\"2023-07-13 16:52:36\"},{\"buyAddress\":\"0x32d45563a364b56ba2d8fb73b1970399b23d3330\",\"buyerId\":1,\"params\":{},\"sellerAddress\":\"0xd2a1f6706dfddf00a11a035a1fc5eae35b4d7551\",\"sellerId\":2,\"transactionId\":4,\"transactionOrderName\":\"碳额度交易\",\"transactionQuantity\":5,\"transactionTime\":\"2023-07-13 16:59:26\",\"txHash\":\"0x1ba717da8af41c888306bb372a35b5b70c88c114d6bca9224f04534afa289990\"},{\"buyAddress\":\"0x32d45563a364b56ba2d8fb73b1970399b23d3330\",\"buyerId\":1,\"params\":{},\"sellerAddress\":\"0xd2a1f6706dfddf00a11a035a1fc5eae35b4d7551\",\"sellerId\":2,\"transactionId\":6,\"transactionOrderName\":\"碳额度交易\",\"transactionQuantity\":1,\"transactionTime\":\"2023-07-13 17:12:24\",\"txHash\":\"0xacc9049aad48a930836b595a9be5e170d047380a62ff4e65b1c8cb742d63eec5\"},{\"buyAddress\":\"0x32d45563a364b56ba2d8fb73b1970399b23d3330\",\"buyerId\":1,\"params\":{},\"sellerAddress\":\"0xd2a1f6706dfddf00a11a035a1fc5eae35b4d7551\",\"sellerId\":2,\"transactionId\":7,\"transactionOrderName\":\"碳额度交易\",\"transactionQuantity\":1,\"transactionTime\":\"2023-07-13 17:12:30\",\"txHash\":\"0x069ebd09b03282177149e583644b27ee007168b07cd173cf8468706f1a6cd6c8\"},{\"buyAddress\":\"0x32d45563a364b56ba2d8fb73b1970399b23d3330\",\"buyerId\":1,\"params\":{},\"sellerAddress\":\"0xd2a1f6706dfddf00a11a035a1fc5eae35b4d7551\",\"sellerId\":2,\"transactionId\":8,\"transactionOrderName\":\"碳额度交易\",\"transactionQuantity\":1,\"transactionTime\":\"2023-07-13 17:12:32\",\"txHash\":\"0x146403a6dca7d93a18f585b2efec047b227c73971e17ddfadb7bb08792aeea4c\"},{\"buyAddress\":\"0', 0, NULL, '2023-07-25 16:52:30', 67);
INSERT INTO `sys_oper_log` VALUES (358, '查询企业的所有出售记录', 0, 'com.ruoyi.web.controller.carbon.front.IsQueryController.queryEnterpriseAssetList()', 'GET', 1, 'admin', NULL, '/query/enterpriseAList', '127.0.0.1', '内网IP', '{\"enterprise\":\"人力资源有限公司\"}', '{\"msg\":\"查询成功\",\"total\":3,\"code\":200,\"data\":[{\"assetAmount\":100,\"assetId\":3,\"assetQuantity\":50,\"enterpriseAddress\":\"0xc1cce2168f9eedf146fb2659f5e200314f2ba25f\",\"enterpriseId\":3,\"params\":{},\"status\":1,\"time\":\"2023-07-25 16:47:26\"},{\"assetAmount\":100,\"assetId\":4,\"assetQuantity\":50,\"enterpriseAddress\":\"0xc1cce2168f9eedf146fb2659f5e200314f2ba25f\",\"enterpriseId\":3,\"params\":{},\"status\":1,\"time\":\"2023-07-25 16:48:06\"},{\"assetAmount\":100,\"assetId\":5,\"assetQuantity\":50,\"enterpriseAddress\":\"0xc1cce2168f9eedf146fb2659f5e200314f2ba25f\",\"enterpriseId\":3,\"params\":{},\"status\":1,\"time\":\"2023-07-25 16:49:49\"}]}', 0, NULL, '2023-07-25 17:16:12', 43);
INSERT INTO `sys_oper_log` VALUES (359, '查询企业的所有出售记录', 0, 'com.ruoyi.web.controller.carbon.front.IsQueryController.queryEnterpriseAssetList()', 'GET', 1, 'admin', NULL, '/query/enterpriseAList', '127.0.0.1', '内网IP', '{\"enterprise\":\"人力资源有限公司\"}', '{\"msg\":\"查询成功\",\"total\":3,\"code\":200,\"data\":[{\"assetAmount\":100,\"assetId\":3,\"assetQuantity\":50,\"enterpriseAddress\":\"0xc1cce2168f9eedf146fb2659f5e200314f2ba25f\",\"enterpriseId\":3,\"params\":{},\"status\":1,\"time\":\"2023-07-25 16:47:26\"},{\"assetAmount\":100,\"assetId\":4,\"assetQuantity\":50,\"enterpriseAddress\":\"0xc1cce2168f9eedf146fb2659f5e200314f2ba25f\",\"enterpriseId\":3,\"params\":{},\"status\":1,\"time\":\"2023-07-25 16:48:06\"},{\"assetAmount\":100,\"assetId\":5,\"assetQuantity\":50,\"enterpriseAddress\":\"0xc1cce2168f9eedf146fb2659f5e200314f2ba25f\",\"enterpriseId\":3,\"params\":{},\"status\":1,\"time\":\"2023-07-25 16:49:49\"}]}', 0, NULL, '2023-07-25 17:34:14', 29);
INSERT INTO `sys_oper_log` VALUES (360, '企业购买资产', 1, 'com.ruoyi.web.controller.carbon.front.IsEnterpriseController.buyEnterpriseAsset()', 'POST', 1, 'admin', NULL, '/enterprise/buy', '127.0.0.1', '内网IP', '{\"assetId\":5,\"ownerAddress\":\"0x32d45563a364b56ba2d8fb73b1970399b23d3330\",\"quality\":10,\"sellerAddress\":\"0xc1cce2168f9eedf146fb2659f5e200314f2ba25f\"}', '{\"msg\":\"购买成功\",\"code\":200,\"transaction\":{\"buyAddress\":\"0x32d45563a364b56ba2d8fb73b1970399b23d3330\",\"buyerId\":1,\"params\":{},\"sellerAddress\":\"0xc1cce2168f9eedf146fb2659f5e200314f2ba25f\",\"sellerId\":3,\"transactionId\":14,\"transactionOrderName\":\"碳额度交易\",\"transactionQuantity\":10,\"transactionTime\":\"2023-07-25 17:34:35\",\"txHash\":\"0x1da59e8ef87a6f57a5ab681220b03ef34e7bdb685a1eb2d899bf2317cd66c774\"}}', 0, NULL, '2023-07-25 17:34:36', 731);
INSERT INTO `sys_oper_log` VALUES (361, '企业上传资质', 1, 'com.ruoyi.web.controller.carbon.back.QualificationController.uploadFile()', 'POST', 1, 'admin', NULL, '/carbon/qualification/upload', '127.0.0.1', '内网IP', '{\"onProgress\":\"(evt) => {\\r\\n          onProgress(evt, rawFile);\\r\\n        }\",\"filename\":\"file\",\"onError\":\"(err) => {\\r\\n          onError(err, rawFile);\\r\\n          delete requests.value[uid2];\\r\\n        }\",\"method\":\"post\",\"withCredentials\":\"false\",\"action\":\"\",\"onSuccess\":\"(res) => {\\r\\n          onSuccess(res, rawFile);\\r\\n          delete requests.value[uid2];\\r\\n        }\"}', '{\"msg\":\"操作成功\",\"imgUrl\":\"https://blog-1304715799.cos.ap-nanjing.myqcloud.com/imgs/42861690427701860.png\",\"code\":200}', 0, NULL, '2023-07-27 11:15:02', 943);
INSERT INTO `sys_oper_log` VALUES (362, '企业资质信息', 1, 'com.ruoyi.web.controller.carbon.back.QualificationController.add()', 'POST', 1, 'admin', NULL, '/carbon/qualification', '127.0.0.1', '内网IP', '{\"params\":{},\"qualificationAddress\":\"深圳\",\"qualificationAuditTime\":\"0000-0-0\",\"qualificationContent\":\"2411513531616136\",\"qualificationEmissionLimit\":0,\"qualificationId\":4,\"qualificationIndustry\":\"计算机\",\"qualificationLeader\":\"zyh\",\"qualificationName\":\"中国银行\",\"qualificationUploadTime\":\"2023-07-27 11:15:07\",\"qualificationUrl\":\"https://blog-1304715799.cos.ap-nanjing.myqcloud.com/imgs/42861690427701860.png\",\"qualificationUserEmail\":\"123@qq.com\",\"qualificationUserName\":\"zyh\",\"qualificationVerifiedRegulator\":\"暂未认证\"}', NULL, 1, '\n### Error updating database.  Cause: com.mysql.cj.jdbc.exceptions.MysqlDataTruncation: Data truncation: Incorrect datetime value: \'0000-0-0\' for column \'qualification_audit_time\' at row 1\n### The error may exist in file [/home/yyz/Desktop/SZTL/CarbonAsset_Code/CarbonAsset-Admin/carbon-asset/target/classes/mapper/carbon/CarbonQualificationMapper.xml]\n### The error may involve com.ruoyi.carbon.mapper.CarbonQualificationMapper.insertCarbonQualification-Inline\n### The error occurred while setting parameters\n### SQL: insert into carbon_qualification          ( qualification_id,             qualification_name,             qualification_content,             qualification_leader,             qualification_address,             qualification_industry,             qualification_user_name,             qualification_user_email,             qualification_url,             qualification_upload_time,             qualification_audit_time,             qualification_verified_regulator,             qualification_emission_limit )           values ( ?,             ?,             ?,             ?,             ?,             ?,             ?,             ?,             ?,             ?,             ?,             ?,             ? )\n### Cause: com.mysql.cj.jdbc.exceptions.MysqlDataTruncation: Data truncation: Incorrect datetime value: \'0000-0-0\' for column \'qualification_audit_time\' at row 1\n; Data truncation: Incorrect datetime value: \'0000-0-0\' for column \'qualification_audit_time\' at row 1; nested exception is com.mysql.cj.jdbc.exceptions.MysqlDataTruncation: Data truncation: Incorrect datetime value: \'0000-0-0\' for column \'qualification_audit_time\' at row 1', '2023-07-27 11:15:08', 785);
INSERT INTO `sys_oper_log` VALUES (363, '企业资质信息', 1, 'com.ruoyi.web.controller.carbon.back.QualificationController.add()', 'POST', 1, 'admin', NULL, '/carbon/qualification', '127.0.0.1', '内网IP', '{\"params\":{},\"qualificationAddress\":\"深圳\",\"qualificationAuditTime\":\"0000-0-0\",\"qualificationContent\":\"2411513531616136\",\"qualificationEmissionLimit\":0,\"qualificationId\":4,\"qualificationIndustry\":\"计算机\",\"qualificationLeader\":\"zyh\",\"qualificationName\":\"中国银行\",\"qualificationUploadTime\":\"2023-07-27 11:15:17\",\"qualificationUrl\":\"https://blog-1304715799.cos.ap-nanjing.myqcloud.com/imgs/42861690427701860.png\",\"qualificationUserEmail\":\"123@qq.com\",\"qualificationUserName\":\"zyh\",\"qualificationVerifiedRegulator\":\"暂未认证\"}', NULL, 1, '\n### Error updating database.  Cause: com.mysql.cj.jdbc.exceptions.MysqlDataTruncation: Data truncation: Incorrect datetime value: \'0000-0-0\' for column \'qualification_audit_time\' at row 1\n### The error may exist in file [/home/yyz/Desktop/SZTL/CarbonAsset_Code/CarbonAsset-Admin/carbon-asset/target/classes/mapper/carbon/CarbonQualificationMapper.xml]\n### The error may involve com.ruoyi.carbon.mapper.CarbonQualificationMapper.insertCarbonQualification-Inline\n### The error occurred while setting parameters\n### SQL: insert into carbon_qualification          ( qualification_id,             qualification_name,             qualification_content,             qualification_leader,             qualification_address,             qualification_industry,             qualification_user_name,             qualification_user_email,             qualification_url,             qualification_upload_time,             qualification_audit_time,             qualification_verified_regulator,             qualification_emission_limit )           values ( ?,             ?,             ?,             ?,             ?,             ?,             ?,             ?,             ?,             ?,             ?,             ?,             ? )\n### Cause: com.mysql.cj.jdbc.exceptions.MysqlDataTruncation: Data truncation: Incorrect datetime value: \'0000-0-0\' for column \'qualification_audit_time\' at row 1\n; Data truncation: Incorrect datetime value: \'0000-0-0\' for column \'qualification_audit_time\' at row 1; nested exception is com.mysql.cj.jdbc.exceptions.MysqlDataTruncation: Data truncation: Incorrect datetime value: \'0000-0-0\' for column \'qualification_audit_time\' at row 1', '2023-07-27 11:15:17', 515);
INSERT INTO `sys_oper_log` VALUES (364, '企业上传资质', 1, 'com.ruoyi.web.controller.carbon.back.QualificationController.uploadFile()', 'POST', 1, 'admin', NULL, '/carbon/qualification/upload', '127.0.0.1', '内网IP', '{\"onProgress\":\"(evt) => {\\r\\n          onProgress(evt, rawFile);\\r\\n        }\",\"filename\":\"file\",\"onError\":\"(err) => {\\r\\n          onError(err, rawFile);\\r\\n          delete requests.value[uid2];\\r\\n        }\",\"method\":\"post\",\"withCredentials\":\"false\",\"action\":\"\",\"onSuccess\":\"(res) => {\\r\\n          onSuccess(res, rawFile);\\r\\n          delete requests.value[uid2];\\r\\n        }\"}', '{\"msg\":\"操作成功\",\"imgUrl\":\"https://blog-1304715799.cos.ap-nanjing.myqcloud.com/imgs/53661690428056832.png\",\"code\":200}', 0, NULL, '2023-07-27 11:20:57', 1066);
INSERT INTO `sys_oper_log` VALUES (365, '企业资质信息', 1, 'com.ruoyi.web.controller.carbon.back.QualificationController.add()', 'POST', 1, 'admin', NULL, '/carbon/qualification', '127.0.0.1', '内网IP', '{\"params\":{},\"qualificationAddress\":\"cshi \",\"qualificationContent\":\"33205235239\",\"qualificationEmissionLimit\":0,\"qualificationId\":4,\"qualificationIndustry\":\"计算机\",\"qualificationLeader\":\"cesh\",\"qualificationName\":\"中国银行\",\"qualificationUploadTime\":\"2023-07-27 11:21:01\",\"qualificationUrl\":\"https://blog-1304715799.cos.ap-nanjing.myqcloud.com/imgs/53661690428056832.png\",\"qualificationUserEmail\":\"23@qq.com\",\"qualificationUserName\":\"zyh \",\"qualificationVerifiedRegulator\":\"暂未认证\"}', '{\"msg\":\"操作成功\",\"code\":200}', 0, NULL, '2023-07-27 11:21:02', 563);
INSERT INTO `sys_oper_log` VALUES (366, '审核企业的资质', 2, 'com.ruoyi.web.controller.carbon.back.QualificationController.verifyQualification()', 'POST', 1, 'zyh', NULL, '/carbon/qualification/verifyQualification', '127.0.0.1', '内网IP', '{\"params\":{},\"qualificationAddress\":\"cshi \",\"qualificationContent\":\"33205235239\",\"qualificationEmissionLimit\":0,\"qualificationId\":4,\"qualificationIndustry\":\"计算机\",\"qualificationLeader\":\"cesh\",\"qualificationName\":\"中国银行\",\"qualificationUploadTime\":\"2023-07-27 11:21:01\",\"qualificationUrl\":\"https://blog-1304715799.cos.ap-nanjing.myqcloud.com/imgs/53661690428056832.png\",\"qualificationUserEmail\":\"23@qq.com\",\"qualificationUserName\":\"zyh \",\"qualificationVerifiedRegulator\":\"0x4c2c4b2ae31a7becbf072f865af1bc7e35c1e2b3\"}', NULL, 1, 'org.fisco.bcos.sdk.abi.ABICodecException: Cann\'t encode in encodeMethodFromObject with appropriate interface ABI, please check your method name or ABI file', '2023-07-27 11:22:42', 416);
INSERT INTO `sys_oper_log` VALUES (367, '审核企业的资质', 2, 'com.ruoyi.web.controller.carbon.back.QualificationController.verifyQualification()', 'POST', 1, 'zyh', NULL, '/carbon/qualification/verifyQualification', '127.0.0.1', '内网IP', '{\"isApprove\":true,\"params\":{},\"qualificationAddress\":\"cshi \",\"qualificationAuditTime\":\"2023-07-27 11:22:47\",\"qualificationContent\":\"33205235239\",\"qualificationEmissionLimit\":1000,\"qualificationId\":4,\"qualificationIndustry\":\"计算机\",\"qualificationLeader\":\"cesh\",\"qualificationName\":\"中国银行\",\"qualificationUploadTime\":\"2023-07-27 11:21:01\",\"qualificationUrl\":\"https://blog-1304715799.cos.ap-nanjing.myqcloud.com/imgs/53661690428056832.png\",\"qualificationUserEmail\":\"23@qq.com\",\"qualificationUserName\":\"zyh \",\"qualificationVerifiedRegulator\":\"0x4c2c4b2ae31a7becbf072f865af1bc7e35c1e2b3\"}', '{\"msg\":\"审核成功\",\"code\":200}', 0, NULL, '2023-07-27 11:22:48', 847);
INSERT INTO `sys_oper_log` VALUES (368, '企业出售资产', 1, 'com.ruoyi.web.controller.carbon.front.IsEnterpriseController.sellByEnterpriseAsset()', 'POST', 1, 'admin', NULL, '/enterprise/sell', '127.0.0.1', '内网IP', '{\"amount\":100,\"quality\":50,\"userAddress\":\"0xc1cce2168f9eedf146fb2659f5e200314f2ba25f\"}', '{\"msg\":\"出售成功\",\"assetOrder\":{\"assetAmount\":100,\"assetId\":6,\"assetQuantity\":50,\"enterpriseAddress\":\"0xc1cce2168f9eedf146fb2659f5e200314f2ba25f\",\"enterpriseId\":3,\"params\":{},\"status\":1,\"time\":\"2023-07-27 11:43:13\"},\"code\":200}', 0, NULL, '2023-07-27 11:43:14', 937);
INSERT INTO `sys_oper_log` VALUES (369, '企业出售资产', 1, 'com.ruoyi.web.controller.carbon.front.IsEnterpriseController.sellByEnterpriseAsset()', 'POST', 1, 'admin', NULL, '/enterprise/sell', '127.0.0.1', '内网IP', '{\"amount\":100,\"quality\":50,\"userAddress\":\"0x91d77bcdfc22359700b61d573d98e41be684be7b\"}', '{\"msg\":\"出售成功\",\"assetOrder\":{\"assetAmount\":100,\"assetId\":7,\"assetQuantity\":50,\"enterpriseAddress\":\"0x91d77bcdfc22359700b61d573d98e41be684be7b\",\"enterpriseId\":4,\"params\":{},\"status\":1,\"time\":\"2023-07-27 11:44:22\"},\"code\":200}', 0, NULL, '2023-07-27 11:44:22', 673);
INSERT INTO `sys_oper_log` VALUES (370, '企业出售资产', 1, 'com.ruoyi.web.controller.carbon.front.IsEnterpriseController.sellByEnterpriseAsset()', 'POST', 1, 'admin', NULL, '/enterprise/sell', '127.0.0.1', '内网IP', '{\"amount\":100,\"quality\":50,\"userAddress\":\"0x91d77bcdfc22359700b61d573d98e41be684be7b\"}', '{\"msg\":\"出售成功\",\"assetOrder\":{\"assetAmount\":100,\"assetId\":8,\"assetQuantity\":50,\"enterpriseAddress\":\"0x91d77bcdfc22359700b61d573d98e41be684be7b\",\"enterpriseId\":4,\"params\":{},\"status\":1,\"time\":\"2023-07-27 11:50:36\"},\"code\":200}', 0, NULL, '2023-07-27 11:50:36', 728);
INSERT INTO `sys_oper_log` VALUES (371, '企业出售资产', 1, 'com.ruoyi.web.controller.carbon.front.IsEnterpriseController.sellByEnterpriseAsset()', 'POST', 1, 'admin', NULL, '/enterprise/sell', '127.0.0.1', '内网IP', '{\"amount\":100,\"quality\":50,\"userAddress\":\"0x91d77bcdfc22359700b61d573d98e41be684be7b\"}', '{\"msg\":\"出售成功\",\"assetOrder\":{\"assetAmount\":100,\"assetId\":9,\"assetQuantity\":50,\"enterpriseAddress\":\"0x91d77bcdfc22359700b61d573d98e41be684be7b\",\"enterpriseId\":4,\"params\":{},\"status\":1,\"time\":\"2023-07-27 11:52:28\"},\"code\":200}', 0, NULL, '2023-07-27 11:52:30', 2091);
INSERT INTO `sys_oper_log` VALUES (372, '企业购买资产', 1, 'com.ruoyi.web.controller.carbon.front.IsEnterpriseController.buyEnterpriseAsset()', 'POST', 1, 'admin', NULL, '/enterprise/buy', '127.0.0.1', '内网IP', '{\"assetId\":9,\"ownerAddress\":\"0xd2a1f6706dfddf00a11a035a1fc5eae35b4d7551\",\"quality\":10,\"sellerAddress\":\"0x91d77bcdfc22359700b61d573d98e41be684be7b\"}', '{\"msg\":\"购买成功\",\"code\":200,\"transaction\":{\"buyAddress\":\"0xd2a1f6706dfddf00a11a035a1fc5eae35b4d7551\",\"buyerId\":2,\"params\":{},\"sellerAddress\":\"0x91d77bcdfc22359700b61d573d98e41be684be7b\",\"sellerId\":4,\"transactionId\":15,\"transactionOrderName\":\"碳额度交易\",\"transactionQuantity\":10,\"transactionTime\":\"2023-07-27 12:52:00\",\"txHash\":\"0xcf8273a306d7e1ee768274556d1eb1d9bf39d945999caabca9f82b67551dae45\"}}', 0, NULL, '2023-07-27 12:52:01', 1220);
INSERT INTO `sys_oper_log` VALUES (373, '企业购买资产', 1, 'com.ruoyi.web.controller.carbon.front.IsEnterpriseController.buyEnterpriseAsset()', 'POST', 1, 'admin', NULL, '/enterprise/buy', '127.0.0.1', '内网IP', '{\"assetId\":9,\"ownerAddress\":\"0xd2a1f6706dfddf00a11a035a1fc5eae35b4d7551\",\"quality\":10,\"sellerAddress\":\"0x91d77bcdfc22359700b61d573d98e41be684be7b\"}', '{\"msg\":\"购买成功\",\"code\":200,\"transaction\":{\"buyAddress\":\"0xd2a1f6706dfddf00a11a035a1fc5eae35b4d7551\",\"buyerId\":2,\"params\":{},\"sellerAddress\":\"0x91d77bcdfc22359700b61d573d98e41be684be7b\",\"sellerId\":4,\"transactionId\":16,\"transactionOrderName\":\"碳额度交易\",\"transactionQuantity\":10,\"transactionTime\":\"2023-07-27 12:52:08\",\"txHash\":\"0x702641fc5ebb96c279e1dc3684135d8e0a34d43f2b5724ca48f8a6f570fc9fc6\"}}', 0, NULL, '2023-07-27 12:52:08', 811);
INSERT INTO `sys_oper_log` VALUES (374, '企业购买资产', 1, 'com.ruoyi.web.controller.carbon.front.IsEnterpriseController.buyEnterpriseAsset()', 'POST', 1, 'admin', NULL, '/enterprise/buy', '127.0.0.1', '内网IP', '{\"assetId\":9,\"ownerAddress\":\"0xd2a1f6706dfddf00a11a035a1fc5eae35b4d7551\",\"quality\":10,\"sellerAddress\":\"0x91d77bcdfc22359700b61d573d98e41be684be7b\"}', '{\"msg\":\"购买成功\",\"code\":200,\"transaction\":{\"buyAddress\":\"0xd2a1f6706dfddf00a11a035a1fc5eae35b4d7551\",\"buyerId\":2,\"params\":{},\"sellerAddress\":\"0x91d77bcdfc22359700b61d573d98e41be684be7b\",\"sellerId\":4,\"transactionId\":17,\"transactionOrderName\":\"碳额度交易\",\"transactionQuantity\":10,\"transactionTime\":\"2023-07-27 12:56:07\",\"txHash\":\"0x18fff4431720864d6aba097dc03af870b3cda9433d7363de9516dc97e2c5ac85\"}}', 0, NULL, '2023-07-27 12:56:07', 1516);
INSERT INTO `sys_oper_log` VALUES (375, '企业购买资产', 1, 'com.ruoyi.web.controller.carbon.front.IsEnterpriseController.buyEnterpriseAsset()', 'POST', 1, 'admin', NULL, '/enterprise/buy', '127.0.0.1', '内网IP', '{\"assetId\":9,\"ownerAddress\":\"0xd2a1f6706dfddf00a11a035a1fc5eae35b4d7551\",\"quality\":10,\"sellerAddress\":\"0x91d77bcdfc22359700b61d573d98e41be684be7b\"}', '{\"msg\":\"购买成功\",\"code\":200,\"transaction\":{\"buyAddress\":\"0xd2a1f6706dfddf00a11a035a1fc5eae35b4d7551\",\"buyerId\":2,\"params\":{},\"sellerAddress\":\"0x91d77bcdfc22359700b61d573d98e41be684be7b\",\"sellerId\":4,\"transactionId\":18,\"transactionOrderName\":\"碳额度交易\",\"transactionQuantity\":10,\"transactionTime\":\"2023-07-27 13:00:43\",\"txHash\":\"0x88886b7a1007d6c60d63ecc54b7cb272e8a1a8d5bbeff1cf24f0d1f862171db8\"}}', 0, NULL, '2023-07-27 13:00:43', 864);
INSERT INTO `sys_oper_log` VALUES (376, '企业购买资产', 1, 'com.ruoyi.web.controller.carbon.front.IsEnterpriseController.buyEnterpriseAsset()', 'POST', 1, 'admin', NULL, '/enterprise/buy', '127.0.0.1', '内网IP', '{\"assetId\":9,\"ownerAddress\":\"0xd2a1f6706dfddf00a11a035a1fc5eae35b4d7551\",\"quality\":10,\"sellerAddress\":\"0x91d77bcdfc22359700b61d573d98e41be684be7b\"}', '{\"msg\":\"购买成功\",\"code\":200,\"transaction\":{\"buyAddress\":\"0xd2a1f6706dfddf00a11a035a1fc5eae35b4d7551\",\"buyerId\":2,\"params\":{},\"sellerAddress\":\"0x91d77bcdfc22359700b61d573d98e41be684be7b\",\"sellerId\":4,\"transactionId\":19,\"transactionOrderName\":\"碳额度交易\",\"transactionQuantity\":10,\"transactionTime\":\"2023-07-27 13:10:56\",\"txHash\":\"0xc639e09caf06fdd7d550a098bba847f1a7fa799cdbb7de3d70b7d4c4c371dacd\"}}', 0, NULL, '2023-07-27 13:10:56', 1150);
INSERT INTO `sys_oper_log` VALUES (377, '监管机构信息', 1, 'com.ruoyi.web.controller.carbon.back.RegulatorController.add()', 'POST', 1, 'admin', NULL, '/carbon/regulator', '127.0.0.1', '内网IP', '{\"params\":{},\"privateKey\":\"5a89d8b250c33bc70ee96b3fb39fb8f3ca9133b6cabef0c0562d94609cd378ea\",\"regulatorAddress\":\"0xd4691e2fafa176089bdb11b805e18a61eb67f9f1\",\"regulatorId\":1,\"regulatorName\":\"珠海市监管机构\",\"regulatorPass\":\"123456\",\"regulatorUser\":\"org\",\"userType\":2}', '{\"msg\":\"操作成功\",\"code\":200}', 0, NULL, '2023-07-28 16:31:54', 391);
INSERT INTO `sys_oper_log` VALUES (378, '企业信息', 1, 'com.ruoyi.web.controller.carbon.back.EnterpriseController.add()', 'POST', 1, 'admin', NULL, '/carbon/enterprise', '127.0.0.1', '内网IP', '{\"enterpriseEmail\":\"2756864799@qq.com\",\"enterpriseName\":\"zyh\",\"enterpriseNickName\":\"珠海市有限公司\",\"enterprisePass\":\"123456\",\"params\":{}}', '{\"msg\":\"操作失败\",\"code\":500}', 0, NULL, '2023-07-28 16:32:58', 79);
INSERT INTO `sys_oper_log` VALUES (379, '企业信息', 1, 'com.ruoyi.web.controller.carbon.back.EnterpriseController.add()', 'POST', 1, 'admin', NULL, '/carbon/enterprise', '127.0.0.1', '内网IP', '{\"enterpriseEmail\":\"2756864799@qq.com\",\"enterpriseName\":\"zyh\",\"enterpriseNickName\":\"珠海市有限公司\",\"enterprisePass\":\"123456\",\"params\":{}}', '{\"msg\":\"操作失败\",\"code\":500}', 0, NULL, '2023-07-28 16:33:20', 82);
INSERT INTO `sys_oper_log` VALUES (380, '企业信息', 1, 'com.ruoyi.web.controller.carbon.back.EnterpriseController.add()', 'POST', 1, 'admin', NULL, '/carbon/enterprise', '127.0.0.1', '内网IP', '{\"enterpriseEmail\":\"2756864799@qq.com\",\"enterpriseName\":\"zyh\",\"enterpriseNickName\":\"珠海市有限公司\",\"enterprisePass\":\"123456\",\"params\":{}}', '{\"msg\":\"操作失败\",\"code\":500}', 0, NULL, '2023-07-28 16:34:02', 87);
INSERT INTO `sys_oper_log` VALUES (381, '企业信息', 1, 'com.ruoyi.web.controller.carbon.back.EnterpriseController.add()', 'POST', 1, 'admin', NULL, '/carbon/enterprise', '127.0.0.1', '内网IP', '{\"enterpriseEmail\":\"2756864799@qq.com\",\"enterpriseName\":\"zyh\",\"enterpriseNickName\":\"珠海市有限公司\",\"enterprisePass\":\"123456\",\"params\":{}}', '{\"msg\":\"操作失败\",\"code\":500}', 0, NULL, '2023-07-28 16:34:17', 78);
INSERT INTO `sys_oper_log` VALUES (382, '企业信息', 1, 'com.ruoyi.web.controller.carbon.back.EnterpriseController.add()', 'POST', 1, 'admin', NULL, '/carbon/enterprise', '127.0.0.1', '内网IP', '{\"enterpriseEmail\":\"2756864799@qq.com\",\"enterpriseName\":\"zyh\",\"enterpriseNickName\":\"珠海市有限公司\",\"enterprisePass\":\"123456\",\"params\":{}}', '{\"msg\":\"操作成功\",\"code\":200}', 0, NULL, '2023-07-28 16:34:55', 385);
INSERT INTO `sys_oper_log` VALUES (383, '企业上传资质', 1, 'com.ruoyi.web.controller.carbon.back.QualificationController.uploadFile()', 'POST', 1, 'admin', NULL, '/carbon/qualification/upload', '127.0.0.1', '内网IP', '{\"onProgress\":\"(evt) => {\\r\\n          onProgress(evt, rawFile);\\r\\n        }\",\"filename\":\"file\",\"onError\":\"(err) => {\\r\\n          onError(err, rawFile);\\r\\n          delete requests.value[uid2];\\r\\n        }\",\"method\":\"post\",\"withCredentials\":\"false\",\"action\":\"\",\"onSuccess\":\"(res) => {\\r\\n          onSuccess(res, rawFile);\\r\\n          delete requests.value[uid2];\\r\\n        }\"}', '{\"msg\":\"操作成功\",\"imgUrl\":\"https://blog-1304715799.cos.ap-nanjing.myqcloud.com/imgs/62731690533457213.jpg\",\"code\":200}', 0, NULL, '2023-07-28 16:37:40', 734);
INSERT INTO `sys_oper_log` VALUES (384, '企业资质信息', 1, 'com.ruoyi.web.controller.carbon.back.QualificationController.add()', 'POST', 1, 'admin', NULL, '/carbon/qualification', '127.0.0.1', '内网IP', '{\"params\":{},\"qualificationAddress\":\"Chinases\",\"qualificationContent\":\"44165721613612\",\"qualificationEmissionLimit\":0,\"qualificationId\":1,\"qualificationIndustry\":\"计算机\",\"qualificationLeader\":\"张宇豪\",\"qualificationName\":\"珠海市有限公司\",\"qualificationUploadTime\":\"2023-07-28 16:37:58\",\"qualificationUrl\":\"https://blog-1304715799.cos.ap-nanjing.myqcloud.com/imgs/62731690533457213.jpg\",\"qualificationUserEmail\":\"2756864799@qq.com\",\"qualificationUserName\":\"yuhao zhang\",\"qualificationVerifiedRegulator\":\"暂未认证\"}', '{\"msg\":\"操作成功\",\"code\":200}', 0, NULL, '2023-07-28 16:37:58', 200);
INSERT INTO `sys_oper_log` VALUES (385, '审核企业的资质', 2, 'com.ruoyi.web.controller.carbon.back.QualificationController.verifyQualification()', 'POST', 1, 'org', NULL, '/carbon/qualification/verifyQualification', '127.0.0.1', '内网IP', '{\"isApprove\":true,\"params\":{},\"qualificationAddress\":\"Chinases\",\"qualificationAuditTime\":\"2023-07-28 16:38:53\",\"qualificationContent\":\"44165721613612\",\"qualificationEmissionLimit\":1000,\"qualificationId\":1,\"qualificationIndustry\":\"计算机\",\"qualificationLeader\":\"张宇豪\",\"qualificationName\":\"珠海市有限公司\",\"qualificationUploadTime\":\"2023-07-28 16:37:58\",\"qualificationUrl\":\"https://blog-1304715799.cos.ap-nanjing.myqcloud.com/imgs/62731690533457213.jpg\",\"qualificationUserEmail\":\"2756864799@qq.com\",\"qualificationUserName\":\"yuhao zhang\",\"qualificationVerifiedRegulator\":\"0xd4691e2fafa176089bdb11b805e18a61eb67f9f1\"}', '{\"msg\":\"审核成功\",\"code\":200}', 0, NULL, '2023-07-28 16:38:53', 665);
INSERT INTO `sys_oper_log` VALUES (386, '代码生成', 6, 'com.ruoyi.generator.controller.GenController.importTableSave()', 'POST', 1, 'org', NULL, '/tool/gen/importTable', '127.0.0.1', '内网IP', '{\"tables\":\"carbon_card_category,carbon_card\"}', '{\"msg\":\"操作成功\",\"code\":200}', 0, NULL, '2023-07-28 16:54:24', 349);
INSERT INTO `sys_oper_log` VALUES (387, '代码生成', 2, 'com.ruoyi.generator.controller.GenController.editSave()', 'PUT', 1, 'org', NULL, '/tool/gen', '127.0.0.1', '内网IP', '{\"businessName\":\"card\",\"className\":\"CarbonCard\",\"columns\":[{\"capJavaField\":\"Id\",\"columnComment\":\"纪念卡片ID\",\"columnId\":91,\"columnName\":\"id\",\"columnType\":\"int\",\"createBy\":\"org\",\"createTime\":\"2023-07-28 16:54:24\",\"dictType\":\"\",\"edit\":false,\"htmlType\":\"input\",\"increment\":true,\"insert\":true,\"isIncrement\":\"1\",\"isInsert\":\"1\",\"isPk\":\"1\",\"javaField\":\"id\",\"javaType\":\"Long\",\"list\":false,\"params\":{},\"pk\":true,\"query\":false,\"queryType\":\"EQ\",\"required\":false,\"sort\":1,\"superColumn\":false,\"tableId\":13,\"updateBy\":\"\",\"usableColumn\":false},{\"capJavaField\":\"Level\",\"columnComment\":\"纪念卡星数\",\"columnId\":92,\"columnName\":\"level\",\"columnType\":\"int\",\"createBy\":\"org\",\"createTime\":\"2023-07-28 16:54:24\",\"dictType\":\"\",\"edit\":true,\"htmlType\":\"input\",\"increment\":false,\"insert\":true,\"isEdit\":\"1\",\"isIncrement\":\"0\",\"isInsert\":\"1\",\"isList\":\"1\",\"isPk\":\"0\",\"isQuery\":\"1\",\"isRequired\":\"1\",\"javaField\":\"level\",\"javaType\":\"Long\",\"list\":true,\"params\":{},\"pk\":false,\"query\":true,\"queryType\":\"EQ\",\"required\":true,\"sort\":2,\"superColumn\":false,\"tableId\":13,\"updateBy\":\"\",\"usableColumn\":false},{\"capJavaField\":\"Name\",\"columnComment\":\"纪念卡名称\",\"columnId\":93,\"columnName\":\"name\",\"columnType\":\"varchar(50)\",\"createBy\":\"org\",\"createTime\":\"2023-07-28 16:54:24\",\"dictType\":\"\",\"edit\":true,\"htmlType\":\"input\",\"increment\":false,\"insert\":true,\"isEdit\":\"1\",\"isIncrement\":\"0\",\"isInsert\":\"1\",\"isList\":\"1\",\"isPk\":\"0\",\"isQuery\":\"1\",\"isRequired\":\"1\",\"javaField\":\"name\",\"javaType\":\"String\",\"list\":true,\"params\":{},\"pk\":false,\"query\":true,\"queryType\":\"LIKE\",\"required\":true,\"sort\":3,\"superColumn\":false,\"tableId\":13,\"updateBy\":\"\",\"usableColumn\":false},{\"capJavaField\":\"Description\",\"columnComment\":\"纪念卡描述\",\"columnId\":94,\"columnName\":\"description\",\"columnType\":\"text\",\"createBy\":\"org\",\"createTime\":\"2023-07-28 16:54:24\",\"dictType\":\"\",\"edit\":true,\"htmlType\":\"textarea\",\"increment\":false,\"insert\":true,\"isEdit\":\"1\",\"isIncrement\":\"0\",\"isInsert\":\"1\",\"isList\":\"1\",\"isPk\":\"0\",\"isQuery\":\"1\",\"javaField\":\"description\",\"javaType\":\"String\",\"list\":true,\"params\":{},\"pk\":fa', '{\"msg\":\"操作成功\",\"code\":200}', 0, NULL, '2023-07-28 16:54:37', 204);
INSERT INTO `sys_oper_log` VALUES (388, '代码生成', 2, 'com.ruoyi.generator.controller.GenController.editSave()', 'PUT', 1, 'org', NULL, '/tool/gen', '127.0.0.1', '内网IP', '{\"businessName\":\"card\",\"className\":\"CarbonCard\",\"columns\":[{\"capJavaField\":\"Id\",\"columnComment\":\"纪念卡ID\",\"columnId\":91,\"columnName\":\"id\",\"columnType\":\"int\",\"createBy\":\"org\",\"createTime\":\"2023-07-28 16:54:24\",\"dictType\":\"\",\"edit\":false,\"htmlType\":\"input\",\"increment\":true,\"insert\":true,\"isIncrement\":\"1\",\"isInsert\":\"1\",\"isPk\":\"1\",\"javaField\":\"id\",\"javaType\":\"Long\",\"list\":false,\"params\":{},\"pk\":true,\"query\":false,\"queryType\":\"EQ\",\"required\":false,\"sort\":1,\"superColumn\":false,\"tableId\":13,\"updateBy\":\"\",\"updateTime\":\"2023-07-28 16:54:37\",\"usableColumn\":false},{\"capJavaField\":\"Level\",\"columnComment\":\"星数等级\",\"columnId\":92,\"columnName\":\"level\",\"columnType\":\"int\",\"createBy\":\"org\",\"createTime\":\"2023-07-28 16:54:24\",\"dictType\":\"\",\"edit\":true,\"htmlType\":\"input\",\"increment\":false,\"insert\":true,\"isEdit\":\"1\",\"isIncrement\":\"0\",\"isInsert\":\"1\",\"isList\":\"1\",\"isPk\":\"0\",\"isQuery\":\"1\",\"isRequired\":\"1\",\"javaField\":\"level\",\"javaType\":\"Long\",\"list\":true,\"params\":{},\"pk\":false,\"query\":true,\"queryType\":\"EQ\",\"required\":true,\"sort\":2,\"superColumn\":false,\"tableId\":13,\"updateBy\":\"\",\"updateTime\":\"2023-07-28 16:54:37\",\"usableColumn\":false},{\"capJavaField\":\"Name\",\"columnComment\":\"名称\",\"columnId\":93,\"columnName\":\"name\",\"columnType\":\"varchar(50)\",\"createBy\":\"org\",\"createTime\":\"2023-07-28 16:54:24\",\"dictType\":\"\",\"edit\":true,\"htmlType\":\"input\",\"increment\":false,\"insert\":true,\"isEdit\":\"1\",\"isIncrement\":\"0\",\"isInsert\":\"1\",\"isList\":\"1\",\"isPk\":\"0\",\"isQuery\":\"1\",\"isRequired\":\"1\",\"javaField\":\"name\",\"javaType\":\"String\",\"list\":true,\"params\":{},\"pk\":false,\"query\":true,\"queryType\":\"LIKE\",\"required\":true,\"sort\":3,\"superColumn\":false,\"tableId\":13,\"updateBy\":\"\",\"updateTime\":\"2023-07-28 16:54:37\",\"usableColumn\":false},{\"capJavaField\":\"Description\",\"columnComment\":\"描述\",\"columnId\":94,\"columnName\":\"description\",\"columnType\":\"text\",\"createBy\":\"org\",\"createTime\":\"2023-07-28 16:54:24\",\"dictType\":\"\",\"edit\":true,\"htmlType\":\"textarea\",\"increment\":false,\"insert\":true,\"isEdit\":\"1\",\"isIncrement\":\"0\",\"isInsert\":\"1\",\"isList\":\"1\",\"isPk', '{\"msg\":\"操作成功\",\"code\":200}', 0, NULL, '2023-07-28 16:56:50', 202);
INSERT INTO `sys_oper_log` VALUES (389, '代码生成', 2, 'com.ruoyi.generator.controller.GenController.editSave()', 'PUT', 1, 'org', NULL, '/tool/gen', '127.0.0.1', '内网IP', '{\"businessName\":\"category\",\"className\":\"CarbonCardCategory\",\"columns\":[{\"capJavaField\":\"Id\",\"columnComment\":\"纪念卡分类ID\",\"columnId\":97,\"columnName\":\"id\",\"columnType\":\"int\",\"createBy\":\"org\",\"createTime\":\"2023-07-28 16:54:24\",\"dictType\":\"\",\"edit\":false,\"htmlType\":\"input\",\"increment\":true,\"insert\":true,\"isIncrement\":\"1\",\"isInsert\":\"1\",\"isPk\":\"1\",\"javaField\":\"id\",\"javaType\":\"Long\",\"list\":false,\"params\":{},\"pk\":true,\"query\":false,\"queryType\":\"EQ\",\"required\":false,\"sort\":1,\"superColumn\":false,\"tableId\":14,\"updateBy\":\"\",\"usableColumn\":false},{\"capJavaField\":\"Name\",\"columnComment\":\"分类名称\",\"columnId\":98,\"columnName\":\"name\",\"columnType\":\"varchar(50)\",\"createBy\":\"org\",\"createTime\":\"2023-07-28 16:54:24\",\"dictType\":\"\",\"edit\":true,\"htmlType\":\"input\",\"increment\":false,\"insert\":true,\"isEdit\":\"1\",\"isIncrement\":\"0\",\"isInsert\":\"1\",\"isList\":\"1\",\"isPk\":\"0\",\"isQuery\":\"1\",\"isRequired\":\"1\",\"javaField\":\"name\",\"javaType\":\"String\",\"list\":true,\"params\":{},\"pk\":false,\"query\":true,\"queryType\":\"LIKE\",\"required\":true,\"sort\":2,\"superColumn\":false,\"tableId\":14,\"updateBy\":\"\",\"usableColumn\":false},{\"capJavaField\":\"Description\",\"columnComment\":\"分类描述\",\"columnId\":99,\"columnName\":\"description\",\"columnType\":\"text\",\"createBy\":\"org\",\"createTime\":\"2023-07-28 16:54:24\",\"dictType\":\"\",\"edit\":true,\"htmlType\":\"textarea\",\"increment\":false,\"insert\":true,\"isEdit\":\"1\",\"isIncrement\":\"0\",\"isInsert\":\"1\",\"isList\":\"1\",\"isPk\":\"0\",\"isQuery\":\"1\",\"isRequired\":\"1\",\"javaField\":\"description\",\"javaType\":\"String\",\"list\":true,\"params\":{},\"pk\":false,\"query\":true,\"queryType\":\"EQ\",\"required\":true,\"sort\":3,\"superColumn\":false,\"tableId\":14,\"updateBy\":\"\",\"usableColumn\":false}],\"crud\":true,\"functionAuthor\":\"张宇豪\",\"functionName\":\"纪念卡分类数据\",\"genPath\":\"/\",\"genType\":\"0\",\"moduleName\":\"carbon\",\"options\":\"{\\\"parentMenuId\\\":\\\"\\\"}\",\"packageName\":\"com.ruoyi.carbon\",\"params\":{\"parentMenuId\":\"\"},\"parentMenuId\":\"\",\"sub\":false,\"tableComment\":\"纪念卡分类数据表\",\"tableId\":14,\"tableName\":\"carbon_card_category\",\"tplCategory\":\"crud\",\"tree\":false}', '{\"msg\":\"操作成功\",\"code\":200}', 0, NULL, '2023-07-28 16:57:36', 187);
INSERT INTO `sys_oper_log` VALUES (390, '代码生成', 2, 'com.ruoyi.generator.controller.GenController.editSave()', 'PUT', 1, 'org', NULL, '/tool/gen', '127.0.0.1', '内网IP', '{\"businessName\":\"category\",\"className\":\"CarbonCardCategory\",\"columns\":[{\"capJavaField\":\"Id\",\"columnComment\":\"卡分类ID\",\"columnId\":97,\"columnName\":\"id\",\"columnType\":\"int\",\"createBy\":\"org\",\"createTime\":\"2023-07-28 16:54:24\",\"dictType\":\"\",\"edit\":false,\"htmlType\":\"input\",\"increment\":true,\"insert\":true,\"isIncrement\":\"1\",\"isInsert\":\"1\",\"isPk\":\"1\",\"javaField\":\"id\",\"javaType\":\"Long\",\"list\":false,\"params\":{},\"pk\":true,\"query\":false,\"queryType\":\"EQ\",\"required\":false,\"sort\":1,\"superColumn\":false,\"tableId\":14,\"updateBy\":\"\",\"updateTime\":\"2023-07-28 16:57:36\",\"usableColumn\":false},{\"capJavaField\":\"Name\",\"columnComment\":\"分类名称\",\"columnId\":98,\"columnName\":\"name\",\"columnType\":\"varchar(50)\",\"createBy\":\"org\",\"createTime\":\"2023-07-28 16:54:24\",\"dictType\":\"\",\"edit\":true,\"htmlType\":\"input\",\"increment\":false,\"insert\":true,\"isEdit\":\"1\",\"isIncrement\":\"0\",\"isInsert\":\"1\",\"isList\":\"1\",\"isPk\":\"0\",\"isQuery\":\"1\",\"isRequired\":\"1\",\"javaField\":\"name\",\"javaType\":\"String\",\"list\":true,\"params\":{},\"pk\":false,\"query\":true,\"queryType\":\"LIKE\",\"required\":true,\"sort\":2,\"superColumn\":false,\"tableId\":14,\"updateBy\":\"\",\"updateTime\":\"2023-07-28 16:57:36\",\"usableColumn\":false},{\"capJavaField\":\"Description\",\"columnComment\":\"分类描述\",\"columnId\":99,\"columnName\":\"description\",\"columnType\":\"text\",\"createBy\":\"org\",\"createTime\":\"2023-07-28 16:54:24\",\"dictType\":\"\",\"edit\":true,\"htmlType\":\"textarea\",\"increment\":false,\"insert\":true,\"isEdit\":\"1\",\"isIncrement\":\"0\",\"isInsert\":\"1\",\"isList\":\"1\",\"isPk\":\"0\",\"isQuery\":\"1\",\"isRequired\":\"1\",\"javaField\":\"description\",\"javaType\":\"String\",\"list\":true,\"params\":{},\"pk\":false,\"query\":true,\"queryType\":\"EQ\",\"required\":true,\"sort\":3,\"superColumn\":false,\"tableId\":14,\"updateBy\":\"\",\"updateTime\":\"2023-07-28 16:57:36\",\"usableColumn\":false}],\"crud\":true,\"functionAuthor\":\"张宇豪\",\"functionName\":\"纪念卡分类数据\",\"genPath\":\"/\",\"genType\":\"0\",\"moduleName\":\"carbon\",\"options\":\"{\\\"parentMenuId\\\":\\\"\\\"}\",\"packageName\":\"com.ruoyi.carbon\",\"params\":{\"parentMenuId\":\"\"},\"parentMenuId\":\"\",\"sub\":false,\"tableComment\":\"纪念卡分类数据表\",\"tabl', '{\"msg\":\"操作成功\",\"code\":200}', 0, NULL, '2023-07-28 16:57:52', 128);
INSERT INTO `sys_oper_log` VALUES (391, '代码生成', 2, 'com.ruoyi.generator.controller.GenController.editSave()', 'PUT', 1, 'org', NULL, '/tool/gen', '127.0.0.1', '内网IP', '{\"businessName\":\"category\",\"className\":\"CarbonCardCategory\",\"columns\":[{\"capJavaField\":\"Id\",\"columnComment\":\"卡分类ID\",\"columnId\":97,\"columnName\":\"id\",\"columnType\":\"int\",\"createBy\":\"org\",\"createTime\":\"2023-07-28 16:54:24\",\"dictType\":\"\",\"edit\":false,\"htmlType\":\"input\",\"increment\":true,\"insert\":true,\"isIncrement\":\"1\",\"isInsert\":\"1\",\"isPk\":\"1\",\"javaField\":\"id\",\"javaType\":\"Long\",\"list\":false,\"params\":{},\"pk\":true,\"query\":false,\"queryType\":\"EQ\",\"required\":false,\"sort\":1,\"superColumn\":false,\"tableId\":14,\"updateBy\":\"\",\"updateTime\":\"2023-07-28 16:57:51\",\"usableColumn\":false},{\"capJavaField\":\"Name\",\"columnComment\":\"分类名称\",\"columnId\":98,\"columnName\":\"name\",\"columnType\":\"varchar(50)\",\"createBy\":\"org\",\"createTime\":\"2023-07-28 16:54:24\",\"dictType\":\"\",\"edit\":true,\"htmlType\":\"input\",\"increment\":false,\"insert\":true,\"isEdit\":\"1\",\"isIncrement\":\"0\",\"isInsert\":\"1\",\"isList\":\"1\",\"isPk\":\"0\",\"isQuery\":\"1\",\"isRequired\":\"1\",\"javaField\":\"name\",\"javaType\":\"String\",\"list\":true,\"params\":{},\"pk\":false,\"query\":true,\"queryType\":\"LIKE\",\"required\":true,\"sort\":2,\"superColumn\":false,\"tableId\":14,\"updateBy\":\"\",\"updateTime\":\"2023-07-28 16:57:52\",\"usableColumn\":false},{\"capJavaField\":\"Description\",\"columnComment\":\"分类描述\",\"columnId\":99,\"columnName\":\"description\",\"columnType\":\"text\",\"createBy\":\"org\",\"createTime\":\"2023-07-28 16:54:24\",\"dictType\":\"\",\"edit\":true,\"htmlType\":\"textarea\",\"increment\":false,\"insert\":true,\"isEdit\":\"1\",\"isIncrement\":\"0\",\"isInsert\":\"1\",\"isList\":\"1\",\"isPk\":\"0\",\"isQuery\":\"1\",\"isRequired\":\"1\",\"javaField\":\"description\",\"javaType\":\"String\",\"list\":true,\"params\":{},\"pk\":false,\"query\":true,\"queryType\":\"EQ\",\"required\":true,\"sort\":3,\"superColumn\":false,\"tableId\":14,\"updateBy\":\"\",\"updateTime\":\"2023-07-28 16:57:52\",\"usableColumn\":false}],\"crud\":true,\"functionAuthor\":\"张宇豪\",\"functionName\":\"纪念卡分类数据\",\"genPath\":\"/\",\"genType\":\"0\",\"moduleName\":\"souvenir\",\"options\":\"{\\\"parentMenuId\\\":2000}\",\"packageName\":\"com.ruoyi.souvenir\",\"params\":{\"parentMenuId\":2000},\"parentMenuId\":\"2000\",\"sub\":false,\"tableComment\":\"纪念卡分类', '{\"msg\":\"操作成功\",\"code\":200}', 0, NULL, '2023-07-28 16:58:16', 131);
INSERT INTO `sys_oper_log` VALUES (392, '代码生成', 8, 'com.ruoyi.generator.controller.GenController.batchGenCode()', 'GET', 1, 'org', NULL, '/tool/gen/batchGenCode', '127.0.0.1', '内网IP', '{\"tables\":\"carbon_card\"}', NULL, 0, NULL, '2023-07-28 16:58:32', 191);
INSERT INTO `sys_oper_log` VALUES (393, '代码生成', 8, 'com.ruoyi.generator.controller.GenController.batchGenCode()', 'GET', 1, 'org', NULL, '/tool/gen/batchGenCode', '127.0.0.1', '内网IP', '{\"tables\":\"carbon_card_category\"}', NULL, 0, NULL, '2023-07-28 17:00:12', 31);
INSERT INTO `sys_oper_log` VALUES (394, '上传纪念卡图标', 1, 'com.ruoyi.web.controller.carbon.back.CardController.uploadFile()', 'POST', 1, 'admin', NULL, '/souvenir/card/upload', '127.0.0.1', '内网IP', '{\"onProgress\":\"(evt) => {\\r\\n          onProgress(evt, rawFile);\\r\\n        }\",\"filename\":\"file\",\"onError\":\"(err) => {\\r\\n          onError(err, rawFile);\\r\\n          delete requests.value[uid2];\\r\\n        }\",\"method\":\"post\",\"withCredentials\":\"false\",\"action\":\"\",\"onSuccess\":\"(res) => {\\r\\n          onSuccess(res, rawFile);\\r\\n          delete requests.value[uid2];\\r\\n        }\"}', '{\"msg\":\"操作成功\",\"imgUrl\":\"https://blog-1304715799.cos.ap-nanjing.myqcloud.com/imgs/81571690536294378.jpg\",\"code\":200}', 0, NULL, '2023-07-28 17:24:58', 595);
INSERT INTO `sys_oper_log` VALUES (395, '纪念卡数据', 1, 'com.ruoyi.web.controller.carbon.back.CardController.add()', 'POST', 1, 'admin', NULL, '/souvenir/card', '127.0.0.1', '内网IP', '{\"category\":\"绿色环保\",\"description\":\"绿色出行 低碳使者 智慧先锋\",\"id\":1,\"level\":3,\"name\":\"低碳使者\",\"params\":{}}', '{\"msg\":\"操作成功\",\"code\":200}', 0, NULL, '2023-07-28 17:26:02', 44);
INSERT INTO `sys_oper_log` VALUES (396, '上传纪念卡图标', 1, 'com.ruoyi.web.controller.carbon.back.CardController.uploadFile()', 'POST', 1, 'admin', NULL, '/souvenir/card/upload', '127.0.0.1', '内网IP', '{\"onProgress\":\"(evt) => {\\r\\n          onProgress(evt, rawFile);\\r\\n        }\",\"filename\":\"file\",\"onError\":\"(err) => {\\r\\n          onError(err, rawFile);\\r\\n          delete requests.value[uid2];\\r\\n        }\",\"method\":\"post\",\"withCredentials\":\"false\",\"action\":\"\",\"onSuccess\":\"(res) => {\\r\\n          onSuccess(res, rawFile);\\r\\n          delete requests.value[uid2];\\r\\n        }\"}', '{\"msg\":\"操作成功\",\"imgUrl\":\"https://blog-1304715799.cos.ap-nanjing.myqcloud.com/imgs/53611690536556910.jpg\",\"code\":200}', 0, NULL, '2023-07-28 17:29:20', 445);
INSERT INTO `sys_oper_log` VALUES (397, '纪念卡数据', 1, 'com.ruoyi.web.controller.carbon.back.CardController.add()', 'POST', 1, 'admin', NULL, '/souvenir/card', '127.0.0.1', '内网IP', '{\"category\":\"钟文慧\",\"description\":\"你真的很低碳\",\"id\":2,\"level\":1,\"name\":\"低碳王者\",\"params\":{},\"url\":\"https://blog-1304715799.cos.ap-nanjing.myqcloud.com/imgs/53611690536556910.jpg\"}', '{\"msg\":\"操作成功\",\"code\":200}', 0, NULL, '2023-07-28 17:29:22', 44);
INSERT INTO `sys_oper_log` VALUES (398, '纪念卡分类数据', 1, 'com.ruoyi.web.controller.carbon.back.CardCategoryController.add()', 'POST', 1, 'admin', NULL, '/souvenir/category', '127.0.0.1', '内网IP', '{\"description\":\"绿色环保 促使低碳出行\",\"id\":1,\"name\":\"绿色环保\",\"params\":{}}', '{\"msg\":\"操作成功\",\"code\":200}', 0, NULL, '2023-07-28 17:29:56', 33);
INSERT INTO `sys_oper_log` VALUES (399, '纪念卡分类数据', 1, 'com.ruoyi.web.controller.carbon.back.CardCategoryController.add()', 'POST', 1, 'admin', NULL, '/souvenir/category', '127.0.0.1', '内网IP', '{\"description\":\"只有让工业更加的绿色化\",\"id\":2,\"name\":\"工业小清新\",\"params\":{}}', '{\"msg\":\"操作成功\",\"code\":200}', 0, NULL, '2023-07-28 17:30:22', 36);
INSERT INTO `sys_oper_log` VALUES (400, '上传纪念卡图标', 1, 'com.ruoyi.web.controller.carbon.back.CardController.uploadFile()', 'POST', 1, 'admin', NULL, '/souvenir/card/upload', '127.0.0.1', '内网IP', '{\"onProgress\":\"(evt) => {\\r\\n          onProgress(evt, rawFile);\\r\\n        }\",\"filename\":\"file\",\"onError\":\"(err) => {\\r\\n          onError(err, rawFile);\\r\\n          delete requests.value[uid2];\\r\\n        }\",\"method\":\"post\",\"withCredentials\":\"false\",\"action\":\"\",\"onSuccess\":\"(res) => {\\r\\n          onSuccess(res, rawFile);\\r\\n          delete requests.value[uid2];\\r\\n        }\"}', '{\"msg\":\"操作成功\",\"imgUrl\":\"https://blog-1304715799.cos.ap-nanjing.myqcloud.com/imgs/4471690539123392.jpg\",\"code\":200}', 0, NULL, '2023-07-28 18:12:07', 472);
INSERT INTO `sys_oper_log` VALUES (401, '纪念卡数据', 1, 'com.ruoyi.web.controller.carbon.back.CardController.add()', 'POST', 1, 'admin', NULL, '/souvenir/card', '127.0.0.1', '内网IP', '{\"category\":\"绿色环保\",\"description\":\"环保战士\",\"id\":3,\"level\":3,\"name\":\"环保能手\",\"params\":{},\"url\":\"https://blog-1304715799.cos.ap-nanjing.myqcloud.com/imgs/4471690539123392.jpg\"}', NULL, 1, 'Invalid bound statement (not found): com.ruoyi.souvenir.mapper.CarbonCardMapper.selectList', '2023-07-28 18:12:08', 55);
INSERT INTO `sys_oper_log` VALUES (402, '上传纪念卡图标', 1, 'com.ruoyi.web.controller.carbon.back.CardController.uploadFile()', 'POST', 1, 'admin', NULL, '/souvenir/card/upload', '127.0.0.1', '内网IP', '{\"onProgress\":\"(evt) => {\\r\\n          onProgress(evt, rawFile);\\r\\n        }\",\"filename\":\"file\",\"onError\":\"(err) => {\\r\\n          onError(err, rawFile);\\r\\n          delete requests.value[uid2];\\r\\n        }\",\"method\":\"post\",\"withCredentials\":\"false\",\"action\":\"\",\"onSuccess\":\"(res) => {\\r\\n          onSuccess(res, rawFile);\\r\\n          delete requests.value[uid2];\\r\\n        }\"}', '{\"msg\":\"操作成功\",\"imgUrl\":\"https://blog-1304715799.cos.ap-nanjing.myqcloud.com/imgs/71581690546118220.jpg\",\"code\":200}', 0, NULL, '2023-07-28 20:08:42', 536);
INSERT INTO `sys_oper_log` VALUES (403, '纪念卡数据', 1, 'com.ruoyi.web.controller.carbon.back.CardController.add()', 'POST', 1, 'admin', NULL, '/souvenir/card', '127.0.0.1', '内网IP', '{\"category\":\"测试\",\"description\":\"测试\",\"id\":4,\"level\":3,\"name\":\"测试\",\"params\":{},\"url\":\"https://blog-1304715799.cos.ap-nanjing.myqcloud.com/imgs/71581690546118220.jpg\"}', NULL, 1, 'Invalid bound statement (not found): com.ruoyi.souvenir.mapper.CarbonCardMapper.selectList', '2023-07-28 20:08:43', 43);
INSERT INTO `sys_oper_log` VALUES (404, '纪念卡数据', 1, 'com.ruoyi.web.controller.carbon.back.CardController.add()', 'POST', 1, 'admin', NULL, '/souvenir/card', '127.0.0.1', '内网IP', '{\"category\":\"测试\",\"description\":\"测试\",\"id\":5,\"level\":3,\"name\":\"测试\",\"params\":{},\"url\":\"https://blog-1304715799.cos.ap-nanjing.myqcloud.com/imgs/71581690546118220.jpg\"}', NULL, 1, 'Invalid bound statement (not found): com.ruoyi.souvenir.mapper.CarbonCardMapper.selectList', '2023-07-28 20:16:50', 50884);
INSERT INTO `sys_oper_log` VALUES (405, '纪念卡数据', 1, 'com.ruoyi.web.controller.carbon.back.CardController.add()', 'POST', 1, 'admin', NULL, '/souvenir/card', '127.0.0.1', '内网IP', '{\"category\":\"测试\",\"description\":\"测试\",\"id\":6,\"level\":3,\"name\":\"测试\",\"params\":{},\"url\":\"https://blog-1304715799.cos.ap-nanjing.myqcloud.com/imgs/71581690546118220.jpg\"}', NULL, 1, 'Invalid bound statement (not found): com.ruoyi.souvenir.mapper.CarbonCardMapper.selectList', '2023-07-28 20:16:50', 10373);
INSERT INTO `sys_oper_log` VALUES (406, '纪念卡数据', 1, 'com.ruoyi.web.controller.carbon.back.CardController.add()', 'POST', 1, 'admin', NULL, '/souvenir/card', '127.0.0.1', '内网IP', '{\"category\":\"测试\",\"description\":\"测试\",\"id\":7,\"level\":3,\"name\":\"测试\",\"params\":{},\"url\":\"https://blog-1304715799.cos.ap-nanjing.myqcloud.com/imgs/71581690546118220.jpg\"}', NULL, 1, 'Invalid bound statement (not found): com.ruoyi.souvenir.mapper.CarbonCardMapper.selectList', '2023-07-28 20:17:30', 22750);
INSERT INTO `sys_oper_log` VALUES (407, '纪念卡数据', 1, 'com.ruoyi.web.controller.carbon.back.CardController.add()', 'POST', 1, 'admin', NULL, '/souvenir/card', '127.0.0.1', '内网IP', '{\"category\":\"测试\",\"description\":\"测试\",\"id\":8,\"level\":3,\"name\":\"测试\",\"params\":{},\"url\":\"https://blog-1304715799.cos.ap-nanjing.myqcloud.com/imgs/71581690546118220.jpg\"}', NULL, 1, 'Invalid bound statement (not found): com.ruoyi.souvenir.mapper.CarbonCardMapper.selectList', '2023-07-28 20:17:48', 82);
INSERT INTO `sys_oper_log` VALUES (408, '纪念卡数据', 3, 'com.ruoyi.web.controller.carbon.back.CardController.remove()', 'DELETE', 1, 'admin', NULL, '/souvenir/card/3', '127.0.0.1', '内网IP', '{}', '{\"msg\":\"操作成功\",\"code\":200}', 0, NULL, '2023-07-28 20:21:20', 39);
INSERT INTO `sys_oper_log` VALUES (409, '纪念卡数据', 3, 'com.ruoyi.web.controller.carbon.back.CardController.remove()', 'DELETE', 1, 'admin', NULL, '/souvenir/card/4', '127.0.0.1', '内网IP', '{}', '{\"msg\":\"操作成功\",\"code\":200}', 0, NULL, '2023-07-28 20:21:22', 25);
INSERT INTO `sys_oper_log` VALUES (410, '上传纪念卡图标', 1, 'com.ruoyi.web.controller.carbon.back.CardController.uploadFile()', 'POST', 1, 'admin', NULL, '/souvenir/card/upload', '127.0.0.1', '内网IP', '{\"onProgress\":\"(evt) => {\\r\\n          onProgress(evt, rawFile);\\r\\n        }\",\"filename\":\"file\",\"onError\":\"(err) => {\\r\\n          onError(err, rawFile);\\r\\n          delete requests.value[uid2];\\r\\n        }\",\"method\":\"post\",\"withCredentials\":\"false\",\"action\":\"\",\"onSuccess\":\"(res) => {\\r\\n          onSuccess(res, rawFile);\\r\\n          delete requests.value[uid2];\\r\\n        }\"}', '{\"msg\":\"操作成功\",\"imgUrl\":\"https://blog-1304715799.cos.ap-nanjing.myqcloud.com/imgs/60971690546884966.jpg\",\"code\":200}', 0, NULL, '2023-07-28 20:21:29', 584);
INSERT INTO `sys_oper_log` VALUES (411, '纪念卡数据', 1, 'com.ruoyi.web.controller.carbon.back.CardController.add()', 'POST', 1, 'admin', NULL, '/souvenir/card', '127.0.0.1', '内网IP', '{\"category\":\"测试\",\"description\":\"测试\",\"id\":9,\"level\":3,\"name\":\"测试\",\"params\":{},\"url\":\"https://blog-1304715799.cos.ap-nanjing.myqcloud.com/imgs/60971690546884966.jpg\"}', '{\"msg\":\"操作成功\",\"code\":200}', 0, NULL, '2023-07-28 20:21:31', 154);
INSERT INTO `sys_oper_log` VALUES (412, '获取所有的纪念卡分类', 0, 'com.ruoyi.web.controller.carbon.back.CardCategoryController.getCategoryList()', 'GET', 1, 'admin', NULL, '/souvenir/category/nameList', '127.0.0.1', '内网IP', '{}', '{\"msg\":\"操作成功\",\"code\":200,\"data\":[{\"label\":\"绿色环保\",\"value\":\"绿色环保\"},{\"label\":\"工业小清新\",\"value\":\"工业小清新\"}]}', 0, NULL, '2023-07-28 20:38:11', 19);
INSERT INTO `sys_oper_log` VALUES (413, '菜单管理', 1, 'com.ruoyi.web.controller.system.SysMenuController.add()', 'POST', 1, 'admin', NULL, '/system/menu', '127.0.0.1', '内网IP', '{\"children\":[],\"createBy\":\"admin\",\"icon\":\"button\",\"isCache\":\"0\",\"isFrame\":\"1\",\"menuName\":\"资源管理\",\"menuType\":\"M\",\"orderNum\":7,\"params\":{},\"parentId\":0,\"path\":\"industry\",\"status\":\"0\",\"visible\":\"0\"}', '{\"msg\":\"操作成功\",\"code\":200}', 0, NULL, '2023-07-28 21:35:26', 44);
INSERT INTO `sys_oper_log` VALUES (414, '菜单管理', 2, 'com.ruoyi.web.controller.system.SysMenuController.edit()', 'PUT', 1, 'admin', NULL, '/system/menu', '127.0.0.1', '内网IP', '{\"children\":[],\"component\":\"carbon/industry/index\",\"createTime\":\"2023-07-25 14:11:20\",\"icon\":\"#\",\"isCache\":\"0\",\"isFrame\":\"1\",\"menuId\":2039,\"menuName\":\"行业分类单\",\"menuType\":\"C\",\"orderNum\":1,\"params\":{},\"parentId\":2104,\"path\":\"industry\",\"perms\":\"carbon:industry:list\",\"status\":\"0\",\"updateBy\":\"admin\",\"visible\":\"0\"}', '{\"msg\":\"操作成功\",\"code\":200}', 0, NULL, '2023-07-28 21:36:00', 37);
INSERT INTO `sys_oper_log` VALUES (415, '菜单管理', 2, 'com.ruoyi.web.controller.system.SysMenuController.edit()', 'PUT', 1, 'admin', NULL, '/system/menu', '127.0.0.1', '内网IP', '{\"children\":[],\"component\":\"carbon/type/index\",\"createTime\":\"2023-07-25 15:13:24\",\"icon\":\"#\",\"isCache\":\"0\",\"isFrame\":\"1\",\"menuId\":2056,\"menuName\":\"资源类型数据\",\"menuType\":\"C\",\"orderNum\":2,\"params\":{},\"parentId\":2104,\"path\":\"type\",\"perms\":\"carbon:type:list\",\"status\":\"0\",\"updateBy\":\"admin\",\"visible\":\"0\"}', '{\"msg\":\"操作成功\",\"code\":200}', 0, NULL, '2023-07-28 21:36:10', 41);
INSERT INTO `sys_oper_log` VALUES (416, '菜单管理', 2, 'com.ruoyi.web.controller.system.SysMenuController.edit()', 'PUT', 1, 'admin', NULL, '/system/menu', '127.0.0.1', '内网IP', '{\"children\":[],\"component\":\"carbon/method/index\",\"createTime\":\"2023-07-25 15:37:32\",\"icon\":\"#\",\"isCache\":\"0\",\"isFrame\":\"1\",\"menuId\":2086,\"menuName\":\"排放方式的\",\"menuType\":\"C\",\"orderNum\":3,\"params\":{},\"parentId\":2104,\"path\":\"method\",\"perms\":\"carbon:method:list\",\"status\":\"0\",\"updateBy\":\"admin\",\"visible\":\"0\"}', '{\"msg\":\"操作成功\",\"code\":200}', 0, NULL, '2023-07-28 21:36:25', 281);
INSERT INTO `sys_oper_log` VALUES (417, '菜单管理', 1, 'com.ruoyi.web.controller.system.SysMenuController.add()', 'POST', 1, 'admin', NULL, '/system/menu', '127.0.0.1', '内网IP', '{\"children\":[],\"createBy\":\"admin\",\"icon\":\"color\",\"isCache\":\"0\",\"isFrame\":\"1\",\"menuName\":\"纪念卡管理\",\"menuType\":\"M\",\"orderNum\":8,\"params\":{},\"parentId\":0,\"path\":\"suvenir\",\"status\":\"0\",\"visible\":\"0\"}', '{\"msg\":\"操作成功\",\"code\":200}', 0, NULL, '2023-07-28 21:36:48', 35);
INSERT INTO `sys_oper_log` VALUES (418, '菜单管理', 2, 'com.ruoyi.web.controller.system.SysMenuController.edit()', 'PUT', 1, 'admin', NULL, '/system/menu', '127.0.0.1', '内网IP', '{\"children\":[],\"component\":\"souvenir/category/index\",\"createTime\":\"2023-07-28 17:05:52\",\"icon\":\"#\",\"isCache\":\"0\",\"isFrame\":\"1\",\"menuId\":2092,\"menuName\":\"纪念卡分类数据\",\"menuType\":\"C\",\"orderNum\":1,\"params\":{},\"parentId\":2105,\"path\":\"category\",\"perms\":\"souvenir:category:list\",\"status\":\"0\",\"updateBy\":\"admin\",\"visible\":\"0\"}', '{\"msg\":\"操作成功\",\"code\":200}', 0, NULL, '2023-07-28 21:36:56', 40);
INSERT INTO `sys_oper_log` VALUES (419, '菜单管理', 2, 'com.ruoyi.web.controller.system.SysMenuController.edit()', 'PUT', 1, 'admin', NULL, '/system/menu', '127.0.0.1', '内网IP', '{\"children\":[],\"component\":\"souvenir/card/index\",\"createTime\":\"2023-07-28 17:06:09\",\"icon\":\"#\",\"isCache\":\"0\",\"isFrame\":\"1\",\"menuId\":2098,\"menuName\":\"纪念卡数据\",\"menuType\":\"C\",\"orderNum\":2,\"params\":{},\"parentId\":2105,\"path\":\"card\",\"perms\":\"souvenir:card:list\",\"status\":\"0\",\"updateBy\":\"admin\",\"visible\":\"0\"}', '{\"msg\":\"操作成功\",\"code\":200}', 0, NULL, '2023-07-28 21:37:04', 39);
INSERT INTO `sys_oper_log` VALUES (420, '获取所有的纪念卡分类', 0, 'com.ruoyi.web.controller.carbon.back.CardCategoryController.getCategoryList()', 'GET', 1, 'admin', NULL, '/souvenir/category/nameList', '127.0.0.1', '内网IP', '{}', '{\"msg\":\"操作成功\",\"code\":200,\"data\":[{\"label\":\"绿色环保\",\"value\":\"绿色环保\"},{\"label\":\"工业小清新\",\"value\":\"工业小清新\"}]}', 0, NULL, '2023-07-28 21:37:23', 14);
INSERT INTO `sys_oper_log` VALUES (421, '获取所有的纪念卡分类', 0, 'com.ruoyi.web.controller.carbon.back.CardCategoryController.getCategoryList()', 'GET', 1, 'admin', NULL, '/souvenir/category/nameList', '127.0.0.1', '内网IP', '{}', '{\"msg\":\"操作成功\",\"code\":200,\"data\":[{\"label\":\"绿色环保\",\"value\":\"绿色环保\"},{\"label\":\"工业小清新\",\"value\":\"工业小清新\"}]}', 0, NULL, '2023-07-28 21:37:30', 12);
INSERT INTO `sys_oper_log` VALUES (422, '获取所有的纪念卡分类', 0, 'com.ruoyi.web.controller.carbon.back.CardCategoryController.getCategoryList()', 'GET', 1, 'admin', NULL, '/souvenir/category/nameList', '127.0.0.1', '内网IP', '{}', '{\"msg\":\"操作成功\",\"code\":200,\"data\":[{\"label\":\"绿色环保\",\"value\":\"绿色环保\"},{\"label\":\"工业小清新\",\"value\":\"工业小清新\"}]}', 0, NULL, '2023-07-28 21:39:54', 11);

-- ----------------------------
-- Table structure for sys_post
-- ----------------------------
DROP TABLE IF EXISTS `sys_post`;
CREATE TABLE `sys_post`  (
  `post_id` bigint NOT NULL AUTO_INCREMENT COMMENT '岗位ID',
  `post_code` varchar(64) CHARACTER SET utf8mb4 COLLATE utf8mb4_0900_ai_ci NOT NULL COMMENT '岗位编码',
  `post_name` varchar(50) CHARACTER SET utf8mb4 COLLATE utf8mb4_0900_ai_ci NOT NULL COMMENT '岗位名称',
  `post_sort` int NOT NULL COMMENT '显示顺序',
  `status` char(1) CHARACTER SET utf8mb4 COLLATE utf8mb4_0900_ai_ci NOT NULL COMMENT '状态（0正常 1停用）',
  `create_by` varchar(64) CHARACTER SET utf8mb4 COLLATE utf8mb4_0900_ai_ci NULL DEFAULT '' COMMENT '创建者',
  `create_time` datetime NULL DEFAULT NULL COMMENT '创建时间',
  `update_by` varchar(64) CHARACTER SET utf8mb4 COLLATE utf8mb4_0900_ai_ci NULL DEFAULT '' COMMENT '更新者',
  `update_time` datetime NULL DEFAULT NULL COMMENT '更新时间',
  `remark` varchar(500) CHARACTER SET utf8mb4 COLLATE utf8mb4_0900_ai_ci NULL DEFAULT NULL COMMENT '备注',
  PRIMARY KEY (`post_id`) USING BTREE
) ENGINE = InnoDB AUTO_INCREMENT = 5 CHARACTER SET = utf8mb4 COLLATE = utf8mb4_0900_ai_ci COMMENT = '岗位信息表' ROW_FORMAT = Dynamic;

-- ----------------------------
-- Records of sys_post
-- ----------------------------
INSERT INTO `sys_post` VALUES (1, 'ceo', '董事长', 1, '0', 'admin', '2023-07-11 09:17:48', '', NULL, '');
INSERT INTO `sys_post` VALUES (2, 'se', '项目经理', 2, '0', 'admin', '2023-07-11 09:17:48', '', NULL, '');
INSERT INTO `sys_post` VALUES (3, 'hr', '人力资源', 3, '0', 'admin', '2023-07-11 09:17:48', '', NULL, '');
INSERT INTO `sys_post` VALUES (4, 'user', '普通员工', 4, '0', 'admin', '2023-07-11 09:17:48', '', NULL, '');

-- ----------------------------
-- Table structure for sys_role
-- ----------------------------
DROP TABLE IF EXISTS `sys_role`;
CREATE TABLE `sys_role`  (
  `role_id` bigint NOT NULL AUTO_INCREMENT COMMENT '角色ID',
  `role_name` varchar(30) CHARACTER SET utf8mb4 COLLATE utf8mb4_0900_ai_ci NOT NULL COMMENT '角色名称',
  `role_key` varchar(100) CHARACTER SET utf8mb4 COLLATE utf8mb4_0900_ai_ci NOT NULL COMMENT '角色权限字符串',
  `role_sort` int NOT NULL COMMENT '显示顺序',
  `data_scope` char(1) CHARACTER SET utf8mb4 COLLATE utf8mb4_0900_ai_ci NULL DEFAULT '1' COMMENT '数据范围（1：全部数据权限 2：自定数据权限 3：本部门数据权限 4：本部门及以下数据权限）',
  `menu_check_strictly` tinyint(1) NULL DEFAULT 1 COMMENT '菜单树选择项是否关联显示',
  `dept_check_strictly` tinyint(1) NULL DEFAULT 1 COMMENT '部门树选择项是否关联显示',
  `status` char(1) CHARACTER SET utf8mb4 COLLATE utf8mb4_0900_ai_ci NOT NULL COMMENT '角色状态（0正常 1停用）',
  `del_flag` char(1) CHARACTER SET utf8mb4 COLLATE utf8mb4_0900_ai_ci NULL DEFAULT '0' COMMENT '删除标志（0代表存在 2代表删除）',
  `create_by` varchar(64) CHARACTER SET utf8mb4 COLLATE utf8mb4_0900_ai_ci NULL DEFAULT '' COMMENT '创建者',
  `create_time` datetime NULL DEFAULT NULL COMMENT '创建时间',
  `update_by` varchar(64) CHARACTER SET utf8mb4 COLLATE utf8mb4_0900_ai_ci NULL DEFAULT '' COMMENT '更新者',
  `update_time` datetime NULL DEFAULT NULL COMMENT '更新时间',
  `remark` varchar(500) CHARACTER SET utf8mb4 COLLATE utf8mb4_0900_ai_ci NULL DEFAULT NULL COMMENT '备注',
  PRIMARY KEY (`role_id`) USING BTREE
) ENGINE = InnoDB AUTO_INCREMENT = 101 CHARACTER SET = utf8mb4 COLLATE = utf8mb4_0900_ai_ci COMMENT = '角色信息表' ROW_FORMAT = Dynamic;

-- ----------------------------
-- Records of sys_role
-- ----------------------------
INSERT INTO `sys_role` VALUES (1, '超级管理员', 'admin', 1, '1', 1, 1, '0', '0', 'admin', '2023-07-11 09:17:48', '', NULL, '超级管理员');
INSERT INTO `sys_role` VALUES (2, '普通角色', 'common', 2, '2', 1, 1, '0', '0', 'admin', '2023-07-11 09:17:48', 'admin', '2023-07-12 17:04:11', '普通角色');
INSERT INTO `sys_role` VALUES (100, '监管机构', 'regulator', 3, '1', 1, 1, '0', '0', 'admin', '2023-07-11 10:46:23', 'admin', '2023-07-14 15:14:27', '监管部门');

-- ----------------------------
-- Table structure for sys_role_dept
-- ----------------------------
DROP TABLE IF EXISTS `sys_role_dept`;
CREATE TABLE `sys_role_dept`  (
  `role_id` bigint NOT NULL COMMENT '角色ID',
  `dept_id` bigint NOT NULL COMMENT '部门ID',
  PRIMARY KEY (`role_id`, `dept_id`) USING BTREE
) ENGINE = InnoDB CHARACTER SET = utf8mb4 COLLATE = utf8mb4_0900_ai_ci COMMENT = '角色和部门关联表' ROW_FORMAT = Dynamic;

-- ----------------------------
-- Records of sys_role_dept
-- ----------------------------
INSERT INTO `sys_role_dept` VALUES (2, 100);
INSERT INTO `sys_role_dept` VALUES (2, 101);
INSERT INTO `sys_role_dept` VALUES (2, 105);

-- ----------------------------
-- Table structure for sys_role_menu
-- ----------------------------
DROP TABLE IF EXISTS `sys_role_menu`;
CREATE TABLE `sys_role_menu`  (
  `role_id` bigint NOT NULL COMMENT '角色ID',
  `menu_id` bigint NOT NULL COMMENT '菜单ID',
  PRIMARY KEY (`role_id`, `menu_id`) USING BTREE
) ENGINE = InnoDB CHARACTER SET = utf8mb4 COLLATE = utf8mb4_0900_ai_ci COMMENT = '角色和菜单关联表' ROW_FORMAT = Dynamic;

-- ----------------------------
-- Records of sys_role_menu
-- ----------------------------
INSERT INTO `sys_role_menu` VALUES (2, 1);
INSERT INTO `sys_role_menu` VALUES (2, 2);
INSERT INTO `sys_role_menu` VALUES (2, 3);
INSERT INTO `sys_role_menu` VALUES (2, 100);
INSERT INTO `sys_role_menu` VALUES (2, 101);
INSERT INTO `sys_role_menu` VALUES (2, 102);
INSERT INTO `sys_role_menu` VALUES (2, 103);
INSERT INTO `sys_role_menu` VALUES (2, 104);
INSERT INTO `sys_role_menu` VALUES (2, 105);
INSERT INTO `sys_role_menu` VALUES (2, 106);
INSERT INTO `sys_role_menu` VALUES (2, 107);
INSERT INTO `sys_role_menu` VALUES (2, 108);
INSERT INTO `sys_role_menu` VALUES (2, 109);
INSERT INTO `sys_role_menu` VALUES (2, 110);
INSERT INTO `sys_role_menu` VALUES (2, 111);
INSERT INTO `sys_role_menu` VALUES (2, 112);
INSERT INTO `sys_role_menu` VALUES (2, 113);
INSERT INTO `sys_role_menu` VALUES (2, 114);
INSERT INTO `sys_role_menu` VALUES (2, 115);
INSERT INTO `sys_role_menu` VALUES (2, 116);
INSERT INTO `sys_role_menu` VALUES (2, 117);
INSERT INTO `sys_role_menu` VALUES (2, 500);
INSERT INTO `sys_role_menu` VALUES (2, 501);
INSERT INTO `sys_role_menu` VALUES (2, 1000);
INSERT INTO `sys_role_menu` VALUES (2, 1001);
INSERT INTO `sys_role_menu` VALUES (2, 1002);
INSERT INTO `sys_role_menu` VALUES (2, 1003);
INSERT INTO `sys_role_menu` VALUES (2, 1004);
INSERT INTO `sys_role_menu` VALUES (2, 1005);
INSERT INTO `sys_role_menu` VALUES (2, 1006);
INSERT INTO `sys_role_menu` VALUES (2, 1007);
INSERT INTO `sys_role_menu` VALUES (2, 1008);
INSERT INTO `sys_role_menu` VALUES (2, 1009);
INSERT INTO `sys_role_menu` VALUES (2, 1010);
INSERT INTO `sys_role_menu` VALUES (2, 1011);
INSERT INTO `sys_role_menu` VALUES (2, 1012);
INSERT INTO `sys_role_menu` VALUES (2, 1013);
INSERT INTO `sys_role_menu` VALUES (2, 1014);
INSERT INTO `sys_role_menu` VALUES (2, 1015);
INSERT INTO `sys_role_menu` VALUES (2, 1016);
INSERT INTO `sys_role_menu` VALUES (2, 1017);
INSERT INTO `sys_role_menu` VALUES (2, 1018);
INSERT INTO `sys_role_menu` VALUES (2, 1019);
INSERT INTO `sys_role_menu` VALUES (2, 1020);
INSERT INTO `sys_role_menu` VALUES (2, 1021);
INSERT INTO `sys_role_menu` VALUES (2, 1022);
INSERT INTO `sys_role_menu` VALUES (2, 1023);
INSERT INTO `sys_role_menu` VALUES (2, 1024);
INSERT INTO `sys_role_menu` VALUES (2, 1025);
INSERT INTO `sys_role_menu` VALUES (2, 1026);
INSERT INTO `sys_role_menu` VALUES (2, 1027);
INSERT INTO `sys_role_menu` VALUES (2, 1028);
INSERT INTO `sys_role_menu` VALUES (2, 1029);
INSERT INTO `sys_role_menu` VALUES (2, 1030);
INSERT INTO `sys_role_menu` VALUES (2, 1031);
INSERT INTO `sys_role_menu` VALUES (2, 1032);
INSERT INTO `sys_role_menu` VALUES (2, 1033);
INSERT INTO `sys_role_menu` VALUES (2, 1034);
INSERT INTO `sys_role_menu` VALUES (2, 1035);
INSERT INTO `sys_role_menu` VALUES (2, 1036);
INSERT INTO `sys_role_menu` VALUES (2, 1037);
INSERT INTO `sys_role_menu` VALUES (2, 1038);
INSERT INTO `sys_role_menu` VALUES (2, 1039);
INSERT INTO `sys_role_menu` VALUES (2, 1040);
INSERT INTO `sys_role_menu` VALUES (2, 1041);
INSERT INTO `sys_role_menu` VALUES (2, 1042);
INSERT INTO `sys_role_menu` VALUES (2, 1043);
INSERT INTO `sys_role_menu` VALUES (2, 1044);
INSERT INTO `sys_role_menu` VALUES (2, 1045);
INSERT INTO `sys_role_menu` VALUES (2, 1046);
INSERT INTO `sys_role_menu` VALUES (2, 1047);
INSERT INTO `sys_role_menu` VALUES (2, 1048);
INSERT INTO `sys_role_menu` VALUES (2, 1049);
INSERT INTO `sys_role_menu` VALUES (2, 1050);
INSERT INTO `sys_role_menu` VALUES (2, 1051);
INSERT INTO `sys_role_menu` VALUES (2, 1052);
INSERT INTO `sys_role_menu` VALUES (2, 1053);
INSERT INTO `sys_role_menu` VALUES (2, 1054);
INSERT INTO `sys_role_menu` VALUES (2, 1055);
INSERT INTO `sys_role_menu` VALUES (2, 1056);
INSERT INTO `sys_role_menu` VALUES (2, 1057);
INSERT INTO `sys_role_menu` VALUES (2, 1058);
INSERT INTO `sys_role_menu` VALUES (2, 1059);
INSERT INTO `sys_role_menu` VALUES (2, 1060);
INSERT INTO `sys_role_menu` VALUES (100, 1);
INSERT INTO `sys_role_menu` VALUES (100, 3);
INSERT INTO `sys_role_menu` VALUES (100, 100);
INSERT INTO `sys_role_menu` VALUES (100, 101);
INSERT INTO `sys_role_menu` VALUES (100, 102);
INSERT INTO `sys_role_menu` VALUES (100, 103);
INSERT INTO `sys_role_menu` VALUES (100, 104);
INSERT INTO `sys_role_menu` VALUES (100, 115);
INSERT INTO `sys_role_menu` VALUES (100, 116);
INSERT INTO `sys_role_menu` VALUES (100, 117);
INSERT INTO `sys_role_menu` VALUES (100, 1000);
INSERT INTO `sys_role_menu` VALUES (100, 1001);
INSERT INTO `sys_role_menu` VALUES (100, 1002);
INSERT INTO `sys_role_menu` VALUES (100, 1003);
INSERT INTO `sys_role_menu` VALUES (100, 1004);
INSERT INTO `sys_role_menu` VALUES (100, 1005);
INSERT INTO `sys_role_menu` VALUES (100, 1006);
INSERT INTO `sys_role_menu` VALUES (100, 1007);
INSERT INTO `sys_role_menu` VALUES (100, 1008);
INSERT INTO `sys_role_menu` VALUES (100, 1009);
INSERT INTO `sys_role_menu` VALUES (100, 1010);
INSERT INTO `sys_role_menu` VALUES (100, 1011);
INSERT INTO `sys_role_menu` VALUES (100, 1012);
INSERT INTO `sys_role_menu` VALUES (100, 1013);
INSERT INTO `sys_role_menu` VALUES (100, 1014);
INSERT INTO `sys_role_menu` VALUES (100, 1015);
INSERT INTO `sys_role_menu` VALUES (100, 1016);
INSERT INTO `sys_role_menu` VALUES (100, 1017);
INSERT INTO `sys_role_menu` VALUES (100, 1018);
INSERT INTO `sys_role_menu` VALUES (100, 1019);
INSERT INTO `sys_role_menu` VALUES (100, 1020);
INSERT INTO `sys_role_menu` VALUES (100, 1021);
INSERT INTO `sys_role_menu` VALUES (100, 1022);
INSERT INTO `sys_role_menu` VALUES (100, 1023);
INSERT INTO `sys_role_menu` VALUES (100, 1024);
INSERT INTO `sys_role_menu` VALUES (100, 1055);
INSERT INTO `sys_role_menu` VALUES (100, 1056);
INSERT INTO `sys_role_menu` VALUES (100, 1057);
INSERT INTO `sys_role_menu` VALUES (100, 1058);
INSERT INTO `sys_role_menu` VALUES (100, 1059);
INSERT INTO `sys_role_menu` VALUES (100, 1060);
INSERT INTO `sys_role_menu` VALUES (100, 2000);
INSERT INTO `sys_role_menu` VALUES (100, 2001);
INSERT INTO `sys_role_menu` VALUES (100, 2002);
INSERT INTO `sys_role_menu` VALUES (100, 2003);
INSERT INTO `sys_role_menu` VALUES (100, 2004);
INSERT INTO `sys_role_menu` VALUES (100, 2005);
INSERT INTO `sys_role_menu` VALUES (100, 2006);
INSERT INTO `sys_role_menu` VALUES (100, 2007);
INSERT INTO `sys_role_menu` VALUES (100, 2008);
INSERT INTO `sys_role_menu` VALUES (100, 2009);
INSERT INTO `sys_role_menu` VALUES (100, 2010);
INSERT INTO `sys_role_menu` VALUES (100, 2011);
INSERT INTO `sys_role_menu` VALUES (100, 2012);
INSERT INTO `sys_role_menu` VALUES (100, 2013);
INSERT INTO `sys_role_menu` VALUES (100, 2014);
INSERT INTO `sys_role_menu` VALUES (100, 2015);
INSERT INTO `sys_role_menu` VALUES (100, 2016);
INSERT INTO `sys_role_menu` VALUES (100, 2017);
INSERT INTO `sys_role_menu` VALUES (100, 2018);
INSERT INTO `sys_role_menu` VALUES (100, 2019);
INSERT INTO `sys_role_menu` VALUES (100, 2020);
INSERT INTO `sys_role_menu` VALUES (100, 2021);
INSERT INTO `sys_role_menu` VALUES (100, 2022);
INSERT INTO `sys_role_menu` VALUES (100, 2023);
INSERT INTO `sys_role_menu` VALUES (100, 2024);
INSERT INTO `sys_role_menu` VALUES (100, 2025);
INSERT INTO `sys_role_menu` VALUES (100, 2026);
INSERT INTO `sys_role_menu` VALUES (100, 2027);
INSERT INTO `sys_role_menu` VALUES (100, 2028);
INSERT INTO `sys_role_menu` VALUES (100, 2029);
INSERT INTO `sys_role_menu` VALUES (100, 2030);
INSERT INTO `sys_role_menu` VALUES (100, 2031);
INSERT INTO `sys_role_menu` VALUES (100, 2032);
INSERT INTO `sys_role_menu` VALUES (100, 2033);
INSERT INTO `sys_role_menu` VALUES (100, 2034);
INSERT INTO `sys_role_menu` VALUES (100, 2035);
INSERT INTO `sys_role_menu` VALUES (100, 2036);
INSERT INTO `sys_role_menu` VALUES (100, 2037);
INSERT INTO `sys_role_menu` VALUES (100, 2038);

-- ----------------------------
-- Table structure for sys_user
-- ----------------------------
DROP TABLE IF EXISTS `sys_user`;
CREATE TABLE `sys_user`  (
  `user_id` bigint NOT NULL AUTO_INCREMENT COMMENT '用户ID',
  `dept_id` bigint NULL DEFAULT NULL COMMENT '部门ID',
  `user_name` varchar(30) CHARACTER SET utf8mb4 COLLATE utf8mb4_0900_ai_ci NOT NULL COMMENT '用户账号',
  `nick_name` varchar(30) CHARACTER SET utf8mb4 COLLATE utf8mb4_0900_ai_ci NOT NULL COMMENT '用户昵称',
  `user_type` varchar(2) CHARACTER SET utf8mb4 COLLATE utf8mb4_0900_ai_ci NULL DEFAULT '00' COMMENT '用户类型（00系统用户）',
  `email` varchar(50) CHARACTER SET utf8mb4 COLLATE utf8mb4_0900_ai_ci NULL DEFAULT '' COMMENT '用户邮箱',
  `phonenumber` varchar(11) CHARACTER SET utf8mb4 COLLATE utf8mb4_0900_ai_ci NULL DEFAULT '' COMMENT '手机号码',
  `sex` char(1) CHARACTER SET utf8mb4 COLLATE utf8mb4_0900_ai_ci NULL DEFAULT '0' COMMENT '用户性别（0男 1女 2未知）',
  `avatar` varchar(100) CHARACTER SET utf8mb4 COLLATE utf8mb4_0900_ai_ci NULL DEFAULT '' COMMENT '头像地址',
  `password` varchar(100) CHARACTER SET utf8mb4 COLLATE utf8mb4_0900_ai_ci NULL DEFAULT '' COMMENT '密码',
  `status` char(1) CHARACTER SET utf8mb4 COLLATE utf8mb4_0900_ai_ci NULL DEFAULT '0' COMMENT '帐号状态（0正常 1停用）',
  `del_flag` char(1) CHARACTER SET utf8mb4 COLLATE utf8mb4_0900_ai_ci NULL DEFAULT '0' COMMENT '删除标志（0代表存在 2代表删除）',
  `login_ip` varchar(128) CHARACTER SET utf8mb4 COLLATE utf8mb4_0900_ai_ci NULL DEFAULT '' COMMENT '最后登录IP',
  `login_date` datetime NULL DEFAULT NULL COMMENT '最后登录时间',
  `create_by` varchar(64) CHARACTER SET utf8mb4 COLLATE utf8mb4_0900_ai_ci NULL DEFAULT '' COMMENT '创建者',
  `create_time` datetime NULL DEFAULT NULL COMMENT '创建时间',
  `update_by` varchar(64) CHARACTER SET utf8mb4 COLLATE utf8mb4_0900_ai_ci NULL DEFAULT '' COMMENT '更新者',
  `update_time` datetime NULL DEFAULT NULL COMMENT '更新时间',
  `remark` varchar(500) CHARACTER SET utf8mb4 COLLATE utf8mb4_0900_ai_ci NULL DEFAULT NULL COMMENT '备注',
  PRIMARY KEY (`user_id`) USING BTREE
) ENGINE = InnoDB AUTO_INCREMENT = 121 CHARACTER SET = utf8mb4 COLLATE = utf8mb4_0900_ai_ci COMMENT = '用户信息表' ROW_FORMAT = Dynamic;

-- ----------------------------
-- Records of sys_user
-- ----------------------------
INSERT INTO `sys_user` VALUES (1, 103, 'admin', '若依', '00', 'ry@163.com', '15888888888', '1', '/profile/avatar/2023/07/12/blob_20230712152057A001.png', '$2a$10$7JB720yubVSZvUI0rEqK/.VqGOZTH.ulu33dHOiBE8ByOhJIrdAu2', '0', '0', '127.0.0.1', '2023-07-28 21:34:32', 'admin', '2023-07-11 09:17:48', '', '2023-07-28 21:34:36', '管理员');
INSERT INTO `sys_user` VALUES (2, 105, 'ry', '若依', '00', 'ry@qq.com', '15666666666', '1', '', '$2a$10$7JB720yubVSZvUI0rEqK/.VqGOZTH.ulu33dHOiBE8ByOhJIrdAu2', '0', '0', '127.0.0.1', '2023-07-11 09:17:48', 'admin', '2023-07-11 09:17:48', '', NULL, '测试员');
INSERT INTO `sys_user` VALUES (119, NULL, 'org', '珠海市监管机构', '00', '', '', '0', '', '$2a$10$eBSsnM4.AK5fKARlnrlDqOh/smOhxoErY9wcMyAo9dUT7M1QMqE.m', '0', '0', '127.0.0.1', '2023-07-28 16:54:06', '', '2023-07-28 16:31:53', '', '2023-07-28 16:54:09', NULL);
INSERT INTO `sys_user` VALUES (120, NULL, 'zyh', '珠海市有限公司', '00', '2756864799@qq.com', '', '0', '', '$2a$10$RaS6KBzakDS8lUIroZ.iZu1YW3FcgpQl2YgpQqm0Wwl0t6bvpO10O', '0', '0', '', NULL, '', '2023-07-28 16:34:55', '', NULL, NULL);

-- ----------------------------
-- Table structure for sys_user_post
-- ----------------------------
DROP TABLE IF EXISTS `sys_user_post`;
CREATE TABLE `sys_user_post`  (
  `user_id` bigint NOT NULL COMMENT '用户ID',
  `post_id` bigint NOT NULL COMMENT '岗位ID',
  PRIMARY KEY (`user_id`, `post_id`) USING BTREE
) ENGINE = InnoDB CHARACTER SET = utf8mb4 COLLATE = utf8mb4_0900_ai_ci COMMENT = '用户与岗位关联表' ROW_FORMAT = Dynamic;

-- ----------------------------
-- Records of sys_user_post
-- ----------------------------
INSERT INTO `sys_user_post` VALUES (1, 1);
INSERT INTO `sys_user_post` VALUES (2, 2);

-- ----------------------------
-- Table structure for sys_user_role
-- ----------------------------
DROP TABLE IF EXISTS `sys_user_role`;
CREATE TABLE `sys_user_role`  (
  `user_id` bigint NOT NULL COMMENT '用户ID',
  `role_id` bigint NOT NULL COMMENT '角色ID',
  PRIMARY KEY (`user_id`, `role_id`) USING BTREE
) ENGINE = InnoDB CHARACTER SET = utf8mb4 COLLATE = utf8mb4_0900_ai_ci COMMENT = '用户和角色关联表' ROW_FORMAT = Dynamic;

-- ----------------------------
-- Records of sys_user_role
-- ----------------------------
INSERT INTO `sys_user_role` VALUES (1, 1);
INSERT INTO `sys_user_role` VALUES (2, 2);
INSERT INTO `sys_user_role` VALUES (104, 100);
INSERT INTO `sys_user_role` VALUES (105, 100);
INSERT INTO `sys_user_role` VALUES (114, 100);
INSERT INTO `sys_user_role` VALUES (116, 100);
INSERT INTO `sys_user_role` VALUES (119, 100);

SET FOREIGN_KEY_CHECKS = 1;
